{"type":"FeatureCollection","crs":{"type":"name","properties":{"name":"EPSG:4326"}},"features":[{"type":"Feature","id":2800,"geometry":{"type":"Polygon","coordinates":[[[79.97541,11.985719999999997],[79.97591,11.985889999999998],[79.977679999999992,11.98669],[79.97954,11.987579999999998],[79.980229999999992,11.987829999999999],[79.98198,11.98848],[79.98315,11.989069999999998],[79.98521,11.990459999999999],[79.98673,11.99129],[79.98804,11.991869999999999],[79.988769999999988,11.992119999999996],[79.992259999999987,11.992359999999998],[79.993959999999987,11.992639999999998],[79.99662,11.993039999999997],[79.9981,11.993499999999997],[80.000229999999988,11.994459999999997],[80.002419999999987,11.99561],[80.00466999999999,11.997129999999999],[80.00533999999999,11.99777],[80.00577,11.998209999999997],[80.006909999999991,11.999009999999998],[80.00962,12.000639999999997],[80.01101,12.001629999999999],[80.01158,12.002089999999999],[80.01303999999999,12.003459999999997],[80.01495,12.005549999999996],[80.01648999999999,12.007199999999997],[80.01709,12.007879999999997],[80.01800999999999,12.009249999999998],[80.018329999999992,12.009839999999997],[80.019359999999992,12.012919999999998],[80.01988999999999,12.014389999999999],[80.02058,12.015889999999999],[80.02122,12.017709999999997],[80.021539999999987,12.018859999999997],[80.021689999999992,12.019589999999997],[80.021729999999991,12.020469999999996],[80.02156,12.021339999999999],[80.0212,12.022079999999999],[80.02053,12.022899999999996],[80.01978,12.023869999999999],[80.0195,12.024429999999999],[80.01946,12.024869999999996],[80.019259999999989,12.025619999999996],[80.01858,12.027469999999997],[80.017959999999988,12.028819999999996],[80.016809999999992,12.03136],[80.01504,12.035779999999999],[80.01406,12.037779999999998],[80.01343,12.03934],[80.01297,12.038839999999997],[80.01235,12.038359999999997],[80.01159,12.037899999999997],[80.01101,12.03737],[80.01069,12.03681],[80.010479999999987,12.035999999999998],[80.009809999999987,12.035269999999997],[80.008929999999992,12.034029999999998],[80.00822,12.03249],[80.00649,12.030069999999998],[80.005209999999991,12.028059999999996],[80.004809999999992,12.027089999999998],[80.00281,12.023209999999999],[80.00258,12.022959999999998],[80.00205,12.022659999999998],[80.00175999999999,12.022329999999997],[80.00124,12.021539999999998],[80.00071,12.020899999999997],[79.99981,12.019479999999998],[79.99765,12.017739999999996],[79.99682,12.01747],[79.995929999999987,12.017269999999996],[79.9951,12.01719],[79.994289999999992,12.017239999999997],[79.99332,12.017399999999999],[79.99020999999999,12.018209999999996],[79.98831,12.018519999999999],[79.987069999999989,12.018609999999999],[79.9853,12.018649999999997],[79.98391,12.018469999999997],[79.982769999999988,12.018169999999998],[79.981829999999988,12.017709999999997],[79.981339999999989,12.017319999999998],[79.980889999999988,12.016739999999999],[79.979589999999988,12.014349999999997],[79.979099999999988,12.013709999999996],[79.978619999999992,12.013199999999998],[79.97833,12.012999999999998],[79.97774,12.01287],[79.97612,12.012799999999999],[79.974619999999987,12.012809999999998],[79.973559999999992,12.012909999999998],[79.97295,12.01316],[79.97233,12.013369999999998],[79.97191,12.013409999999997],[79.971409999999992,12.013279999999998],[79.968799999999987,12.012049999999999],[79.96736,12.01166],[79.966,12.011489999999998],[79.965129999999988,12.011569999999999],[79.964099999999988,12.011919999999996],[79.96207,12.012459999999997],[79.961199999999991,12.01241],[79.960619999999992,12.012489999999996],[79.95961,12.012769999999996],[79.95792999999999,12.013269999999999],[79.95673,12.013539999999999],[79.956189999999992,12.013539999999999],[79.955279999999988,12.013429999999996],[79.954609999999988,12.013359999999999],[79.953769999999992,12.013179999999998],[79.953499999999991,12.013219999999997],[79.952589999999987,12.013289999999998],[79.95141,12.01334],[79.95078,12.013519999999996],[79.95033,12.013669999999998],[79.94948,12.013969999999997],[79.94712,12.014799999999997],[79.946069999999992,12.015229999999999],[79.94556,12.015519999999999],[79.94393,12.016129999999997],[79.942979999999991,12.016469999999998],[79.94218,12.016829999999999],[79.94152,12.017149999999997],[79.94103,12.017449999999997],[79.94068,12.017799999999998],[79.94032,12.01832],[79.93996,12.018719999999998],[79.939619999999991,12.018909999999998],[79.93942,12.018949999999997],[79.938449999999989,12.019089999999998],[79.938039999999987,12.01916],[79.93766,12.019239999999996],[79.93728999999999,12.019379999999998],[79.93695,12.019379999999998],[79.93659,12.019469999999998],[79.93605,12.019739999999999],[79.935629999999989,12.019969999999997],[79.93503,12.020369999999996],[79.934599999999989,12.020499999999998],[79.93323,12.021199999999997],[79.93177,12.021799999999999],[79.930569999999989,12.02235],[79.928919999999991,12.022929999999999],[79.927849999999992,12.023339999999997],[79.92714,12.023509999999998],[79.926309999999987,12.023769999999999],[79.9259,12.023839999999996],[79.925419999999988,12.023839999999996],[79.925699999999992,12.025249999999996],[79.92586,12.026309999999999],[79.92613,12.027629999999998],[79.92626,12.02836],[79.92626,12.028799999999997],[79.92621,12.029259999999997],[79.92613,12.029749999999996],[79.92593,12.030959999999997],[79.925959999999989,12.031509999999997],[79.92602,12.031859999999998],[79.92626,12.032369999999997],[79.926489999999987,12.03277],[79.92696,12.033659999999998],[79.927209999999988,12.033939999999998],[79.927879999999988,12.034679999999998],[79.92823,12.035169999999997],[79.92853,12.035529999999998],[79.929059999999993,12.035949999999996],[79.929399999999987,12.036299999999997],[79.92974,12.037049999999997],[79.930429999999987,12.038509999999999],[79.93064,12.038989999999998],[79.930849999999992,12.039169999999999],[79.93110999999999,12.039299999999997],[79.93163,12.039499999999997],[79.932099999999991,12.039669999999997],[79.93249999999999,12.039839999999998],[79.932729999999992,12.04],[79.933039999999991,12.040449999999996],[79.93316999999999,12.040819999999997],[79.93324,12.041249999999998],[79.933209999999988,12.041649999999997],[79.93306,12.042169999999999],[79.932639999999992,12.04309],[79.93234,12.044109999999996],[79.933799999999991,12.04431],[79.93422,12.044279999999997],[79.93538,12.043889999999998],[79.936389999999989,12.043809999999997],[79.937729999999988,12.044089999999997],[79.93874,12.044829999999997],[79.939919999999987,12.045899999999996],[79.93986,12.046269999999996],[79.93946,12.047299999999996],[79.93826,12.048979999999997],[79.93686,12.050749999999997],[79.93607999999999,12.051799999999997],[79.935589999999991,12.05182],[79.93512,12.051479999999998],[79.934599999999989,12.050959999999996],[79.93422,12.05032],[79.933939999999993,12.049689999999998],[79.93374,12.04844],[79.93334999999999,12.047529999999998],[79.932579999999987,12.047169999999998],[79.931969999999993,12.047109999999996],[79.930979999999991,12.047379999999997],[79.93072,12.047889999999999],[79.92992,12.048739999999999],[79.92942,12.049029999999998],[79.92916,12.049209999999999],[79.928639999999987,12.048579999999998],[79.92828999999999,12.048059999999996],[79.928,12.047559999999997],[79.927969999999988,12.047279999999997],[79.928029999999993,12.047099999999997],[79.92823,12.047019999999996],[79.92836,12.047019999999996],[79.92858,12.047139999999999],[79.92922999999999,12.047669999999997],[79.929759999999987,12.047919999999998],[79.93007999999999,12.047939999999997],[79.93034999999999,12.047849999999997],[79.93055,12.04769],[79.93052999999999,12.047179999999997],[79.93016999999999,12.046159999999997],[79.92969,12.044979999999999],[79.92943,12.044439999999998],[79.92903,12.04403],[79.92818,12.04337],[79.927669999999992,12.04281],[79.927669999999992,12.042409999999997],[79.92777,12.042169999999999],[79.927979999999991,12.041949999999996],[79.92804,12.041759999999996],[79.928029999999993,12.04169],[79.927969999999988,12.041549999999997],[79.927799999999991,12.041379999999997],[79.927569999999989,12.041269999999997],[79.92729,12.041239999999998],[79.927039999999991,12.041279999999997],[79.9267,12.041429999999998],[79.92626,12.041719999999998],[79.92604,12.041889999999999],[79.92581,12.042019999999997],[79.925609999999992,12.042169999999999],[79.92549,12.042269999999998],[79.925279999999987,12.042369999999998],[79.92508,12.042389999999997],[79.924849999999992,12.04244],[79.9245,12.042549999999999],[79.92414,12.042659999999998],[79.923729999999992,12.04291],[79.9236,12.043019999999999],[79.92329,12.04337],[79.92313,12.043709999999997],[79.92299,12.044159999999998],[79.92293,12.044359999999998],[79.922819999999987,12.044429999999998],[79.92264999999999,12.0445],[79.92255999999999,12.0445],[79.92227,12.044319999999999],[79.92084,12.042939999999998],[79.92039,12.042629999999999],[79.91986,12.042169999999999],[79.91928999999999,12.041459999999997],[79.91918,12.041159999999998],[79.919069999999991,12.040439999999997],[79.919119999999992,12.03934],[79.91909,12.038769999999996],[79.918939999999992,12.038219999999999],[79.91856,12.037499999999998],[79.918129999999991,12.036919999999999],[79.91752,12.036389999999997],[79.916339999999991,12.035579999999996],[79.915669999999992,12.034939999999999],[79.91469,12.033969999999997],[79.91494999999999,12.033719999999999],[79.91524,12.033339999999999],[79.915399999999991,12.03305],[79.9155,12.032549999999997],[79.91542,12.032029999999999],[79.916509999999988,12.031319999999997],[79.91662,12.030919999999998],[79.91592,12.029559999999996],[79.915029999999987,12.027989999999999],[79.913779999999988,12.025979999999997],[79.913519999999991,12.025659999999998],[79.91335,12.025569999999998],[79.91318,12.025599999999997],[79.912449999999993,12.025879999999997],[79.912079999999989,12.025939999999999],[79.91176999999999,12.025819999999996],[79.91107,12.025499999999997],[79.91063,12.025499999999997],[79.91008,12.025769999999998],[79.90946,12.025859999999998],[79.90865,12.025789999999997],[79.90749,12.025679999999998],[79.90576999999999,12.025759999999998],[79.90476,12.025849999999998],[79.903529999999989,12.0262],[79.9019,12.026699999999998],[79.90117,12.026919999999997],[79.90025,12.027099999999997],[79.89913,12.027589999999996],[79.898749999999993,12.027629999999998],[79.898329999999987,12.027379999999997],[79.897359999999992,12.026889999999998],[79.89705,12.026939999999996],[79.89631,12.027969999999996],[79.89600999999999,12.02817],[79.89514,12.02827],[79.894259999999989,12.028149999999997],[79.89412999999999,12.027819999999998],[79.89392,12.026869999999999],[79.893819999999991,12.025219999999997],[79.89379,12.024549999999998],[79.893859999999989,12.02329],[79.89419,12.021609999999999],[79.894269999999992,12.021209999999996],[79.894299999999987,12.021069999999998],[79.8959,12.021059999999999],[79.89752,12.021079999999998],[79.89900999999999,12.021169999999998],[79.90059,12.021279999999997],[79.90167,12.021199999999997],[79.902899999999988,12.021249999999998],[79.90239,12.019979999999997],[79.9018,12.018769999999996],[79.901599999999988,12.01813],[79.90149,12.017439999999997],[79.90133999999999,12.015089999999997],[79.90135,12.012699999999999],[79.902779999999993,12.012229999999999],[79.90623,12.010659999999998],[79.908729999999991,12.009729999999998],[79.91174,12.008789999999998],[79.9134,12.008479999999999],[79.91479,12.008479999999999],[79.91563,12.008669999999999],[79.91975,12.009169999999997],[79.92178,12.009169999999997],[79.924039999999991,12.009149999999998],[79.925879999999992,12.008939999999999],[79.928209999999993,12.008719999999997],[79.93078,12.008629999999997],[79.93315,12.008759999999999],[79.93627,12.008889999999997],[79.940279999999987,12.009239999999998],[79.940789999999993,12.00922],[79.94215,12.008719999999997],[79.945299999999989,12.007889999999996],[79.94698,12.007359999999998],[79.95034,12.004399999999997],[79.950759999999988,12.003979999999999],[79.95324,12.001749999999998],[79.956179999999989,11.999239999999997],[79.960159999999988,11.996479999999998],[79.962589999999992,11.994559999999996],[79.96512,11.99251],[79.968399999999988,11.989889999999999],[79.97054,11.988229999999998],[79.97332999999999,11.986389999999997],[79.974669999999989,11.985729999999997],[79.97541,11.985719999999997]]]},"properties":{"AC_NO":30,"AC_NAME":"Yanam","DIST_NAME":"Yanam"}},{"type":"Feature","id":2801,"geometry":{"type":"MultiPolygon","coordinates":[[[[79.62788,12.03179],[79.62639,12.0319],[79.62529,12.03159],[79.62527,12.03036],[79.62588,12.03037],[79.62573,12.02854],[79.62648,12.02834],[79.62652,12.02716],[79.62728,12.02719],[79.62714,12.02383],[79.62755,12.02377],[79.62836,12.02409],[79.62924,12.01869],[79.62906,12.0183],[79.62771,12.01692],[79.62624,12.01525],[79.62514,12.01466],[79.62381,12.01447],[79.62275,12.01443],[79.62097,12.0143],[79.62096,12.01361],[79.62108,12.01141],[79.62126,12.01042],[79.62113,12.01025],[79.62054,12.00953],[79.61991,12.00783],[79.61982,12.00481],[79.61956,12.00423],[79.61905,12.00373],[79.61884,12.00194],[79.61888,12.00143],[79.61888,12.00128],[79.61964,12.00125],[79.61963,12.00041],[79.62162,12.00042],[79.62467,12.00035],[79.62625,12.00038],[79.62614,11.99961],[79.62562,11.99735],[79.62482,11.99485],[79.62458,11.99338],[79.62439,11.99184],[79.62396,11.99024],[79.62359,11.98928],[79.6205,11.98935],[79.61711,11.98957],[79.61721,11.98779],[79.61784,11.98777],[79.61781,11.98668],[79.61742,11.98668],[79.6174,11.98626],[79.61739,11.98566],[79.61794,11.98566],[79.61795,11.9849],[79.61972,11.98485],[79.61972,11.98394],[79.62076,11.98394],[79.62076,11.98303],[79.62078,11.98242],[79.62435,11.98178],[79.62419,11.98003],[79.62379,11.97997],[79.62372,11.97855],[79.62412,11.97852],[79.62411,11.97709],[79.62451,11.97707],[79.6245,11.976],[79.62194,11.97368],[79.62,11.97206],[79.61855,11.97085],[79.61854,11.97048],[79.61852,11.96994],[79.62242,11.96987],[79.62248,11.96927],[79.62359,11.9691],[79.62512,11.96875],[79.62669,11.9683],[79.62747,11.96808],[79.62738,11.96774],[79.62689,11.96599],[79.62676,11.96551],[79.6266,11.9648],[79.62662,11.96405],[79.62669,11.96374],[79.62682,11.96342],[79.62707,11.96289],[79.6271,11.96234],[79.62718,11.96198],[79.62741,11.9615],[79.62787,11.96091],[79.62806,11.96027],[79.62817,11.95989],[79.62836,11.9597],[79.62866,11.95951],[79.62869,11.95711],[79.62869,11.95696],[79.62871,11.95639],[79.62868,11.95406],[79.62859,11.95039],[79.62843,11.94724],[79.62838,11.94562],[79.62849,11.94518],[79.6301,11.94406],[79.63198,11.94348],[79.63566,11.94244],[79.63834,11.94193],[79.64021,11.94153],[79.64301,11.9414],[79.64575,11.94126],[79.6479,11.94276],[79.64787,11.94455],[79.64708,11.9445],[79.64607,11.94434],[79.64515,11.94403],[79.64465,11.9437],[79.64269,11.94212],[79.6426,11.9438],[79.64254,11.94522],[79.64243,11.94729],[79.64185,11.94783],[79.64189,11.94975],[79.64222,11.95389],[79.64441,11.95371],[79.64728,11.95343],[79.64744,11.95548],[79.647,11.95596],[79.64689,11.95621],[79.64687,11.9568],[79.64737,11.95785],[79.64764,11.95845],[79.64746,11.95917],[79.64733,11.95989],[79.64739,11.96042],[79.64775,11.96178],[79.64758,11.96306],[79.64758,11.9641],[79.64774,11.96495],[79.64798,11.96577],[79.64815,11.96638],[79.64824,11.96677],[79.64832,11.96733],[79.6479,11.96764],[79.64701,11.96818],[79.64595,11.96877],[79.64492,11.96918],[79.64365,11.96971],[79.6425,11.97007],[79.64133,11.97043],[79.64137,11.97084],[79.64099,11.97117],[79.64088,11.97235],[79.64085,11.97288],[79.64049,11.97322],[79.64037,11.97379],[79.64032,11.97532],[79.64027,11.97621],[79.63902,11.97675],[79.63637,11.97782],[79.63696,11.97945],[79.6373,11.98098],[79.63735,11.98203],[79.63738,11.98248],[79.63737,11.98283],[79.63776,11.98463],[79.6384,11.98629],[79.63913,11.98816],[79.63973,11.98802],[79.63999,11.98853],[79.64,11.9902],[79.63976,11.99021],[79.63973,11.99144],[79.63964,11.99145],[79.63999,11.99268],[79.63947,11.993],[79.63814,11.99374],[79.63748,11.99419],[79.63721,11.99472],[79.63666,11.9953],[79.63611,11.99571],[79.63599,11.99603],[79.63619,11.99713],[79.63645,11.99804],[79.63701,11.9979],[79.63719,11.9984],[79.63842,11.99835],[79.64002,11.99821],[79.64121,11.99822],[79.64149,11.99837],[79.64192,11.99873],[79.64233,11.99929],[79.64276,12.00037],[79.64294,12.00087],[79.64317,12.00143],[79.64432,12.0055],[79.64602,12.00566],[79.64663,12.0092],[79.64685,12.0123],[79.64747,12.01238],[79.6471,12.01342],[79.64843,12.01629],[79.64758,12.01629],[79.64779,12.0169],[79.64845,12.01951],[79.65141,12.02132],[79.65136,12.0223],[79.65083,12.02349],[79.65041,12.0239],[79.64984,12.02407],[79.64826,12.02476],[79.64721,12.02531],[79.64653,12.02591],[79.64518,12.02692],[79.64401,12.0276],[79.64288,12.02784],[79.64118,12.02807],[79.6401,12.02797],[79.6392,12.02769],[79.63838,12.02728],[79.63754,12.02674],[79.63621,12.02853],[79.63593,12.02884],[79.63576,12.02887],[79.6352,12.02968],[79.63487,12.02958],[79.63478,12.02966],[79.63437,12.0297],[79.6339,12.02965],[79.63388,12.02961],[79.63357,12.02966],[79.633,12.02998],[79.6325,12.03039],[79.63244,12.03047],[79.63147,12.03105],[79.63032,12.0312],[79.62997,12.03132],[79.62932,12.03115],[79.62788,12.03179]]],[[[79.69503,12.03556],[79.69402,12.03541],[79.69276,12.03529],[79.69173,12.0315],[79.69118,12.02865],[79.68935,12.02906],[79.68868,12.02753],[79.68754,12.0276],[79.68747,12.02675],[79.68655,12.02677],[79.68645,12.02572],[79.68572,12.02523],[79.68504,12.02358],[79.68418,12.0217],[79.67921,12.0216],[79.67648,12.02157],[79.67481,12.01766],[79.67467,12.01558],[79.67328,12.01392],[79.67237,12.00998],[79.67223,12.0097],[79.67009,12.00964],[79.66919,12.00979],[79.66779,12.01043],[79.66699,12.01082],[79.66546,12.01145],[79.66398,12.01166],[79.66224,12.01194],[79.66153,12.01221],[79.66136,12.0123],[79.66046,12.00857],[79.66017,12.00699],[79.65934,12.0072],[79.65854,12.00457],[79.65832,12.00377],[79.65899,12.00359],[79.65879,12.00257],[79.65955,12.00243],[79.65918,12.00144],[79.65904,12.00118],[79.65845,11.99954],[79.65809,11.99872],[79.65759,11.99713],[79.65727,11.99555],[79.65691,11.9936],[79.65673,11.99227],[79.65694,11.99156],[79.6573,11.99133],[79.65805,11.99114],[79.65857,11.99112],[79.65874,11.991],[79.65894,11.9907],[79.6593,11.99057],[79.66001,11.99044],[79.66056,11.99024],[79.66073,11.99004],[79.66069,11.9897],[79.6607,11.98952],[79.66069,11.98924],[79.66086,11.98919],[79.66115,11.98932],[79.66152,11.98959],[79.66173,11.98963],[79.66213,11.98954],[79.66253,11.9895],[79.66286,11.98958],[79.66336,11.99016],[79.66373,11.99036],[79.66519,11.99049],[79.66657,11.99077],[79.66726,11.99091],[79.66755,11.99125],[79.66809,11.99174],[79.66868,11.99218],[79.66909,11.99245],[79.66984,11.99275],[79.67035,11.99287],[79.67069,11.99313],[79.67123,11.99365],[79.67158,11.99435],[79.67206,11.99476],[79.67266,11.99484],[79.67295,11.99487],[79.67385,11.99505],[79.67398,11.99415],[79.67423,11.99294],[79.67457,11.99215],[79.67504,11.99122],[79.67618,11.98962],[79.67676,11.98881],[79.67731,11.98765],[79.67764,11.98676],[79.67797,11.98624],[79.67825,11.9859],[79.67964,11.98441],[79.68083,11.98334],[79.68094,11.9835],[79.68118,11.98413],[79.68138,11.98556],[79.68192,11.98562],[79.6828,11.98698],[79.68312,11.98805],[79.68321,11.98866],[79.6833,11.98911],[79.68398,11.98942],[79.68431,11.9897],[79.68497,11.99051],[79.68541,11.99162],[79.68678,11.99096],[79.68834,11.99038],[79.68969,11.98999],[79.69134,11.98974],[79.69267,11.98987],[79.69352,11.9899],[79.69354,11.99027],[79.6939,11.9903],[79.69396,11.99106],[79.69459,11.99105],[79.69467,11.99195],[79.69734,11.99193],[79.69839,11.99188],[79.70008,11.9917],[79.70021,11.99207],[79.70144,11.99186],[79.70161,11.99341],[79.70218,11.99341],[79.70222,11.99415],[79.70343,11.99409],[79.70542,11.99395],[79.70558,11.99456],[79.70616,11.99453],[79.70685,11.99433],[79.70719,11.99404],[79.70895,11.99312],[79.71139,11.99206],[79.7134,11.99107],[79.71358,11.99101],[79.71447,11.99069],[79.71583,11.99046],[79.71643,11.99039],[79.7179,11.99041],[79.71806,11.99079],[79.71817,11.99157],[79.71772,11.99163],[79.71777,11.99224],[79.7196,11.99217],[79.71963,11.99289],[79.71801,11.99292],[79.71826,11.99444],[79.71837,11.99519],[79.71741,11.99598],[79.7175,11.99775],[79.7154,11.99819],[79.71545,11.9992],[79.71503,11.99938],[79.71511,12.0002],[79.7131,12.00122],[79.71287,12.00142],[79.71145,12.00141],[79.71143,12.00233],[79.71103,12.0023],[79.7111,12.00366],[79.70925,12.00429],[79.70903,12.0069],[79.70734,12.00703],[79.70737,12.0078],[79.70556,12.00834],[79.70556,12.00978],[79.70482,12.00977],[79.70478,12.01032],[79.70368,12.01029],[79.7037,12.011],[79.70281,12.01107],[79.703,12.01398],[79.70315,12.01549],[79.70315,12.01621],[79.70346,12.01645],[79.70355,12.01793],[79.7037,12.01979],[79.7041,12.02009],[79.70393,12.02119],[79.7041,12.0221],[79.70435,12.02402],[79.70472,12.02511],[79.7052,12.02713],[79.70528,12.02758],[79.70521,12.02858],[79.70477,12.03198],[79.70357,12.03191],[79.70328,12.03299],[79.70174,12.03301],[79.70169,12.0332],[79.7011,12.0332],[79.70072,12.03406],[79.69945,12.03403],[79.69893,12.03401],[79.6989,12.03308],[79.69723,12.03323],[79.69649,12.03537],[79.69503,12.03474],[79.69503,12.03556]]]]},"properties":{"AC_NO":1,"AC_NAME":"Mannadipet","DIST_NAME":"Pondicherry"}},{"type":"Feature","id":2802,"geometry":{"type":"MultiPolygon","coordinates":[[[[79.76972,11.944],[79.76891,11.94403],[79.76623,11.94415],[79.7651,11.94422],[79.7635,11.94422],[79.76262,11.94351],[79.75988,11.94365],[79.75974,11.94263],[79.75973,11.94115],[79.75975,11.94005],[79.76042,11.9401],[79.76045,11.93918],[79.76037,11.93849],[79.76036,11.93597],[79.76045,11.93433],[79.76064,11.93207],[79.76093,11.93074],[79.76211,11.93086],[79.76213,11.92859],[79.76119,11.92852],[79.76137,11.92842],[79.76185,11.92822],[79.76954,11.92895],[79.76896,11.93086],[79.76748,11.93131],[79.76675,11.93227],[79.76622,11.93272],[79.76531,11.93271],[79.76489,11.93333],[79.76529,11.93419],[79.76719,11.93507],[79.76933,11.93511],[79.7705,11.93575],[79.7712,11.93796],[79.77115,11.93841],[79.77088,11.9411],[79.76922,11.94216],[79.76972,11.944]]],[[[79.75618,12.0041],[79.75457,12.00468],[79.7521,12.00595],[79.75057,12.00664],[79.74857,12.00713],[79.74756,12.00783],[79.74678,12.0069],[79.74662,12.00587],[79.74596,12.00585],[79.74571,12.00458],[79.74555,12.00433],[79.74535,12.00407],[79.74476,12.0028],[79.74312,12.00331],[79.74258,12.00141],[79.7426,12.00117],[79.74002,12.0013],[79.73982,12.00086],[79.73768,12.00092],[79.73747,11.99843],[79.73698,11.9984],[79.73692,11.99785],[79.73585,11.99782],[79.73573,11.99744],[79.73477,11.99745],[79.73448,11.99664],[79.73388,11.99456],[79.73339,11.99326],[79.7319,11.99351],[79.73165,11.99289],[79.72899,11.99357],[79.72825,11.99229],[79.72428,11.99288],[79.72333,11.99307],[79.7231,11.99246],[79.72055,11.99269],[79.72004,11.99185],[79.7198,11.99149],[79.71966,11.99093],[79.71956,11.99025],[79.7194,11.98921],[79.71869,11.98835],[79.71705,11.98641],[79.71584,11.98485],[79.71493,11.98486],[79.71452,11.98495],[79.71463,11.98636],[79.71237,11.98647],[79.71217,11.98506],[79.71186,11.98356],[79.71129,11.98087],[79.7109,11.97897],[79.7104,11.97693],[79.71017,11.97672],[79.70927,11.97573],[79.71079,11.97564],[79.71087,11.97458],[79.71222,11.97437],[79.7124,11.97354],[79.71288,11.97347],[79.71296,11.97306],[79.71393,11.97249],[79.71462,11.97271],[79.7146,11.9722],[79.71529,11.97164],[79.71597,11.97102],[79.71577,11.9699],[79.71499,11.96762],[79.71437,11.96772],[79.71416,11.96698],[79.71245,11.96742],[79.71196,11.9675],[79.71153,11.96752],[79.71131,11.96714],[79.71079,11.96724],[79.71014,11.96572],[79.70853,11.96586],[79.70604,11.96632],[79.70582,11.96707],[79.70493,11.96714],[79.70339,11.96706],[79.70312,11.9662],[79.70365,11.96547],[79.70285,11.96477],[79.70184,11.96487],[79.70147,11.96367],[79.70101,11.96266],[79.70011,11.96284],[79.70006,11.96276],[79.70122,11.95115],[79.70242,11.94956],[79.70388,11.94795],[79.70492,11.94578],[79.70796,11.94409],[79.70797,11.94496],[79.70792,11.94597],[79.70789,11.94657],[79.70835,11.94671],[79.70831,11.94759],[79.70915,11.94752],[79.70934,11.94887],[79.70962,11.94984],[79.71085,11.9493],[79.71291,11.94816],[79.71654,11.94668],[79.72085,11.9449],[79.72078,11.94426],[79.72045,11.94242],[79.72017,11.94071],[79.7198,11.93914],[79.71917,11.93638],[79.71875,11.93491],[79.71805,11.93277],[79.71782,11.93174],[79.71804,11.93155],[79.71789,11.93084],[79.71748,11.92897],[79.7183,11.92825],[79.72124,11.92638],[79.72229,11.9256],[79.72452,11.92386],[79.72551,11.92311],[79.72606,11.92253],[79.72654,11.92175],[79.72726,11.92063],[79.72858,11.91869],[79.72908,11.91798],[79.72955,11.91739],[79.73026,11.91654],[79.73113,11.91515],[79.73163,11.91441],[79.73228,11.91356],[79.73317,11.91275],[79.73379,11.91246],[79.73444,11.91198],[79.73464,11.9118],[79.73525,11.91236],[79.73566,11.91419],[79.73605,11.91655],[79.73749,11.91715],[79.73782,11.91956],[79.7391,11.9197],[79.74142,11.9198],[79.74356,11.91977],[79.74501,11.92094],[79.74492,11.92262],[79.7449,11.9237],[79.74406,11.92658],[79.74311,11.92867],[79.74413,11.92995],[79.74804,11.92959],[79.74912,11.92946],[79.7491,11.93009],[79.74892,11.93373],[79.7488,11.93636],[79.74876,11.93825],[79.74881,11.9409],[79.74862,11.94422],[79.74829,11.94576],[79.74798,11.94715],[79.74746,11.94961],[79.74733,11.95065],[79.74683,11.95318],[79.74662,11.95422],[79.74616,11.95656],[79.74599,11.95764],[79.74559,11.95954],[79.74539,11.96039],[79.74499,11.96258],[79.74481,11.96372],[79.74452,11.96493],[79.74274,11.96564],[79.74167,11.96592],[79.73996,11.96649],[79.73786,11.96728],[79.73667,11.96768],[79.7342,11.96848],[79.7333,11.96878],[79.73247,11.96911],[79.73039,11.97027],[79.72997,11.97049],[79.72907,11.97078],[79.72779,11.97112],[79.72603,11.97121],[79.72447,11.97126],[79.72439,11.97217],[79.72424,11.9728],[79.72392,11.97363],[79.72379,11.97408],[79.72359,11.97531],[79.72353,11.97622],[79.72351,11.97684],[79.72355,11.97754],[79.7236,11.97814],[79.72375,11.97859],[79.72413,11.97944],[79.72446,11.97943],[79.72543,11.98179],[79.72592,11.98352],[79.72644,11.98568],[79.72693,11.98582],[79.72809,11.98589],[79.72876,11.98596],[79.73037,11.98589],[79.73034,11.98537],[79.72984,11.98534],[79.72965,11.98513],[79.72957,11.98465],[79.73013,11.98424],[79.73022,11.98387],[79.73021,11.98321],[79.73077,11.98316],[79.73086,11.98256],[79.73187,11.98249],[79.73182,11.98176],[79.73194,11.98148],[79.73276,11.98111],[79.73347,11.98088],[79.73423,11.98035],[79.73513,11.97947],[79.73555,11.97915],[79.736,11.979],[79.73622,11.97897],[79.73757,11.9789],[79.73837,11.97888],[79.74018,11.97851],[79.74017,11.9782],[79.74106,11.97791],[79.74189,11.97768],[79.7428,11.97777],[79.74315,11.9788],[79.74338,11.97938],[79.74387,11.98011],[79.7462,11.98254],[79.74811,11.98471],[79.74861,11.98456],[79.74884,11.98451],[79.74992,11.98446],[79.75185,11.98432],[79.75197,11.9849],[79.75292,11.98493],[79.75321,11.98613],[79.75428,11.98616],[79.75516,11.98801],[79.75546,11.98834],[79.7559,11.98851],[79.75697,11.98837],[79.75807,11.98873],[79.75988,11.98903],[79.76036,11.98924],[79.76148,11.99115],[79.76201,11.99317],[79.76221,11.99478],[79.76229,11.99604],[79.76235,11.99857],[79.76223,11.99997],[79.76207,12.0014],[79.76238,12.00267],[79.76155,12.00293],[79.75976,12.00358],[79.75926,12.00379],[79.75838,12.00387],[79.75765,12.00389],[79.7569,12.00387],[79.75618,12.0041]]]]},"properties":{"AC_NO":3,"AC_NAME":"Ossudu (SC)","DIST_NAME":"Pondicherry"}},{"type":"Feature","id":2803,"geometry":{"type":"MultiPolygon","coordinates":[[[[79.82164,11.96956],[79.82138,11.97001],[79.82086,11.97082],[79.82071,11.97124],[79.82015,11.97308],[79.81983,11.97402],[79.81958,11.97533],[79.81895,11.97687],[79.81844,11.97793],[79.81797,11.97822],[79.81697,11.97874],[79.81623,11.97907],[79.81576,11.97899],[79.81386,11.9784],[79.81254,11.97793],[79.81129,11.97683],[79.81074,11.97633],[79.80975,11.97527],[79.80875,11.97331],[79.80832,11.9725],[79.80727,11.96981],[79.80713,11.96951],[79.80641,11.96807],[79.80609,11.96659],[79.80582,11.9657],[79.80528,11.96363],[79.80656,11.96354],[79.80683,11.96352],[79.80806,11.96312],[79.80978,11.96287],[79.80974,11.96232],[79.8098,11.96034],[79.81091,11.95879],[79.81125,11.95877],[79.81351,11.95856],[79.81614,11.95852],[79.81639,11.95856],[79.8161,11.95999],[79.81566,11.96156],[79.81521,11.96298],[79.81546,11.96423],[79.81579,11.96629],[79.81629,11.96895],[79.81769,11.96781],[79.81868,11.96687],[79.81905,11.96643],[79.82071,11.96431],[79.82113,11.96383],[79.8202,11.96377],[79.82056,11.96248],[79.82068,11.96037],[79.82171,11.95978],[79.82253,11.95968],[79.82272,11.95897],[79.82274,11.95779],[79.82388,11.95756],[79.82472,11.9576],[79.82505,11.95775],[79.82837,11.95872],[79.82751,11.95943],[79.82601,11.96065],[79.82481,11.96156],[79.82455,11.96202],[79.82442,11.96252],[79.82375,11.96365],[79.82296,11.96477],[79.82228,11.96581],[79.82211,11.9663],[79.8221,11.96701],[79.82185,11.96836],[79.82164,11.96956]]],[[[79.79434,12.02584],[79.79293,12.02617],[79.79209,12.02649],[79.79134,12.02713],[79.79091,12.02729],[79.79016,12.02753],[79.78929,12.02769],[79.78937,12.02686],[79.78947,12.02505],[79.78949,12.02377],[79.7895,12.02197],[79.78914,12.02081],[79.78832,12.01924],[79.78975,12.01881],[79.79089,12.01853],[79.79251,12.01801],[79.79322,12.0178],[79.79479,12.01734],[79.79598,12.01709],[79.79706,12.01698],[79.79833,12.01695],[79.80092,12.01697],[79.80098,12.01779],[79.80111,12.01808],[79.80168,12.01846],[79.80232,12.01913],[79.80289,12.0196],[79.8032,12.01969],[79.80381,12.01992],[79.80407,12.02008],[79.80415,12.02025],[79.80427,12.02068],[79.80419,12.02108],[79.80412,12.02138],[79.80435,12.02143],[79.80477,12.02148],[79.80512,12.02162],[79.80539,12.0218],[79.80552,12.02216],[79.80545,12.02251],[79.80514,12.02302],[79.80502,12.02343],[79.80502,12.02362],[79.80523,12.02386],[79.80534,12.02411],[79.80539,12.02435],[79.80531,12.02454],[79.80514,12.02467],[79.80468,12.02496],[79.80355,12.02567],[79.80316,12.02583],[79.80229,12.0259],[79.80141,12.02586],[79.80032,12.0258],[79.79908,12.0259],[79.79819,12.02591],[79.79709,12.02581],[79.79573,12.02576],[79.79434,12.02584]]],[[[79.85758,12.00778],[79.85809,12.00875],[79.85906,12.01117],[79.85964,12.0125],[79.86022,12.01382],[79.86086,12.01512],[79.86212,12.01766],[79.86272,12.01891],[79.86398,12.02176],[79.86501,12.0239],[79.86679,12.02756],[79.86754,12.02907],[79.86898,12.03186],[79.86957,12.03323],[79.87017,12.03461],[79.87042,12.03514],[79.87068,12.03567],[79.87169,12.03746],[79.87239,12.03909],[79.87308,12.04071],[79.87379,12.04262],[79.87353,12.04273],[79.87297,12.04297],[79.86984,12.04427],[79.87001,12.04474],[79.86707,12.04561],[79.86457,12.04632],[79.85561,12.04955],[79.85328,12.05044],[79.85137,12.05106],[79.84976,12.05182],[79.84881,12.04915],[79.84763,12.04587],[79.84567,12.041],[79.84514,12.03979],[79.84475,12.03837],[79.84452,12.03682],[79.84396,12.03558],[79.84345,12.03453],[79.84335,12.03411],[79.84333,12.03292],[79.84324,12.02877],[79.84319,12.02643],[79.84312,12.02348],[79.84296,12.02199],[79.84259,12.02082],[79.84175,12.01908],[79.84121,12.0173],[79.84096,12.01615],[79.84084,12.01508],[79.84047,12.01327],[79.8425,12.01253],[79.84496,12.01171],[79.84654,12.01109],[79.84854,12.01036],[79.84971,12.00993],[79.8512,12.00928],[79.85334,12.00835],[79.85541,12.00757],[79.85686,12.0069],[79.85706,12.00681],[79.85758,12.00778]]]]},"properties":{"AC_NO":12,"AC_NAME":"Kalapet","DIST_NAME":"Pondicherry"}},{"type":"Feature","id":2804,"geometry":{"type":"Polygon","coordinates":[[[79.80528,11.96363],[79.80518,11.96321],[79.80517,11.96285],[79.80486,11.95978],[79.80497,11.95648],[79.80504,11.95533],[79.80501,11.9533],[79.80328,11.95318],[79.80323,11.95322],[79.80323,11.95311],[79.80394,11.95181],[79.80427,11.95103],[79.80481,11.9504],[79.80543,11.94918],[79.80596,11.94832],[79.80732,11.94632],[79.80626,11.94999],[79.80595,11.95157],[79.8055,11.95219],[79.80549,11.95287],[79.80634,11.95268],[79.80722,11.9527],[79.80832,11.95232],[79.80846,11.95339],[79.80771,11.95492],[79.8077,11.95583],[79.80895,11.95569],[79.80918,11.95633],[79.81023,11.95623],[79.81031,11.9556],[79.81068,11.9556],[79.81079,11.95616],[79.81155,11.95609],[79.81168,11.95566],[79.81196,11.95566],[79.81207,11.95622],[79.81356,11.9562],[79.81421,11.95573],[79.81466,11.95582],[79.81465,11.95622],[79.81517,11.95622],[79.81526,11.95551],[79.81462,11.95546],[79.81426,11.95506],[79.81428,11.95411],[79.81477,11.954],[79.81496,11.95361],[79.81565,11.95288],[79.81522,11.95167],[79.81545,11.95141],[79.81523,11.95098],[79.81561,11.95079],[79.81584,11.94912],[79.81619,11.94915],[79.81926,11.94959],[79.81923,11.94988],[79.81937,11.95018],[79.81943,11.95054],[79.81948,11.95113],[79.81926,11.95158],[79.81856,11.95219],[79.81855,11.95293],[79.82388,11.95756],[79.82274,11.95779],[79.82272,11.95897],[79.82253,11.95968],[79.82171,11.95978],[79.82068,11.96037],[79.82056,11.96248],[79.8202,11.96377],[79.82113,11.96383],[79.82071,11.96431],[79.81905,11.96643],[79.81868,11.96687],[79.81769,11.96781],[79.81629,11.96895],[79.81579,11.96629],[79.81546,11.96423],[79.81521,11.96298],[79.81566,11.96156],[79.8161,11.95999],[79.81639,11.95856],[79.81614,11.95852],[79.81351,11.95856],[79.81125,11.95877],[79.81091,11.95879],[79.8098,11.96034],[79.80974,11.96232],[79.80978,11.96287],[79.80806,11.96312],[79.80683,11.96352],[79.80656,11.96354],[79.80528,11.96363]]]},"properties":{"AC_NO":11,"AC_NAME":"Lawspet","DIST_NAME":"Pondicherry"}},{"type":"Feature","id":2805,"geometry":{"type":"Polygon","coordinates":[[[79.80323,11.95322],[79.80123,11.95467],[79.7976,11.95669],[79.7958,11.95727],[79.79375,11.95819],[79.79166,11.95942],[79.79061,11.95965],[79.78835,11.95974],[79.78812,11.96042],[79.78763,11.96029],[79.78466,11.95991],[79.78455,11.95963],[79.78385,11.95767],[79.78342,11.95631],[79.78079,11.95657],[79.77995,11.95585],[79.77978,11.95498],[79.77941,11.95361],[79.77671,11.95374],[79.77661,11.95333],[79.77627,11.95177],[79.77532,11.9517],[79.77504,11.94978],[79.77378,11.94994],[79.77354,11.94907],[79.77314,11.94913],[79.77289,11.94778],[79.77216,11.94647],[79.77146,11.94393],[79.76972,11.944],[79.76922,11.94216],[79.77088,11.9411],[79.77115,11.93841],[79.7712,11.93796],[79.7705,11.93575],[79.77379,11.93591],[79.77485,11.93608],[79.77598,11.9358],[79.78012,11.93698],[79.78419,11.93726],[79.78519,11.93653],[79.78546,11.93855],[79.78469,11.93891],[79.78533,11.94152],[79.78603,11.94517],[79.78515,11.94836],[79.78491,11.94967],[79.78445,11.95155],[79.78435,11.95272],[79.78438,11.95364],[79.7847,11.95477],[79.78573,11.95437],[79.78667,11.95367],[79.78723,11.95297],[79.78911,11.95007],[79.79043,11.94696],[79.792,11.9471],[79.79353,11.94709],[79.79502,11.94694],[79.79534,11.94548],[79.79563,11.94344],[79.79609,11.94102],[79.79669,11.94099],[79.79687,11.94028],[79.79714,11.93998],[79.79741,11.93941],[79.798,11.93909],[79.79849,11.93972],[79.79846,11.94139],[79.8005,11.94151],[79.80067,11.94415],[79.79934,11.94509],[79.79984,11.94543],[79.80057,11.94519],[79.80145,11.94592],[79.80153,11.94638],[79.8022,11.94672],[79.80425,11.94901],[79.80543,11.94918],[79.80481,11.9504],[79.80427,11.95103],[79.80394,11.95181],[79.80323,11.95311],[79.80323,11.95322]]]},"properties":{"AC_NO":8,"AC_NAME":"Indira Nagar","DIST_NAME":"Pondicherry"}},{"type":"Feature","id":2806,"geometry":{"type":"Polygon","coordinates":[[[79.82837,11.95872],[79.82505,11.95775],[79.82472,11.9576],[79.82388,11.95756],[79.81855,11.95293],[79.81856,11.95219],[79.81926,11.95158],[79.81948,11.95113],[79.81943,11.95054],[79.81937,11.95018],[79.81923,11.94988],[79.81926,11.94959],[79.81619,11.94915],[79.81655,11.94758],[79.81701,11.94524],[79.81708,11.94468],[79.81721,11.94388],[79.81717,11.94287],[79.81662,11.94295],[79.81505,11.94331],[79.81389,11.94365],[79.81363,11.9432],[79.81314,11.94174],[79.81327,11.94082],[79.81252,11.94081],[79.80974,11.94115],[79.80847,11.94128],[79.80793,11.93858],[79.80998,11.93817],[79.81607,11.93454],[79.81766,11.93445],[79.81896,11.93494],[79.82073,11.93475],[79.82174,11.93506],[79.82205,11.93531],[79.8228,11.93639],[79.82371,11.93763],[79.82468,11.9395],[79.82446,11.9396],[79.82507,11.94091],[79.82642,11.94138],[79.82827,11.94651],[79.82937,11.94947],[79.8285,11.95109],[79.82855,11.95154],[79.82878,11.95276],[79.82909,11.95401],[79.82944,11.95467],[79.82976,11.95521],[79.83003,11.95569],[79.82993,11.95766],[79.82947,11.95783],[79.82879,11.95837],[79.82837,11.95872]]]},"properties":{"AC_NO":10,"AC_NAME":"Kamaraj Nagar","DIST_NAME":"Pondicherry"}},{"type":"Feature","id":2807,"geometry":{"type":"Polygon","coordinates":[[[79.82993,11.95766],[79.83003,11.95569],[79.82976,11.95521],[79.82944,11.95467],[79.82909,11.95401],[79.82878,11.95276],[79.82855,11.95154],[79.8285,11.95109],[79.82937,11.94947],[79.82827,11.94651],[79.82642,11.94138],[79.82507,11.94091],[79.82446,11.9396],[79.82468,11.9395],[79.8263,11.93909],[79.82926,11.93997],[79.82953,11.94096],[79.83029,11.94102],[79.83281,11.94181],[79.83349,11.94499],[79.83435,11.94896],[79.836,11.94867],[79.83593,11.94791],[79.83595,11.94776],[79.83838,11.94746],[79.83839,11.94756],[79.8385,11.94823],[79.83863,11.94881],[79.83893,11.94987],[79.83934,11.95099],[79.83962,11.9519],[79.84011,11.95363],[79.84048,11.95546],[79.84057,11.95583],[79.83887,11.95607],[79.83683,11.9563],[79.83461,11.95641],[79.83398,11.95641],[79.83274,11.95656],[79.83121,11.95716],[79.82993,11.95766]]]},"properties":{"AC_NO":13,"AC_NAME":"Muthialpet","DIST_NAME":"Pondicherry"}},{"type":"Feature","id":2808,"geometry":{"type":"Polygon","coordinates":[[[79.81023,11.95623],[79.80918,11.95633],[79.80895,11.95569],[79.8077,11.95583],[79.80771,11.95492],[79.80846,11.95339],[79.80832,11.95232],[79.80722,11.9527],[79.80634,11.95268],[79.80549,11.95287],[79.8055,11.95219],[79.80595,11.95157],[79.80626,11.94999],[79.80732,11.94632],[79.80596,11.94832],[79.80543,11.94918],[79.80425,11.94901],[79.8022,11.94672],[79.80153,11.94638],[79.80145,11.94592],[79.80057,11.94519],[79.79984,11.94543],[79.79934,11.94509],[79.80067,11.94415],[79.8005,11.94151],[79.79846,11.94139],[79.79849,11.93972],[79.798,11.93909],[79.79792,11.93578],[79.8025,11.93598],[79.80279,11.93657],[79.80547,11.93644],[79.80529,11.93681],[79.80601,11.93674],[79.80615,11.93595],[79.80756,11.93588],[79.80782,11.93774],[79.80793,11.93858],[79.80847,11.94128],[79.80974,11.94115],[79.81252,11.94081],[79.81327,11.94082],[79.81314,11.94174],[79.81363,11.9432],[79.81389,11.94365],[79.81505,11.94331],[79.81662,11.94295],[79.81717,11.94287],[79.81721,11.94388],[79.81708,11.94468],[79.81701,11.94524],[79.81655,11.94758],[79.81619,11.94915],[79.81584,11.94912],[79.81561,11.95079],[79.81523,11.95098],[79.81545,11.95141],[79.81522,11.95167],[79.81565,11.95288],[79.81496,11.95361],[79.81477,11.954],[79.81428,11.95411],[79.81426,11.95506],[79.81462,11.95546],[79.81526,11.95551],[79.81517,11.95622],[79.81465,11.95622],[79.81466,11.95582],[79.81421,11.95573],[79.81356,11.9562],[79.81207,11.95622],[79.81196,11.95566],[79.81168,11.95566],[79.81155,11.95609],[79.81079,11.95616],[79.81068,11.9556],[79.81031,11.9556],[79.81023,11.95623]]]},"properties":{"AC_NO":9,"AC_NAME":"Thattanchavady","DIST_NAME":"Pondicherry"}},{"type":"Feature","id":2809,"geometry":{"type":"MultiPolygon","coordinates":[[[[79.65859,11.94457],[79.65819,11.94482],[79.65759,11.94496],[79.65746,11.94513],[79.65738,11.94588],[79.65693,11.94646],[79.65662,11.94689],[79.65661,11.94718],[79.65666,11.94734],[79.6572,11.94748],[79.65736,11.94779],[79.65736,11.94806],[79.65662,11.94808],[79.65298,11.94822],[79.65287,11.94817],[79.65283,11.94785],[79.65269,11.94672],[79.65223,11.9467],[79.65212,11.94577],[79.65205,11.94525],[79.65203,11.94487],[79.65195,11.94359],[79.65046,11.94393],[79.64948,11.94429],[79.64866,11.94442],[79.64809,11.94457],[79.64787,11.94455],[79.6479,11.94276],[79.64575,11.94126],[79.64301,11.9414],[79.64021,11.94153],[79.63834,11.94193],[79.63566,11.94244],[79.63198,11.94348],[79.6301,11.94406],[79.62849,11.94518],[79.62734,11.94465],[79.62603,11.94398],[79.62476,11.94311],[79.62438,11.94304],[79.62375,11.94306],[79.62304,11.94325],[79.62251,11.94321],[79.62195,11.94305],[79.6209,11.94307],[79.6189,11.94322],[79.61864,11.9409],[79.6184,11.93939],[79.61815,11.9376],[79.61787,11.93605],[79.61843,11.93604],[79.61844,11.93487],[79.6183,11.93324],[79.6182,11.93213],[79.61866,11.93204],[79.61844,11.93031],[79.61888,11.93026],[79.61877,11.92944],[79.61842,11.92609],[79.61941,11.92552],[79.6228,11.92372],[79.62448,11.92267],[79.62501,11.92241],[79.62564,11.9221],[79.6266,11.922],[79.62671,11.92198],[79.62724,11.92153],[79.62774,11.92095],[79.62809,11.92029],[79.62832,11.91958],[79.62838,11.9191],[79.62837,11.91891],[79.62824,11.91826],[79.62808,11.91629],[79.62753,11.91291],[79.62717,11.91061],[79.62672,11.90942],[79.62644,11.90879],[79.62596,11.90617],[79.6259,11.90592],[79.62572,11.90519],[79.62527,11.90305],[79.62607,11.90296],[79.62739,11.90257],[79.62983,11.90158],[79.63152,11.90133],[79.6321,11.90127],[79.63691,11.90145],[79.63871,11.90211],[79.63957,11.90231],[79.64062,11.9022],[79.64085,11.90476],[79.64106,11.90767],[79.64227,11.9078],[79.64452,11.90775],[79.64772,11.9077],[79.64995,11.90771],[79.65214,11.90774],[79.65297,11.90772],[79.6546,11.90776],[79.65589,11.90794],[79.65597,11.90915],[79.65594,11.91014],[79.65604,11.9129],[79.65828,11.9129],[79.6609,11.91307],[79.66262,11.91309],[79.66267,11.91515],[79.6611,11.91516],[79.661,11.91629],[79.66255,11.91639],[79.66272,11.91765],[79.66442,11.91809],[79.6653,11.91828],[79.667,11.91841],[79.66885,11.91841],[79.66895,11.92055],[79.66897,11.92328],[79.669,11.92601],[79.66927,11.92632],[79.6693,11.92759],[79.66984,11.92759],[79.66989,11.92981],[79.67054,11.92982],[79.67065,11.93157],[79.66975,11.9316],[79.66979,11.93269],[79.67032,11.93268],[79.66988,11.93398],[79.6697,11.93497],[79.67034,11.93498],[79.67026,11.93551],[79.66956,11.93553],[79.66929,11.93748],[79.66752,11.93769],[79.66414,11.93834],[79.66418,11.93703],[79.66069,11.93708],[79.66071,11.94003],[79.66035,11.94021],[79.66038,11.94141],[79.65942,11.94154],[79.65935,11.94179],[79.65858,11.94192],[79.65859,11.94324],[79.65859,11.94457]]],[[[79.69652,11.96263],[79.69567,11.96387],[79.69502,11.96198],[79.69441,11.96038],[79.69389,11.95876],[79.69351,11.95728],[79.6929,11.95735],[79.69237,11.95481],[79.69207,11.95354],[79.6916,11.95135],[79.6938,11.95019],[79.69401,11.94903],[79.69573,11.94771],[79.69579,11.94684],[79.69581,11.94501],[79.6959,11.94454],[79.69627,11.94413],[79.69636,11.94383],[79.69648,11.94326],[79.69724,11.94176],[79.69857,11.94166],[79.70049,11.94144],[79.70158,11.9414],[79.70164,11.94082],[79.70272,11.9407],[79.70357,11.94045],[79.70411,11.94024],[79.70446,11.93996],[79.70547,11.93908],[79.70563,11.93864],[79.70604,11.93803],[79.70647,11.93727],[79.70661,11.93693],[79.70659,11.93668],[79.70658,11.93639],[79.70646,11.93575],[79.70653,11.93527],[79.70663,11.9351],[79.70692,11.93489],[79.70776,11.93449],[79.70863,11.93424],[79.71023,11.93349],[79.71111,11.93306],[79.7107,11.93413],[79.70993,11.93545],[79.70923,11.93732],[79.70916,11.93805],[79.70852,11.93974],[79.70822,11.94039],[79.70811,11.94074],[79.70796,11.94178],[79.70789,11.94234],[79.70796,11.94311],[79.70796,11.94409],[79.70492,11.94578],[79.70388,11.94795],[79.70242,11.94956],[79.70122,11.95115],[79.70006,11.96276],[79.69963,11.96201],[79.698,11.96041],[79.69652,11.96263]]],[[[79.68649,11.97321],[79.6847,11.97308],[79.68198,11.97283],[79.6803,11.97285],[79.68014,11.97186],[79.67837,11.97178],[79.67774,11.96881],[79.67676,11.96884],[79.67666,11.96809],[79.67498,11.9683],[79.67487,11.96786],[79.67394,11.96786],[79.67259,11.96775],[79.67187,11.96797],[79.67142,11.9682],[79.66957,11.96852],[79.66882,11.96856],[79.66844,11.96838],[79.66821,11.96826],[79.66784,11.96819],[79.66702,11.96826],[79.66511,11.96855],[79.66216,11.96909],[79.6624,11.9682],[79.66264,11.96668],[79.66236,11.96565],[79.66218,11.96456],[79.6619,11.96251],[79.66048,11.96253],[79.66011,11.9606],[79.65998,11.95836],[79.65927,11.95823],[79.65705,11.95863],[79.65608,11.95915],[79.65434,11.95942],[79.65423,11.95975],[79.65433,11.9605],[79.65379,11.9606],[79.65338,11.95962],[79.65279,11.9578],[79.65366,11.95616],[79.6543,11.95427],[79.65449,11.95371],[79.65466,11.95345],[79.65483,11.95331],[79.65523,11.95308],[79.65657,11.95292],[79.65701,11.95272],[79.65731,11.95244],[79.65818,11.95249],[79.6583,11.95236],[79.65824,11.95115],[79.65837,11.95109],[79.65865,11.95108],[79.65869,11.95067],[79.65878,11.95002],[79.66002,11.95005],[79.66013,11.95022],[79.66055,11.95022],[79.66115,11.95019],[79.66128,11.95053],[79.66233,11.95056],[79.6634,11.95087],[79.6638,11.95089],[79.66447,11.95077],[79.66517,11.95049],[79.66668,11.94985],[79.66792,11.94963],[79.669,11.94961],[79.66977,11.94957],[79.67053,11.94934],[79.67085,11.94925],[79.67093,11.94881],[79.67159,11.9486],[79.67177,11.94842],[79.67182,11.94816],[79.67248,11.94798],[79.67327,11.94786],[79.67351,11.94833],[79.67654,11.94848],[79.67667,11.94954],[79.67794,11.94985],[79.67928,11.95071],[79.68023,11.95176],[79.68073,11.95169],[79.68202,11.95215],[79.68278,11.95231],[79.68273,11.95303],[79.68409,11.95313],[79.68461,11.95336],[79.68456,11.95371],[79.68389,11.95373],[79.68384,11.95427],[79.6835,11.95443],[79.6834,11.95578],[79.6834,11.95626],[79.68371,11.95654],[79.68382,11.95718],[79.68397,11.95828],[79.68426,11.96011],[79.68385,11.96039],[79.68442,11.96202],[79.6853,11.96403],[79.68577,11.96491],[79.6864,11.96668],[79.68696,11.96785],[79.68771,11.96924],[79.68782,11.96955],[79.68779,11.96971],[79.6876,11.97027],[79.68649,11.97321]]]]},"properties":{"AC_NO":2,"AC_NAME":"Thirubuvanai (SC)","DIST_NAME":"Pondicherry"}},{"type":"Feature","id":2810,"geometry":{"type":"Polygon","coordinates":[[[79.83838,11.94746],[79.83595,11.94776],[79.83593,11.94791],[79.836,11.94867],[79.83435,11.94896],[79.83349,11.94499],[79.83281,11.94181],[79.83029,11.94102],[79.82953,11.94096],[79.82926,11.93997],[79.8263,11.93909],[79.82468,11.9395],[79.82371,11.93763],[79.8228,11.93639],[79.82205,11.93531],[79.82174,11.93506],[79.82073,11.93475],[79.82227,11.93456],[79.82875,11.9339],[79.82743,11.92862],[79.82714,11.92825],[79.82767,11.92826],[79.82872,11.928],[79.83496,11.92709],[79.835,11.92723],[79.83523,11.92823],[79.83553,11.92969],[79.83574,11.93077],[79.83598,11.93212],[79.83643,11.93353],[79.8367,11.93475],[79.83691,11.93561],[79.83691,11.9361],[79.83684,11.93679],[79.83679,11.93712],[79.83675,11.93753],[79.83685,11.93804],[79.83723,11.93936],[79.83742,11.94046],[79.83749,11.94128],[79.83751,11.94237],[79.83758,11.94324],[79.83761,11.9439],[79.83769,11.94434],[79.83782,11.94457],[79.83798,11.94487],[79.83819,11.94563],[79.8383,11.94656],[79.83838,11.94746]]]},"properties":{"AC_NO":14,"AC_NAME":"Raj Bhavan","DIST_NAME":"Pondicherry"}},{"type":"Feature","id":2811,"geometry":{"type":"Polygon","coordinates":[[[79.79741,11.93941],[79.79716,11.93893],[79.79702,11.93789],[79.79611,11.93694],[79.79618,11.93474],[79.79584,11.93389],[79.79559,11.93382],[79.79432,11.93352],[79.79279,11.93319],[79.79203,11.93311],[79.79056,11.93312],[79.79021,11.93358],[79.78749,11.93436],[79.78741,11.93489],[79.78681,11.93507],[79.78654,11.93554],[79.78603,11.93568],[79.78523,11.93627],[79.78519,11.93653],[79.78419,11.93726],[79.78012,11.93698],[79.77598,11.9358],[79.77485,11.93608],[79.77379,11.93591],[79.7705,11.93575],[79.76933,11.93511],[79.76719,11.93507],[79.76529,11.93419],[79.76489,11.93333],[79.76531,11.93271],[79.76622,11.93272],[79.76675,11.93227],[79.76748,11.93131],[79.76896,11.93086],[79.76954,11.92895],[79.77101,11.92908],[79.77246,11.9293],[79.77286,11.92939],[79.7739,11.92988],[79.77491,11.9293],[79.77501,11.92807],[79.77358,11.9273],[79.772,11.92783],[79.77011,11.92764],[79.76892,11.92639],[79.76925,11.92589],[79.76995,11.92538],[79.77035,11.92539],[79.77183,11.92573],[79.77251,11.92602],[79.77372,11.92588],[79.77501,11.92574],[79.77653,11.92584],[79.77736,11.92672],[79.7776,11.92708],[79.77799,11.92796],[79.77939,11.9285],[79.77986,11.92922],[79.77927,11.93103],[79.77961,11.93222],[79.78074,11.93201],[79.78116,11.93059],[79.78182,11.92972],[79.78452,11.92965],[79.78516,11.92942],[79.78558,11.92887],[79.786,11.92753],[79.78656,11.92746],[79.78757,11.92764],[79.78846,11.92717],[79.78867,11.92634],[79.78872,11.92575],[79.78918,11.92485],[79.79023,11.92447],[79.79045,11.92336],[79.79046,11.92297],[79.79027,11.92209],[79.7902,11.92166],[79.79054,11.91996],[79.79055,11.91936],[79.79054,11.91899],[79.79005,11.91856],[79.79292,11.91855],[79.79526,11.91838],[79.79687,11.91853],[79.79686,11.92192],[79.80229,11.92263],[79.80215,11.92355],[79.80195,11.92513],[79.80291,11.92615],[79.80604,11.92695],[79.80662,11.92801],[79.80496,11.93062],[79.80047,11.9303],[79.79994,11.93397],[79.79769,11.93377],[79.79792,11.93578],[79.798,11.93909],[79.79741,11.93941]]]},"properties":{"AC_NO":6,"AC_NAME":"Ozhukarai","DIST_NAME":"Pondicherry"}},{"type":"Feature","id":2812,"geometry":{"type":"MultiPolygon","coordinates":[[[[79.81011,11.93017],[79.81032,11.92685],[79.81093,11.92424],[79.81253,11.92471],[79.81329,11.9248],[79.81634,11.92516],[79.81654,11.92532],[79.81387,11.92651],[79.81326,11.92662],[79.81426,11.92972],[79.81244,11.93009],[79.81112,11.93007],[79.81011,11.93017]]],[[[79.81099,11.93058],[79.81122,11.93082],[79.81436,11.93352],[79.8156,11.93382],[79.817,11.9342],[79.81766,11.93445],[79.81607,11.93454],[79.80998,11.93817],[79.80793,11.93858],[79.80782,11.93774],[79.80756,11.93588],[79.80721,11.93266],[79.80529,11.93236],[79.80519,11.93105],[79.80543,11.93077],[79.81006,11.93041],[79.81099,11.93058]]]]},"properties":{"AC_NO":17,"AC_NAME":"Nellithope","DIST_NAME":"Pondicherry"}},{"type":"Feature","id":2813,"geometry":{"type":"MultiPolygon","coordinates":[[[[79.80601,11.93674],[79.80529,11.93681],[79.80547,11.93644],[79.80279,11.93657],[79.8025,11.93598],[79.79792,11.93578],[79.79769,11.93377],[79.79994,11.93397],[79.80047,11.9303],[79.80496,11.93062],[79.80662,11.92801],[79.80604,11.92695],[79.80291,11.92615],[79.80195,11.92513],[79.80215,11.92355],[79.80229,11.92263],[79.81098,11.92356],[79.81093,11.92424],[79.81032,11.92685],[79.81011,11.93017],[79.81006,11.93041],[79.80543,11.93077],[79.80519,11.93105],[79.80529,11.93236],[79.80721,11.93266],[79.80756,11.93588],[79.80615,11.93595],[79.80601,11.93674]]],[[[79.78911,11.95007],[79.78723,11.95297],[79.78667,11.95367],[79.78573,11.95437],[79.7847,11.95477],[79.78438,11.95364],[79.78435,11.95272],[79.78445,11.95155],[79.78491,11.94967],[79.78515,11.94836],[79.78603,11.94517],[79.78533,11.94152],[79.78469,11.93891],[79.78546,11.93855],[79.78519,11.93653],[79.78523,11.93627],[79.78603,11.93568],[79.78654,11.93554],[79.78681,11.93507],[79.78741,11.93489],[79.78749,11.93436],[79.79021,11.93358],[79.79056,11.93312],[79.79203,11.93311],[79.79279,11.93319],[79.79432,11.93352],[79.79559,11.93382],[79.79584,11.93389],[79.79618,11.93474],[79.79611,11.93694],[79.79702,11.93789],[79.79716,11.93893],[79.79741,11.93941],[79.79714,11.93998],[79.79687,11.94028],[79.79669,11.94099],[79.79609,11.94102],[79.79563,11.94344],[79.79534,11.94548],[79.79502,11.94694],[79.79353,11.94709],[79.792,11.9471],[79.79043,11.94696],[79.78911,11.95007]]]]},"properties":{"AC_NO":7,"AC_NAME":"Kadirkamam","DIST_NAME":"Pondicherry"}},{"type":"Feature","id":2814,"geometry":{"type":"Polygon","coordinates":[[[79.82073,11.93475],[79.81896,11.93494],[79.81766,11.93445],[79.817,11.9342],[79.8156,11.93382],[79.81436,11.93352],[79.81122,11.93082],[79.81099,11.93058],[79.81006,11.93041],[79.81011,11.93017],[79.81112,11.93007],[79.81244,11.93009],[79.81426,11.92972],[79.81326,11.92662],[79.81387,11.92651],[79.81654,11.92532],[79.81682,11.92525],[79.81721,11.926],[79.82018,11.92942],[79.823,11.92886],[79.8242,11.92868],[79.82714,11.92825],[79.82743,11.92862],[79.82875,11.9339],[79.82227,11.93456],[79.82073,11.93475]]]},"properties":{"AC_NO":16,"AC_NAME":"Orleampeth","DIST_NAME":"Pondicherry"}},{"type":"Feature","id":2815,"geometry":{"type":"Polygon","coordinates":[[[79.76954,11.92895],[79.76185,11.92822],[79.76137,11.92842],[79.76119,11.92852],[79.76097,11.9285],[79.75893,11.92819],[79.75719,11.92822],[79.75712,11.92703],[79.75642,11.92707],[79.75638,11.92609],[79.75501,11.92606],[79.75506,11.92446],[79.75633,11.92431],[79.75629,11.92378],[79.75624,11.92283],[79.75621,11.92043],[79.7549,11.92028],[79.75359,11.92014],[79.7519,11.92003],[79.75021,11.91995],[79.75023,11.92061],[79.7511,11.92061],[79.75105,11.92174],[79.75067,11.92176],[79.7506,11.92261],[79.74986,11.9227],[79.74981,11.9221],[79.74926,11.9222],[79.74925,11.92329],[79.7492,11.92632],[79.74912,11.92946],[79.74804,11.92959],[79.74413,11.92995],[79.74311,11.92867],[79.74406,11.92658],[79.7449,11.9237],[79.74492,11.92262],[79.74501,11.92094],[79.74356,11.91977],[79.74142,11.9198],[79.7391,11.9197],[79.73782,11.91956],[79.73749,11.91715],[79.73787,11.91618],[79.73799,11.91675],[79.7384,11.91679],[79.73887,11.91575],[79.73924,11.91569],[79.73966,11.91553],[79.74079,11.91531],[79.74165,11.91482],[79.74261,11.91453],[79.74398,11.91435],[79.74525,11.91437],[79.74544,11.91498],[79.7455,11.91569],[79.74645,11.91601],[79.74748,11.91602],[79.74851,11.91584],[79.74927,11.91511],[79.75054,11.91479],[79.75127,11.91416],[79.75203,11.91411],[79.75326,11.91382],[79.75394,11.91376],[79.75443,11.91364],[79.7554,11.91395],[79.75753,11.91398],[79.75905,11.91383],[79.76002,11.9139],[79.76136,11.91374],[79.76053,11.91271],[79.76094,11.90961],[79.76161,11.9073],[79.76213,11.90532],[79.76271,11.90373],[79.76321,11.90299],[79.76416,11.90291],[79.76455,11.90316],[79.76537,11.90375],[79.76594,11.90418],[79.76673,11.90455],[79.76776,11.90494],[79.77154,11.90275],[79.77194,11.90273],[79.77192,11.90195],[79.77509,11.90187],[79.77532,11.90503],[79.7765,11.905],[79.7778,11.90481],[79.77875,11.90469],[79.77949,11.9044],[79.77985,11.90417],[79.78039,11.9035],[79.78072,11.90306],[79.78144,11.90281],[79.78245,11.89955],[79.78786,11.89679],[79.78948,11.89691],[79.79029,11.89719],[79.79045,11.90007],[79.79033,11.90043],[79.78936,11.9024],[79.79056,11.90296],[79.79092,11.9032],[79.79157,11.90371],[79.79141,11.9041],[79.79014,11.90431],[79.78888,11.90432],[79.78833,11.90491],[79.78826,11.90527],[79.7881,11.90571],[79.78803,11.90618],[79.78824,11.90672],[79.78829,11.90708],[79.78891,11.90768],[79.78945,11.90828],[79.79025,11.90922],[79.79046,11.9127],[79.79043,11.9132],[79.79009,11.91516],[79.78991,11.91711],[79.78995,11.91815],[79.79005,11.91856],[79.79054,11.91899],[79.79055,11.91936],[79.79054,11.91996],[79.7902,11.92166],[79.79027,11.92209],[79.79046,11.92297],[79.79045,11.92336],[79.79023,11.92447],[79.78918,11.92485],[79.78872,11.92575],[79.78867,11.92634],[79.78846,11.92717],[79.78757,11.92764],[79.78656,11.92746],[79.786,11.92753],[79.78558,11.92887],[79.78516,11.92942],[79.78452,11.92965],[79.78182,11.92972],[79.78116,11.93059],[79.78074,11.93201],[79.77961,11.93222],[79.77927,11.93103],[79.77986,11.92922],[79.77939,11.9285],[79.77799,11.92796],[79.7776,11.92708],[79.77736,11.92672],[79.77653,11.92584],[79.77501,11.92574],[79.77372,11.92588],[79.77251,11.92602],[79.77183,11.92573],[79.77035,11.92539],[79.76995,11.92538],[79.76925,11.92589],[79.76892,11.92639],[79.77011,11.92764],[79.772,11.92783],[79.77358,11.9273],[79.77501,11.92807],[79.77491,11.9293],[79.7739,11.92988],[79.77286,11.92939],[79.77246,11.9293],[79.77101,11.92908],[79.76954,11.92895]]]},"properties":{"AC_NO":5,"AC_NAME":"Villianur","DIST_NAME":"Pondicherry"}},{"type":"Feature","id":2816,"geometry":{"type":"Polygon","coordinates":[[[79.8242,11.92868],[79.823,11.92886],[79.82018,11.92942],[79.81721,11.926],[79.81682,11.92525],[79.81654,11.92532],[79.81634,11.92516],[79.81333,11.92001],[79.81485,11.92134],[79.81542,11.92144],[79.81647,11.92151],[79.81898,11.92111],[79.8246,11.91849],[79.82509,11.91841],[79.82633,11.91834],[79.83177,11.91678],[79.83194,11.91732],[79.83236,11.91845],[79.83288,11.92013],[79.83341,11.92178],[79.83379,11.9228],[79.83394,11.92295],[79.834,11.92311],[79.83425,11.92407],[79.83483,11.92666],[79.83496,11.92709],[79.82872,11.928],[79.82767,11.92826],[79.82714,11.92825],[79.8242,11.92868]]]},"properties":{"AC_NO":15,"AC_NAME":"Oupalam","DIST_NAME":"Pondicherry"}},{"type":"Feature","id":2817,"geometry":{"type":"Polygon","coordinates":[[[79.81634,11.92516],[79.81329,11.9248],[79.81253,11.92471],[79.81093,11.92424],[79.81098,11.92356],[79.80229,11.92263],[79.79686,11.92192],[79.79687,11.91853],[79.79526,11.91838],[79.79292,11.91855],[79.79005,11.91856],[79.78995,11.91815],[79.78991,11.91711],[79.79009,11.91516],[79.79059,11.91515],[79.79086,11.91583],[79.79139,11.91512],[79.79207,11.91545],[79.79462,11.9149],[79.79807,11.91534],[79.79824,11.91428],[79.79828,11.91234],[79.79829,11.91139],[79.79777,11.90884],[79.79849,11.90867],[79.79933,11.90907],[79.79978,11.90878],[79.80027,11.90861],[79.80106,11.90842],[79.80186,11.90881],[79.80268,11.90877],[79.80355,11.90881],[79.80434,11.90891],[79.80707,11.90794],[79.80721,11.90818],[79.80765,11.90899],[79.80844,11.90894],[79.80917,11.91023],[79.81041,11.90998],[79.811,11.91258],[79.812,11.91432],[79.81188,11.91464],[79.81287,11.91671],[79.81256,11.91715],[79.81354,11.91844],[79.81317,11.91885],[79.8128,11.91908],[79.81333,11.92001],[79.81634,11.92516]]]},"properties":{"AC_NO":18,"AC_NAME":"Mudaliarpet","DIST_NAME":"Pondicherry"}},{"type":"Feature","id":2818,"geometry":{"type":"Polygon","coordinates":[[[79.83177,11.91678],[79.82633,11.91834],[79.82509,11.91841],[79.8246,11.91849],[79.81898,11.92111],[79.81647,11.92151],[79.81542,11.92144],[79.81485,11.92134],[79.81333,11.92001],[79.8128,11.91908],[79.81317,11.91885],[79.81354,11.91844],[79.81256,11.91715],[79.81287,11.91671],[79.81188,11.91464],[79.812,11.91432],[79.811,11.91258],[79.81041,11.90998],[79.80917,11.91023],[79.80844,11.90894],[79.80765,11.90899],[79.80721,11.90818],[79.80707,11.90794],[79.80434,11.90891],[79.80355,11.90881],[79.80268,11.90877],[79.80186,11.90881],[79.80106,11.90842],[79.80027,11.90861],[79.79978,11.90878],[79.79933,11.90907],[79.79849,11.90867],[79.79777,11.90884],[79.79829,11.91139],[79.79828,11.91234],[79.79824,11.91428],[79.79807,11.91534],[79.79462,11.9149],[79.79207,11.91545],[79.79139,11.91512],[79.79086,11.91583],[79.79059,11.91515],[79.79009,11.91516],[79.79043,11.9132],[79.79046,11.9127],[79.79025,11.90922],[79.78945,11.90828],[79.78891,11.90768],[79.78829,11.90708],[79.78824,11.90672],[79.78803,11.90618],[79.7881,11.90571],[79.78826,11.90527],[79.78833,11.90491],[79.78888,11.90432],[79.79014,11.90431],[79.79141,11.9041],[79.79157,11.90371],[79.79092,11.9032],[79.79056,11.90296],[79.78936,11.9024],[79.79033,11.90043],[79.79045,11.90007],[79.79029,11.89719],[79.79118,11.89749],[79.79638,11.8999],[79.79652,11.89695],[79.79652,11.89499],[79.79649,11.89487],[79.80527,11.89411],[79.80653,11.89475],[79.80746,11.89448],[79.80818,11.89497],[79.8096,11.8947],[79.81043,11.89472],[79.81131,11.89434],[79.81154,11.892],[79.81267,11.89163],[79.81365,11.89116],[79.81452,11.89151],[79.8158,11.89096],[79.81692,11.89088],[79.81723,11.88973],[79.81831,11.88955],[79.8248,11.88996],[79.82494,11.8907],[79.82554,11.89304],[79.8262,11.89491],[79.82662,11.896],[79.82728,11.8975],[79.82753,11.8988],[79.82761,11.89922],[79.82772,11.89979],[79.82776,11.90003],[79.82789,11.90058],[79.82805,11.90158],[79.82828,11.9025],[79.82877,11.90426],[79.82905,11.9059],[79.82964,11.90846],[79.83,11.91014],[79.83044,11.91171],[79.8308,11.91339],[79.83136,11.91535],[79.83172,11.91663],[79.83177,11.91678]]]},"properties":{"AC_NO":19,"AC_NAME":"Ariankuppam","DIST_NAME":"Pondicherry"}},{"type":"Feature","id":2819,"geometry":{"type":"MultiPolygon","coordinates":[[[[79.69983,11.8738],[79.69972,11.87417],[79.6994,11.87432],[79.69901,11.87364],[79.69715,11.87404],[79.69711,11.87168],[79.69668,11.86744],[79.69633,11.86357],[79.69612,11.86183],[79.69598,11.86039],[79.69703,11.86062],[79.69909,11.86127],[79.69918,11.86357],[79.69927,11.86459],[79.69941,11.86627],[79.69944,11.86819],[79.69949,11.87043],[79.69974,11.87229],[79.69983,11.8738]]],[[[79.70452,11.91912],[79.70085,11.91913],[79.69842,11.91912],[79.69624,11.91918],[79.69612,11.91806],[79.69574,11.91569],[79.69552,11.91389],[79.69531,11.91198],[79.69535,11.91116],[79.69562,11.91081],[79.69573,11.91017],[79.69584,11.90955],[79.69562,11.90869],[79.69553,11.90791],[79.69775,11.90757],[79.69768,11.90619],[79.69756,11.90512],[79.69756,11.90476],[79.69789,11.90473],[79.69771,11.90339],[79.69756,11.90242],[79.69566,11.90241],[79.69569,11.90082],[79.69555,11.89849],[79.69536,11.8948],[79.69325,11.89497],[79.69318,11.89462],[79.69185,11.89473],[79.68992,11.89478],[79.68828,11.89458],[79.68711,11.89451],[79.68713,11.8932],[79.68705,11.89225],[79.68687,11.8896],[79.68682,11.88887],[79.68433,11.88884],[79.68259,11.88879],[79.68269,11.89037],[79.68274,11.89186],[79.68132,11.89176],[79.67868,11.89161],[79.6762,11.89144],[79.67441,11.89156],[79.67381,11.89159],[79.67387,11.89033],[79.67383,11.88899],[79.67372,11.88619],[79.67376,11.88498],[79.67387,11.88327],[79.67392,11.88176],[79.67397,11.88066],[79.6759,11.88073],[79.6768,11.8807],[79.68038,11.88083],[79.68504,11.88096],[79.68506,11.88244],[79.68507,11.88341],[79.68524,11.88395],[79.68547,11.8843],[79.68555,11.88466],[79.68553,11.88503],[79.68541,11.88533],[79.68513,11.88556],[79.68473,11.88575],[79.68471,11.88586],[79.68481,11.88596],[79.68565,11.88622],[79.68703,11.88648],[79.6881,11.88647],[79.68878,11.88628],[79.68939,11.88635],[79.6898,11.88648],[79.6928,11.88647],[79.69488,11.88652],[79.69652,11.88666],[79.69661,11.88772],[79.69676,11.88806],[79.69685,11.8885],[79.69703,11.88854],[79.69794,11.88862],[79.69879,11.88862],[79.6995,11.88866],[79.69959,11.88907],[79.70041,11.88911],[79.7017,11.8891],[79.70742,11.88914],[79.70872,11.88911],[79.70946,11.88923],[79.70972,11.88925],[79.70995,11.88919],[79.71004,11.88906],[79.71005,11.88881],[79.70987,11.88788],[79.71007,11.88778],[79.71071,11.88757],[79.71055,11.88703],[79.71028,11.88618],[79.71003,11.88592],[79.70965,11.88564],[79.70955,11.8855],[79.70947,11.88522],[79.7094,11.88486],[79.70938,11.8837],[79.7101,11.88358],[79.71172,11.88453],[79.71336,11.88455],[79.71387,11.88225],[79.7145,11.88183],[79.71569,11.88172],[79.71774,11.88143],[79.71878,11.88229],[79.72199,11.88311],[79.72495,11.88349],[79.72646,11.88345],[79.72761,11.88458],[79.73091,11.88732],[79.73235,11.88691],[79.73345,11.88809],[79.73425,11.88841],[79.73568,11.8885],[79.73692,11.88845],[79.73842,11.88842],[79.74046,11.88863],[79.74139,11.88877],[79.74279,11.88887],[79.74304,11.88865],[79.74577,11.88824],[79.74623,11.88825],[79.74727,11.88861],[79.748,11.8888],[79.75003,11.8889],[79.75182,11.88796],[79.75222,11.88528],[79.75208,11.88493],[79.75117,11.88285],[79.75072,11.88113],[79.75119,11.87961],[79.75123,11.87928],[79.75124,11.87891],[79.75113,11.8778],[79.75122,11.87621],[79.75133,11.8753],[79.75072,11.87409],[79.75188,11.87362],[79.75266,11.87333],[79.75373,11.87289],[79.75449,11.87207],[79.7548,11.8718],[79.75703,11.86821],[79.75862,11.86851],[79.75869,11.87051],[79.75871,11.87165],[79.75869,11.87178],[79.75818,11.87176],[79.75801,11.87175],[79.75771,11.87236],[79.75755,11.87336],[79.75741,11.87381],[79.75737,11.87485],[79.75736,11.87529],[79.75736,11.87611],[79.75791,11.87594],[79.75889,11.8758],[79.75967,11.87573],[79.76003,11.87574],[79.76023,11.87578],[79.76041,11.87604],[79.76061,11.87677],[79.76065,11.87692],[79.76152,11.87697],[79.76255,11.87694],[79.76326,11.87699],[79.76392,11.87701],[79.7642,11.87622],[79.76447,11.8755],[79.7651,11.87583],[79.7655,11.87624],[79.76571,11.87635],[79.76588,11.87632],[79.76633,11.87612],[79.76686,11.87602],[79.76743,11.87598],[79.76821,11.876],[79.76846,11.87597],[79.76869,11.87546],[79.76888,11.87517],[79.76909,11.8749],[79.76964,11.87466],[79.77003,11.87465],[79.77002,11.87459],[79.77259,11.8752],[79.77267,11.87582],[79.77262,11.87585],[79.77254,11.87686],[79.773,11.87865],[79.77329,11.88055],[79.77335,11.88216],[79.77349,11.88333],[79.77195,11.88368],[79.77096,11.88348],[79.77078,11.88407],[79.77183,11.8851],[79.77196,11.88542],[79.77171,11.88645],[79.77103,11.88755],[79.77085,11.88837],[79.77078,11.8891],[79.77092,11.88951],[79.77101,11.89011],[79.77047,11.89093],[79.77155,11.89674],[79.77202,11.8992],[79.7728,11.89906],[79.77282,11.90049],[79.76913,11.90071],[79.76919,11.90179],[79.76978,11.90282],[79.77154,11.90275],[79.76776,11.90494],[79.76673,11.90455],[79.76594,11.90418],[79.76537,11.90375],[79.76455,11.90316],[79.76416,11.90291],[79.76321,11.90299],[79.76271,11.90373],[79.76213,11.90532],[79.76161,11.9073],[79.76094,11.90961],[79.76053,11.91271],[79.76136,11.91374],[79.76002,11.9139],[79.75905,11.91383],[79.75753,11.91398],[79.7554,11.91395],[79.75443,11.91364],[79.75394,11.91376],[79.75326,11.91382],[79.75203,11.91411],[79.75127,11.91416],[79.75054,11.91479],[79.74927,11.91511],[79.74851,11.91584],[79.74748,11.91602],[79.74645,11.91601],[79.7455,11.91569],[79.74544,11.91498],[79.74525,11.91437],[79.74398,11.91435],[79.74261,11.91453],[79.74165,11.91482],[79.74079,11.91531],[79.73966,11.91553],[79.73924,11.91569],[79.73887,11.91575],[79.7384,11.91679],[79.73799,11.91675],[79.73787,11.91618],[79.73749,11.91715],[79.73605,11.91655],[79.73566,11.91419],[79.73525,11.91236],[79.73464,11.9118],[79.73516,11.91133],[79.73617,11.91042],[79.73729,11.90944],[79.73785,11.90887],[79.73876,11.90772],[79.73977,11.90646],[79.74033,11.90583],[79.74065,11.90547],[79.7396,11.90471],[79.73892,11.90441],[79.7383,11.90424],[79.73788,11.90411],[79.73696,11.90402],[79.73618,11.904],[79.73475,11.90402],[79.734,11.90403],[79.73342,11.904],[79.7334,11.90362],[79.73251,11.90346],[79.73128,11.90315],[79.73114,11.90199],[79.73068,11.90198],[79.73066,11.90109],[79.73062,11.89828],[79.7305,11.89375],[79.7305,11.8917],[79.72947,11.89161],[79.72911,11.89075],[79.72888,11.89025],[79.72873,11.89025],[79.7285,11.89018],[79.72818,11.89016],[79.72785,11.89016],[79.72763,11.89026],[79.72742,11.89033],[79.72728,11.89043],[79.72672,11.8907],[79.72611,11.89105],[79.72587,11.89112],[79.72571,11.8911],[79.72557,11.89104],[79.72542,11.89085],[79.72529,11.89066],[79.72513,11.89059],[79.72498,11.89059],[79.72483,11.89067],[79.72471,11.89089],[79.72467,11.8912],[79.72463,11.89151],[79.7246,11.89177],[79.72451,11.89189],[79.72438,11.89196],[79.72421,11.89197],[79.72398,11.89191],[79.7237,11.89183],[79.72352,11.89181],[79.72326,11.8918],[79.72294,11.89181],[79.72276,11.89176],[79.72268,11.89165],[79.72264,11.89153],[79.72264,11.89137],[79.72274,11.89112],[79.72308,11.89066],[79.72328,11.89043],[79.7233,11.8903],[79.7233,11.89011],[79.72324,11.88997],[79.72398,11.88987],[79.72444,11.88978],[79.72468,11.88967],[79.72482,11.88955],[79.7249,11.88941],[79.72491,11.88925],[79.72485,11.88911],[79.72463,11.88891],[79.7243,11.88871],[79.72409,11.88865],[79.72384,11.88863],[79.72362,11.88866],[79.72318,11.88877],[79.7225,11.88911],[79.72226,11.88922],[79.72207,11.88933],[79.72203,11.88947],[79.72206,11.88958],[79.72211,11.88969],[79.72227,11.88975],[79.72246,11.88982],[79.72197,11.89004],[79.72157,11.89021],[79.7209,11.89055],[79.72069,11.8906],[79.72032,11.89062],[79.71997,11.89057],[79.71954,11.89047],[79.71917,11.89039],[79.71894,11.8904],[79.71876,11.89047],[79.71853,11.89072],[79.71823,11.89124],[79.71797,11.89187],[79.71787,11.89204],[79.71741,11.89248],[79.71709,11.89273],[79.71683,11.89284],[79.71658,11.89284],[79.71636,11.89277],[79.71622,11.89265],[79.7161,11.89252],[79.71594,11.89224],[79.71576,11.892],[79.71557,11.89186],[79.71531,11.89174],[79.71509,11.89169],[79.71478,11.89168],[79.71451,11.89172],[79.71429,11.8917],[79.7141,11.89163],[79.71401,11.89155],[79.7139,11.89139],[79.71376,11.89118],[79.71362,11.89108],[79.71344,11.89106],[79.71329,11.89112],[79.71314,11.89128],[79.71305,11.89154],[79.71289,11.89175],[79.71269,11.89185],[79.71251,11.89187],[79.71233,11.89178],[79.71224,11.89164],[79.71217,11.89145],[79.71204,11.89105],[79.7119,11.89088],[79.71174,11.89077],[79.7115,11.89072],[79.71113,11.89075],[79.71087,11.89087],[79.71038,11.89121],[79.70971,11.89171],[79.70956,11.89187],[79.70951,11.89196],[79.70949,11.89215],[79.70945,11.89249],[79.70934,11.89275],[79.70911,11.89296],[79.70915,11.89312],[79.70825,11.89333],[79.70673,11.89367],[79.70525,11.89388],[79.70547,11.89538],[79.70558,11.89609],[79.70583,11.89835],[79.7059,11.89908],[79.70604,11.89931],[79.70674,11.89968],[79.70696,11.89989],[79.70704,11.89999],[79.70703,11.90075],[79.7073,11.90075],[79.70731,11.90127],[79.70747,11.90171],[79.70837,11.9017],[79.70848,11.90178],[79.70863,11.9021],[79.70898,11.90331],[79.70894,11.90427],[79.70846,11.90448],[79.70747,11.9047],[79.70661,11.9051],[79.70664,11.90671],[79.70665,11.90772],[79.70657,11.91069],[79.70654,11.91211],[79.70656,11.9135],[79.70844,11.91353],[79.71018,11.91356],[79.71267,11.91345],[79.714,11.91341],[79.71687,11.91332],[79.71793,11.91335],[79.71807,11.91421],[79.71823,11.9161],[79.7186,11.91897],[79.71682,11.91908],[79.71398,11.9192],[79.7098,11.9193],[79.7078,11.91931],[79.70704,11.91925],[79.70674,11.91897],[79.70452,11.91912]]]]},"properties":{"AC_NO":4,"AC_NAME":"Mangalam","DIST_NAME":"Pondicherry"}},{"type":"Feature","id":2820,"geometry":{"type":"Polygon","coordinates":[[[79.8248,11.88996],[79.81831,11.88955],[79.81723,11.88973],[79.81692,11.89088],[79.8158,11.89096],[79.81452,11.89151],[79.81365,11.89116],[79.81267,11.89163],[79.81154,11.892],[79.81131,11.89434],[79.81043,11.89472],[79.8096,11.8947],[79.80818,11.89497],[79.80746,11.89448],[79.80653,11.89475],[79.80527,11.89411],[79.79649,11.89487],[79.79555,11.89097],[79.7946,11.88671],[79.79453,11.88531],[79.79368,11.88455],[79.79338,11.8837],[79.79337,11.88288],[79.79317,11.88223],[79.79282,11.88175],[79.79206,11.88037],[79.79188,11.87958],[79.79174,11.878],[79.79252,11.87789],[79.79231,11.87689],[79.79023,11.87686],[79.79017,11.87735],[79.78952,11.8772],[79.78914,11.87565],[79.78885,11.87536],[79.78818,11.87496],[79.78803,11.87376],[79.78718,11.8735],[79.78671,11.87151],[79.78693,11.87022],[79.78667,11.8687],[79.78506,11.86296],[79.7823,11.86283],[79.78224,11.86328],[79.78117,11.86341],[79.78103,11.86286],[79.78061,11.8628],[79.77838,11.86322],[79.77836,11.86659],[79.77771,11.86664],[79.77836,11.86764],[79.77851,11.86811],[79.77854,11.86849],[79.77877,11.86858],[79.77914,11.86863],[79.77944,11.87036],[79.77985,11.87243],[79.77981,11.87322],[79.77998,11.87553],[79.77947,11.87655],[79.77947,11.87711],[79.77961,11.87796],[79.77913,11.87787],[79.7789,11.87763],[79.77818,11.87786],[79.77699,11.87845],[79.77614,11.87827],[79.77498,11.87762],[79.77383,11.87659],[79.77342,11.87536],[79.77267,11.87582],[79.77259,11.8752],[79.77002,11.87459],[79.76994,11.87343],[79.76995,11.87288],[79.76988,11.87128],[79.76986,11.87063],[79.76974,11.86843],[79.76966,11.86771],[79.76914,11.86766],[79.76919,11.86729],[79.76921,11.86512],[79.76978,11.86491],[79.77019,11.86485],[79.77014,11.86368],[79.77014,11.86296],[79.77027,11.86286],[79.77047,11.86279],[79.77059,11.86268],[79.77067,11.86254],[79.77076,11.86219],[79.77078,11.86176],[79.77081,11.86137],[79.77075,11.86126],[79.77047,11.86126],[79.77026,11.86119],[79.77011,11.86085],[79.77007,11.86046],[79.76995,11.86002],[79.76967,11.85899],[79.76944,11.85831],[79.76874,11.85835],[79.7682,11.85843],[79.76809,11.858],[79.76727,11.85805],[79.7669,11.85805],[79.76684,11.85769],[79.76635,11.85652],[79.76596,11.85569],[79.76577,11.85501],[79.76568,11.85442],[79.76542,11.85353],[79.76517,11.85244],[79.76507,11.85199],[79.76485,11.8518],[79.76424,11.85184],[79.76331,11.8519],[79.76313,11.85188],[79.76308,11.85139],[79.76211,11.84844],[79.76311,11.84792],[79.76369,11.84755],[79.76395,11.84735],[79.76426,11.84691],[79.7645,11.84624],[79.76481,11.84553],[79.76502,11.84474],[79.76512,11.84439],[79.76516,11.84334],[79.76519,11.84291],[79.76524,11.84235],[79.76541,11.84172],[79.76576,11.84112],[79.76609,11.84059],[79.76667,11.84011],[79.76813,11.83884],[79.76928,11.83801],[79.77061,11.83726],[79.77122,11.837],[79.77237,11.83667],[79.77355,11.83662],[79.7739,11.83675],[79.77442,11.83739],[79.77492,11.83787],[79.77544,11.83829],[79.77581,11.83846],[79.77632,11.83912],[79.77642,11.83951],[79.7764,11.8399],[79.77636,11.84079],[79.77636,11.84235],[79.7764,11.84367],[79.77638,11.84402],[79.77649,11.84415],[79.77661,11.84422],[79.77655,11.84491],[79.77665,11.84525],[79.77694,11.84585],[79.77723,11.84623],[79.77755,11.84672],[79.77783,11.84711],[79.77837,11.84765],[79.77909,11.84794],[79.78009,11.84816],[79.78023,11.84909],[79.7803,11.84963],[79.78044,11.85045],[79.78061,11.85137],[79.78118,11.85441],[79.78139,11.85533],[79.7815,11.85569],[79.78167,11.85581],[79.78222,11.85592],[79.78333,11.85591],[79.78421,11.85591],[79.78572,11.85575],[79.787,11.85569],[79.78867,11.85551],[79.78955,11.85537],[79.79027,11.85531],[79.79331,11.85493],[79.79454,11.85482],[79.79479,11.85516],[79.79626,11.85507],[79.79918,11.85514],[79.80061,11.85531],[79.80119,11.85473],[79.80147,11.85435],[79.80211,11.85455],[79.80263,11.85405],[79.80263,11.8532],[79.80321,11.85277],[79.80303,11.85078],[79.80506,11.84939],[79.80509,11.84863],[79.80523,11.8477],[79.80653,11.84717],[79.80768,11.84678],[79.80814,11.8453],[79.80787,11.84475],[79.80773,11.84438],[79.80706,11.84343],[79.80646,11.84264],[79.80618,11.84213],[79.80609,11.84171],[79.80607,11.84049],[79.80616,11.83916],[79.80626,11.83845],[79.80649,11.83712],[79.80685,11.83692],[79.80771,11.8364],[79.80795,11.8374],[79.80821,11.83837],[79.80846,11.83928],[79.80879,11.84045],[79.80908,11.84132],[79.80928,11.84186],[79.80947,11.84214],[79.80968,11.84275],[79.80993,11.84376],[79.8102,11.84464],[79.8104,11.84523],[79.8106,11.84601],[79.81094,11.84709],[79.81111,11.84784],[79.81126,11.84826],[79.8115,11.84889],[79.81155,11.84908],[79.81161,11.84918],[79.81171,11.84938],[79.81181,11.84974],[79.81222,11.851],[79.81231,11.85141],[79.81245,11.85192],[79.81263,11.85216],[79.81272,11.85253],[79.81293,11.8532],[79.81314,11.8538],[79.81332,11.8542],[79.81346,11.85474],[79.81376,11.85548],[79.81395,11.85613],[79.81422,11.85699],[79.81455,11.85784],[79.81483,11.85873],[79.81514,11.85959],[79.81546,11.86047],[79.81609,11.86199],[79.8163,11.86256],[79.81653,11.86311],[79.81685,11.86376],[79.81719,11.86463],[79.81766,11.86567],[79.81811,11.8665],[79.81828,11.86701],[79.8186,11.86791],[79.81882,11.86868],[79.81908,11.86967],[79.8194,11.87034],[79.81959,11.87088],[79.82013,11.87179],[79.82042,11.87224],[79.82074,11.87278],[79.82108,11.87338],[79.82162,11.8742],[79.82198,11.875],[79.82236,11.87577],[79.82264,11.87652],[79.82284,11.87733],[79.82294,11.87786],[79.82304,11.87814],[79.82309,11.87858],[79.82329,11.88017],[79.82341,11.88057],[79.82368,11.88343],[79.82414,11.88662],[79.8248,11.88996]]]},"properties":{"AC_NO":20,"AC_NAME":"Manavely","DIST_NAME":"Pondicherry"}},{"type":"Feature","id":2821,"geometry":{"type":"MultiPolygon","coordinates":[[[[79.67966,11.81451],[79.67894,11.81441],[79.67775,11.8144],[79.67595,11.81431],[79.67584,11.81365],[79.67541,11.81067],[79.67509,11.80858],[79.67491,11.80773],[79.67479,11.8067],[79.67457,11.80356],[79.67554,11.80244],[79.67595,11.80193],[79.67739,11.79958],[79.67845,11.79841],[79.67983,11.79715],[79.68131,11.79632],[79.68167,11.79701],[79.68222,11.79808],[79.68288,11.79965],[79.68389,11.80216],[79.68561,11.80173],[79.68567,11.80248],[79.68744,11.8023],[79.68963,11.80214],[79.69005,11.80436],[79.69028,11.80539],[79.6906,11.80783],[79.69054,11.8085],[79.68967,11.80885],[79.68927,11.80927],[79.68893,11.81005],[79.68857,11.8107],[79.68812,11.8122],[79.68655,11.81228],[79.68577,11.81247],[79.68452,11.81258],[79.68417,11.81269],[79.68266,11.81324],[79.68102,11.81399],[79.67966,11.81451]]],[[[79.65372,11.84277],[79.65359,11.84297],[79.65258,11.84298],[79.65193,11.84346],[79.65151,11.84379],[79.64919,11.84404],[79.64732,11.84422],[79.64718,11.84225],[79.64594,11.84227],[79.64538,11.83908],[79.64576,11.83895],[79.64572,11.83716],[79.64586,11.83608],[79.64591,11.83574],[79.6458,11.83505],[79.64529,11.83433],[79.6446,11.83366],[79.64448,11.83254],[79.64433,11.83197],[79.64429,11.83174],[79.64425,11.8314],[79.64416,11.8311],[79.64398,11.83047],[79.64379,11.8295],[79.64359,11.82851],[79.6434,11.82774],[79.64342,11.8272],[79.64334,11.8264],[79.64324,11.82614],[79.64297,11.82597],[79.64244,11.82568],[79.64226,11.82545],[79.64206,11.82512],[79.64183,11.82481],[79.64163,11.82471],[79.64102,11.82445],[79.64099,11.82415],[79.64095,11.82285],[79.64133,11.82272],[79.64245,11.82259],[79.64365,11.82237],[79.64433,11.82222],[79.64446,11.82133],[79.64514,11.8209],[79.64499,11.82019],[79.64596,11.81991],[79.64697,11.81972],[79.64693,11.81913],[79.64679,11.81814],[79.64648,11.81739],[79.64633,11.81675],[79.64629,11.81626],[79.64788,11.81601],[79.64796,11.81542],[79.6502,11.81527],[79.65149,11.81496],[79.65238,11.8145],[79.65315,11.81435],[79.65438,11.81434],[79.65557,11.81419],[79.65756,11.81393],[79.65839,11.8136],[79.65924,11.81289],[79.65962,11.81284],[79.66001,11.81295],[79.6606,11.81361],[79.66139,11.81348],[79.66272,11.81313],[79.66344,11.81304],[79.66363,11.81324],[79.66405,11.81391],[79.66465,11.81463],[79.66513,11.81495],[79.66536,11.81498],[79.66747,11.815],[79.67123,11.81485],[79.67118,11.81735],[79.67126,11.82358],[79.67038,11.82373],[79.66832,11.82418],[79.66691,11.82436],[79.66492,11.82469],[79.66357,11.82513],[79.66262,11.82565],[79.66199,11.8263],[79.66067,11.82772],[79.66014,11.82851],[79.65972,11.82898],[79.65944,11.82947],[79.65938,11.82982],[79.65972,11.83062],[79.66017,11.83157],[79.66067,11.83286],[79.66097,11.83405],[79.6612,11.83521],[79.66152,11.83628],[79.6618,11.83731],[79.66186,11.83846],[79.66172,11.83931],[79.66091,11.83971],[79.65929,11.8403],[79.65632,11.84131],[79.65476,11.84175],[79.65415,11.84203],[79.65372,11.84277]]],[[[79.63067,11.88121],[79.62967,11.88131],[79.62989,11.88343],[79.62994,11.88469],[79.62983,11.8855],[79.62959,11.8871],[79.62958,11.88785],[79.62975,11.88862],[79.62723,11.88893],[79.62699,11.88896],[79.62493,11.88921],[79.62491,11.89077],[79.62117,11.89056],[79.61909,11.88716],[79.61892,11.88681],[79.61889,11.88633],[79.61851,11.88631],[79.61836,11.88601],[79.61841,11.88565],[79.61844,11.88526],[79.61836,11.88493],[79.61816,11.8846],[79.61792,11.8844],[79.61756,11.88435],[79.61748,11.88388],[79.61664,11.88296],[79.61534,11.88163],[79.61412,11.88065],[79.61167,11.87885],[79.60953,11.87746],[79.6085,11.87698],[79.60817,11.87687],[79.60794,11.8771],[79.60759,11.87792],[79.60746,11.87835],[79.60726,11.87851],[79.60679,11.87881],[79.60651,11.87916],[79.60591,11.87998],[79.60537,11.88068],[79.60484,11.88116],[79.60382,11.88176],[79.60286,11.88218],[79.60181,11.88258],[79.60082,11.88286],[79.6001,11.88292],[79.59933,11.88295],[79.59959,11.88151],[79.59972,11.87984],[79.59986,11.87708],[79.60001,11.87583],[79.60052,11.87566],[79.6013,11.8712],[79.60149,11.8712],[79.6027,11.87171],[79.60293,11.87006],[79.60309,11.86856],[79.60311,11.86747],[79.60299,11.86633],[79.60291,11.86492],[79.60254,11.86347],[79.60244,11.86264],[79.60242,11.86216],[79.60239,11.8616],[79.60212,11.85918],[79.60197,11.8578],[79.60342,11.8584],[79.60424,11.85868],[79.60471,11.85866],[79.60523,11.85861],[79.60565,11.8587],[79.6061,11.85895],[79.60718,11.85995],[79.60763,11.86009],[79.60989,11.86016],[79.61043,11.86028],[79.61017,11.86061],[79.61103,11.86107],[79.61242,11.86167],[79.61221,11.86258],[79.61396,11.86274],[79.61404,11.86305],[79.61553,11.86283],[79.61697,11.86263],[79.61942,11.86267],[79.61957,11.86383],[79.6196,11.86702],[79.61966,11.8686],[79.61915,11.87015],[79.62236,11.86966],[79.62439,11.86945],[79.62556,11.86963],[79.62744,11.86984],[79.62849,11.86979],[79.62837,11.86839],[79.62851,11.86724],[79.62852,11.8653],[79.62726,11.86481],[79.62729,11.86385],[79.62705,11.86053],[79.62688,11.85878],[79.62678,11.85681],[79.62654,11.85563],[79.6264,11.8548],[79.62685,11.85428],[79.62861,11.8539],[79.63077,11.85369],[79.6332,11.85329],[79.63514,11.85309],[79.63691,11.85276],[79.63911,11.85224],[79.64179,11.85161],[79.64407,11.85107],[79.64705,11.85072],[79.64708,11.85005],[79.64986,11.85026],[79.65198,11.85035],[79.65273,11.85052],[79.65377,11.85091],[79.65376,11.85175],[79.65468,11.85183],[79.6568,11.85208],[79.6569,11.85255],[79.65781,11.85264],[79.65784,11.8533],[79.65806,11.85383],[79.65958,11.85631],[79.66073,11.85826],[79.6611,11.85919],[79.66171,11.8593],[79.66155,11.8611],[79.66338,11.86119],[79.66346,11.86282],[79.66346,11.86405],[79.66331,11.86542],[79.66274,11.86546],[79.66267,11.86722],[79.66051,11.86727],[79.66003,11.86758],[79.6596,11.86771],[79.65933,11.86773],[79.65916,11.86862],[79.65777,11.86868],[79.65772,11.87002],[79.65465,11.87019],[79.65041,11.87039],[79.64854,11.87047],[79.6486,11.87188],[79.64859,11.87501],[79.64851,11.87694],[79.64851,11.87803],[79.64842,11.88031],[79.64636,11.88056],[79.64514,11.88062],[79.6444,11.88055],[79.64223,11.88045],[79.64047,11.88058],[79.6407,11.88265],[79.64097,11.88503],[79.64112,11.88596],[79.64112,11.88661],[79.64021,11.88692],[79.63767,11.88777],[79.63595,11.88807],[79.6354,11.88832],[79.63478,11.88877],[79.63477,11.88841],[79.63486,11.888],[79.63479,11.88662],[79.63468,11.88496],[79.6345,11.88098],[79.63067,11.88121]]]]},"properties":{"AC_NO":22,"AC_NAME":"Nettapakkam (SC)","DIST_NAME":"Pondicherry"}},{"type":"Feature","id":2822,"geometry":{"type":"MultiPolygon","coordinates":[[[[79.7377,11.84294],[79.7376,11.84327],[79.73746,11.84425],[79.7372,11.84472],[79.73683,11.84465],[79.73676,11.84426],[79.73677,11.84381],[79.73689,11.84248],[79.737,11.84194],[79.73754,11.83994],[79.7381,11.83778],[79.73811,11.83706],[79.73809,11.83691],[79.73661,11.83697],[79.73503,11.83705],[79.73306,11.83714],[79.73191,11.83704],[79.73132,11.83694],[79.73036,11.83707],[79.72956,11.83719],[79.72947,11.83704],[79.73974,11.8362],[79.74077,11.83485],[79.7416,11.83251],[79.74219,11.83129],[79.74214,11.82748],[79.74376,11.8256],[79.74445,11.82419],[79.74483,11.82315],[79.74531,11.82114],[79.74546,11.81913],[79.74547,11.81835],[79.74512,11.81681],[79.7442,11.81392],[79.75129,11.81361],[79.75681,11.81359],[79.75751,11.81271],[79.75934,11.81207],[79.76195,11.81211],[79.76604,11.81228],[79.76883,11.81233],[79.7715,11.81226],[79.77539,11.81075],[79.78086,11.81038],[79.78426,11.80984],[79.78726,11.80944],[79.7883,11.80852],[79.7894,11.80803],[79.79093,11.80799],[79.79218,11.80977],[79.79416,11.81005],[79.7964,11.81022],[79.79838,11.81006],[79.80041,11.80995],[79.80053,11.81031],[79.80088,11.81213],[79.80121,11.81357],[79.80153,11.81507],[79.80204,11.81656],[79.80245,11.81797],[79.80287,11.81942],[79.80342,11.82134],[79.80379,11.8226],[79.80421,11.82417],[79.80456,11.82585],[79.80474,11.82686],[79.80488,11.82755],[79.80528,11.82853],[79.8057,11.82931],[79.80598,11.82979],[79.80604,11.83006],[79.80622,11.83036],[79.80641,11.83086],[79.80644,11.83093],[79.80673,11.83174],[79.8069,11.83265],[79.80699,11.83347],[79.80618,11.83357],[79.80593,11.8336],[79.80456,11.83356],[79.80341,11.83362],[79.80219,11.83393],[79.80132,11.83472],[79.80097,11.83571],[79.80069,11.83647],[79.80036,11.8377],[79.79979,11.83831],[79.79902,11.83863],[79.79822,11.83874],[79.79776,11.83837],[79.79761,11.83791],[79.79816,11.83572],[79.79837,11.83511],[79.79807,11.8347],[79.79758,11.83437],[79.79701,11.83419],[79.79662,11.83413],[79.7952,11.83383],[79.79378,11.8336],[79.79357,11.83239],[79.79399,11.83242],[79.79461,11.83251],[79.79595,11.83328],[79.79743,11.83352],[79.79862,11.83335],[79.7995,11.83277],[79.79959,11.83208],[79.7998,11.83176],[79.80064,11.83069],[79.80079,11.83013],[79.80061,11.82948],[79.80046,11.82907],[79.80002,11.82875],[79.79916,11.82807],[79.79834,11.8276],[79.7983,11.82577],[79.79804,11.82501],[79.79747,11.8246],[79.79664,11.82448],[79.79593,11.82474],[79.79545,11.82503],[79.795,11.82573],[79.79518,11.82617],[79.79619,11.82696],[79.7961,11.82749],[79.79592,11.82781],[79.79609,11.82811],[79.796,11.82833],[79.79574,11.82854],[79.79529,11.82863],[79.79476,11.82854],[79.79297,11.82774],[79.79229,11.82759],[79.79161,11.82782],[79.78938,11.82901],[79.78879,11.82866],[79.78819,11.82939],[79.78732,11.8294],[79.78642,11.83103],[79.78535,11.83126],[79.78473,11.83138],[79.78408,11.83111],[79.78369,11.83135],[79.78306,11.83178],[79.78253,11.83169],[79.7822,11.83157],[79.78179,11.83172],[79.78119,11.83189],[79.78015,11.83189],[79.77831,11.83176],[79.77796,11.83147],[79.77728,11.83055],[79.77616,11.82871],[79.77606,11.82872],[79.77464,11.82869],[79.77408,11.82722],[79.77432,11.82699],[79.77391,11.82634],[79.77325,11.82643],[79.77329,11.82482],[79.77309,11.82382],[79.77297,11.82271],[79.77107,11.8227],[79.77098,11.82332],[79.76997,11.82349],[79.77006,11.82264],[79.76775,11.82275],[79.76768,11.82339],[79.76492,11.82417],[79.76501,11.82485],[79.76516,11.82685],[79.76526,11.83194],[79.76514,11.83285],[79.76481,11.83293],[79.76448,11.83313],[79.76445,11.83345],[79.76436,11.83378],[79.76389,11.83378],[79.76309,11.83392],[79.7621,11.83447],[79.76065,11.83528],[79.75962,11.83564],[79.75793,11.83595],[79.75778,11.83637],[79.75727,11.83666],[79.75564,11.83691],[79.75563,11.83759],[79.75287,11.83848],[79.75266,11.83804],[79.7507,11.83867],[79.75077,11.83913],[79.74858,11.84065],[79.74665,11.8412],[79.74591,11.84126],[79.74478,11.84133],[79.74322,11.84189],[79.74236,11.84219],[79.74129,11.84207],[79.74026,11.84223],[79.73954,11.8424],[79.73927,11.84263],[79.73917,11.84341],[79.73881,11.84364],[79.73825,11.84304],[79.73794,11.84287],[79.7377,11.84294]]],[[[79.74304,11.88865],[79.74279,11.88887],[79.74139,11.88877],[79.74046,11.88863],[79.73842,11.88842],[79.73692,11.88845],[79.73568,11.8885],[79.73425,11.88841],[79.73345,11.88809],[79.73235,11.88691],[79.73091,11.88732],[79.72761,11.88458],[79.72646,11.88345],[79.72495,11.88349],[79.72199,11.88311],[79.71878,11.88229],[79.71774,11.88143],[79.71569,11.88172],[79.7145,11.88183],[79.71387,11.88225],[79.71336,11.88455],[79.71172,11.88453],[79.7101,11.88358],[79.70938,11.8837],[79.70937,11.88324],[79.70922,11.88232],[79.70913,11.88165],[79.70891,11.87931],[79.7087,11.8775],[79.70854,11.87577],[79.70852,11.87428],[79.70824,11.86952],[79.70824,11.8691],[79.70916,11.86895],[79.70956,11.86861],[79.70973,11.86829],[79.70993,11.86817],[79.71087,11.86798],[79.71105,11.86779],[79.71114,11.86741],[79.71125,11.86686],[79.71255,11.86661],[79.71267,11.86625],[79.71268,11.8654],[79.71272,11.8651],[79.71316,11.86448],[79.71346,11.86396],[79.71353,11.86359],[79.71356,11.86289],[79.71346,11.8618],[79.7134,11.86071],[79.71376,11.86038],[79.71441,11.85961],[79.71477,11.85903],[79.7154,11.85793],[79.71587,11.85686],[79.71629,11.85617],[79.71662,11.85546],[79.71735,11.85452],[79.71809,11.85378],[79.71875,11.85334],[79.71962,11.85304],[79.71965,11.85351],[79.71954,11.85518],[79.7195,11.85575],[79.71946,11.85672],[79.71973,11.8576],[79.72004,11.8585],[79.72058,11.86029],[79.72092,11.86162],[79.72109,11.8625],[79.72232,11.86258],[79.72336,11.8625],[79.72458,11.86228],[79.72558,11.86222],[79.72672,11.86223],[79.72883,11.86242],[79.73108,11.86248],[79.73255,11.86255],[79.73263,11.86551],[79.73376,11.86557],[79.73598,11.86489],[79.7368,11.8648],[79.73885,11.86472],[79.73988,11.8646],[79.74032,11.86439],[79.74079,11.86392],[79.74121,11.86351],[79.74185,11.86285],[79.74203,11.86251],[79.74205,11.862],[79.74205,11.86136],[79.74221,11.86087],[79.74244,11.86058],[79.74314,11.85999],[79.74333,11.85965],[79.74334,11.85905],[79.74374,11.85803],[79.74377,11.85653],[79.74395,11.85489],[79.74402,11.85383],[79.74403,11.85293],[79.74305,11.85279],[79.74298,11.85172],[79.74241,11.85158],[79.74274,11.84991],[79.74308,11.84846],[79.74382,11.8485],[79.74617,11.84893],[79.74823,11.84908],[79.74862,11.84905],[79.74947,11.84833],[79.75033,11.84797],[79.75097,11.84805],[79.75182,11.84839],[79.75253,11.84892],[79.75324,11.84954],[79.75366,11.84978],[79.75386,11.85017],[79.75403,11.85111],[79.75403,11.85177],[79.7538,11.85268],[79.75365,11.85352],[79.7536,11.85384],[79.75369,11.85406],[79.75391,11.85424],[79.75392,11.85459],[79.75383,11.85551],[79.75372,11.856],[79.75361,11.85693],[79.75356,11.85723],[79.75368,11.85755],[79.75362,11.85828],[79.75359,11.85886],[79.75366,11.86],[79.7542,11.86077],[79.75426,11.86108],[79.75431,11.86189],[79.75386,11.86198],[79.75366,11.86215],[79.75367,11.86424],[79.75435,11.86416],[79.75438,11.86476],[79.75445,11.86529],[79.7545,11.86586],[79.7538,11.86598],[79.75484,11.86727],[79.75543,11.8674],[79.75543,11.8679],[79.75703,11.86821],[79.7548,11.8718],[79.75449,11.87207],[79.75373,11.87289],[79.75266,11.87333],[79.75188,11.87362],[79.75072,11.87409],[79.75133,11.8753],[79.75122,11.87621],[79.75113,11.8778],[79.75124,11.87891],[79.75123,11.87928],[79.75119,11.87961],[79.75072,11.88113],[79.75117,11.88285],[79.75208,11.88493],[79.75222,11.88528],[79.75182,11.88796],[79.75003,11.8889],[79.748,11.8888],[79.74727,11.88861],[79.74623,11.88825],[79.74577,11.88824],[79.74304,11.88865]]]]},"properties":{"AC_NO":21,"AC_NAME":"Embalam (SC)","DIST_NAME":"Pondicherry"}},{"type":"Feature","id":2823,"geometry":{"type":"MultiPolygon","coordinates":[[[[79.56555,11.98776],[79.56536,11.987749999999998],[79.56522,11.9879],[79.56522,11.988079999999998],[79.56536,11.988819999999999],[79.56579,11.99026],[79.56579,11.99068],[79.56598,11.99138],[79.56631,11.99175],[79.56716,11.992439999999998],[79.56784,11.99364],[79.56796,11.993829999999999],[79.56749,11.99406],[79.5666,11.99467],[79.56571,11.9955],[79.56467,11.996529999999998],[79.56303,11.998299999999999],[79.56199,11.998899999999999],[79.56105,11.998999999999999],[79.5594,11.998949999999999],[79.55799,11.998299999999999],[79.55762,11.997279999999998],[79.55678,11.99509],[79.55582,11.993989999999998],[79.55411,11.993049999999998],[79.5537,11.992099999999999],[79.55361,11.991309999999999],[79.55365,11.991019999999999],[79.55384,11.990849999999998],[79.55423,11.990599999999999],[79.55496,11.990319999999999],[79.5555,11.990099999999998],[79.55577,11.989889999999999],[79.55597,11.989469999999999],[79.55614,11.988869999999999],[79.55632,11.988599999999998],[79.55665,11.98823],[79.5572,11.98782],[79.55744,11.987649999999999],[79.55768,11.987359999999999],[79.5581,11.986579999999998],[79.55839,11.985809999999999],[79.55852,11.98556],[79.55864,11.985289999999999],[79.55882,11.98496],[79.55898,11.984609999999998],[79.55935,11.98402],[79.5598,11.983479999999998],[79.56014,11.982959999999999],[79.56286,11.984889999999998],[79.56366,11.985479999999999],[79.56469,11.985619999999999],[79.56517,11.985299999999999],[79.56536,11.985299999999999],[79.56521,11.986089999999999],[79.56536,11.98678],[79.56517,11.98683],[79.56522,11.98711],[79.56541,11.98711],[79.56555,11.98776]]],[[[79.56177,12.05173],[79.5615,12.05182],[79.56123,12.051659999999998],[79.56103,12.051569999999998],[79.56056,12.051599999999999],[79.56035,12.051659999999998],[79.560150000000007,12.051659999999998],[79.55988,12.051599999999999],[79.55968,12.051459999999999],[79.5595,12.051189999999998],[79.5595,12.05092],[79.5595,12.05059],[79.5595,12.050249999999998],[79.55941,12.049999999999999],[79.55914,12.0498],[79.55887,12.049729999999998],[79.5584,12.04971],[79.55809,12.04965],[79.55748,12.049199999999999],[79.55652,12.048749999999998],[79.55573,12.048499999999999],[79.55513,12.048119999999999],[79.55481,12.047649999999999],[79.55501,12.047109999999998],[79.55535,12.0467],[79.55589,12.046429999999999],[79.557150000000007,12.0461],[79.55746,12.045939999999998],[79.55782,12.04534],[79.55804,12.04491],[79.55802,12.04318],[79.55802,12.04253],[79.55816,12.041899999999998],[79.5587,12.04098],[79.55968,12.040239999999999],[79.56087,12.039789999999998],[79.5611,12.039579999999999],[79.56108,12.037709999999999],[79.56245,12.03826],[79.56281,12.0383],[79.56332,12.03769],[79.56411,12.0376],[79.56441,12.035639999999999],[79.56454,12.0346],[79.56472,12.034009999999999],[79.56504,12.033489999999999],[79.56524,12.03243],[79.56546,12.03117],[79.56524,12.030109999999999],[79.56492,12.028809999999998],[79.56515,12.027859999999999],[79.56463,12.027729999999998],[79.56429,12.025939999999999],[79.5638,12.02376],[79.56128,12.023649999999998],[79.55968,12.023459999999998],[79.55968,12.022519999999998],[79.55646,12.023459999999998],[79.55547,12.02356],[79.55466,12.020789999999998],[79.55447,12.019989999999998],[79.55348,12.019989999999998],[79.55296,12.019469999999998],[79.55179,12.018159999999998],[79.55152,12.01676],[79.55082,12.01602],[79.55038,12.015619999999998],[79.55019,12.015159999999998],[79.55031,12.01442],[79.55047,12.014199999999999],[79.55044,12.01343],[79.55051,12.01311],[79.55085,12.012569999999998],[79.55098,12.011669999999999],[79.55071,12.010769999999999],[79.55121,12.010589999999999],[79.55071,12.009709999999998],[79.55094,12.008989999999999],[79.55164,12.007549999999998],[79.55164,12.006689999999999],[79.55148,12.00611],[79.55146,12.005209999999998],[79.55177,12.005049999999999],[79.55193,12.005239999999999],[79.55211,12.005769999999998],[79.55236,12.005909999999998],[79.5526,12.005909999999998],[79.55395,12.005049999999999],[79.55477,12.00503],[79.55548,12.00476],[79.55584,12.00307],[79.55447,12.002719999999998],[79.55432,12.000219999999999],[79.55401,11.999199999999998],[79.55231,11.99874],[79.552270000000007,11.998349999999999],[79.55282,11.998099999999999],[79.55405,11.997959999999999],[79.5542,11.99776],[79.55472,11.997459999999998],[79.55546,11.997919999999999],[79.55448,11.999369999999999],[79.55602,11.99922],[79.55638,11.99941],[79.55773,11.99997],[79.55971,12.000369999999998],[79.56022,12.00096],[79.56057,12.001069999999999],[79.561090000000007,12.00119],[79.56115,12.00138],[79.56068,12.001549999999998],[79.56077,12.00194],[79.5608,12.00227],[79.56057,12.002519999999999],[79.56035,12.002489999999998],[79.55975,12.002249999999998],[79.55948,12.00226],[79.55878,12.002749999999999],[79.55827,12.00232],[79.55813,12.00274],[79.5577,12.002809999999998],[79.55762,12.002979999999999],[79.55684,12.003139999999998],[79.55697,12.003379999999998],[79.55647,12.003989999999998],[79.55626,12.004399999999999],[79.55605,12.004829999999998],[79.55632,12.005329999999999],[79.55744,12.005749999999999],[79.558,12.006039999999999],[79.558180000000007,12.006469999999998],[79.55825,12.006849999999998],[79.55872,12.00729],[79.55942,12.007869999999999],[79.56014,12.00841],[79.5606,12.00842],[79.56078,12.008239999999999],[79.56099,12.007969999999998],[79.56103,12.007499999999999],[79.56105,12.005859999999998],[79.56132,12.005069999999998],[79.56233,12.005439999999998],[79.5629,12.005349999999998],[79.56422,12.0049],[79.56497,12.00471],[79.56521,12.004669999999999],[79.56575,12.00489],[79.56607,12.005799999999999],[79.56655,12.00546],[79.5669,12.00532],[79.56709,12.005619999999999],[79.56746,12.005479999999999],[79.56769,12.006039999999999],[79.56792,12.00659],[79.56893,12.006739999999999],[79.56956,12.00649],[79.56963,12.005889999999999],[79.5705,12.005909999999998],[79.57078,12.0049],[79.57102,12.00462],[79.57143,12.004439999999999],[79.57174,12.004529999999999],[79.57183,12.0048],[79.57185,12.005619999999999],[79.57205,12.006089999999999],[79.57274,12.006329999999998],[79.57364,12.00634],[79.57441,12.007439999999999],[79.57506,12.00823],[79.57551,12.00841],[79.57771,12.00841],[79.57826,12.00865],[79.57825,12.00931],[79.57906,12.010769999999999],[79.57861,12.012669999999998],[79.578640000000007,12.013329999999998],[79.57891,12.013929999999998],[79.57906,12.01526],[79.57933,12.01672],[79.57686,12.018329999999999],[79.57438,12.01986],[79.57114,12.02095],[79.5686,12.02169],[79.56828,12.023359999999998],[79.56811,12.02362],[79.56684,12.023399999999999],[79.56636,12.025079999999999],[79.56593,12.025979999999999],[79.56596,12.026269999999998],[79.56631,12.027489999999998],[79.56634,12.02844],[79.56661,12.029359999999999],[79.56706,12.030619999999999],[79.56695,12.031299999999998],[79.5667,12.03187],[79.56686,12.0322],[79.56713,12.03254],[79.56746,12.033779999999998],[79.5678,12.034909999999998],[79.56809,12.035309999999999],[79.5683,12.03628],[79.56843,12.03718],[79.56857,12.038429999999998],[79.56868,12.03929],[79.56847,12.04027],[79.56783,12.04126],[79.56795,12.042],[79.56812,12.04285],[79.56855,12.043519999999999],[79.56931,12.04431],[79.56974,12.044889999999999],[79.56983,12.045079999999999],[79.56979,12.045369999999998],[79.56964,12.045639999999999],[79.56951,12.0459],[79.56931,12.046119999999998],[79.56884,12.046529999999999],[79.5685,12.04689],[79.56823,12.047329999999999],[79.56776,12.047899999999998],[79.56718,12.04821],[79.5665,12.048369999999998],[79.56554,12.04834],[79.56493,12.04843],[79.56426,12.048839999999998],[79.56338,12.049489999999999],[79.5628,12.04985],[79.56273,12.049579999999999],[79.5626,12.049259999999999],[79.56246,12.049079999999998],[79.56224,12.049109999999999],[79.56206,12.04924],[79.56195,12.049779999999998],[79.56204,12.050379999999999],[79.56197,12.05126],[79.5619,12.051569999999998],[79.56177,12.05173]]]]},"properties":{"AC_NO":29,"AC_NAME":"Mahe","DIST_NAME":"Mahe"}},{"type":"Feature","id":2824,"geometry":{"type":"MultiPolygon","coordinates":[[[[79.70035,11.82166],[79.69256,11.82248],[79.69196,11.81417],[79.7026,11.81347],[79.70035,11.82166]]],[[[79.75751,11.81271],[79.75681,11.81359],[79.75129,11.81361],[79.7442,11.81392],[79.74512,11.81681],[79.74547,11.81835],[79.74546,11.81913],[79.74531,11.82114],[79.74483,11.82315],[79.74445,11.82419],[79.74376,11.8256],[79.74214,11.82748],[79.74219,11.83129],[79.7416,11.83251],[79.74077,11.83485],[79.73974,11.8362],[79.72947,11.83704],[79.72943,11.83697],[79.73061,11.83561],[79.73235,11.83345],[79.73226,11.83211],[79.73201,11.82948],[79.73188,11.82785],[79.73162,11.82515],[79.73164,11.82443],[79.73265,11.82429],[79.73283,11.8232],[79.73295,11.81952],[79.73292,11.81821],[79.734,11.81771],[79.7345,11.81738],[79.73468,11.81715],[79.73479,11.81685],[79.73479,11.81648],[79.73437,11.8152],[79.73429,11.8145],[79.73441,11.81384],[79.73459,11.81348],[79.73479,11.81325],[79.73534,11.81259],[79.73602,11.81213],[79.73588,11.81055],[79.7357,11.80934],[79.73389,11.80938],[79.73238,11.80939],[79.7298,11.80927],[79.72977,11.81008],[79.72777,11.81018],[79.72446,11.8104],[79.72428,11.80837],[79.72428,11.80724],[79.72435,11.80683],[79.72441,11.80666],[79.7249,11.80624],[79.72551,11.80585],[79.72533,11.80406],[79.72528,11.80293],[79.72318,11.80299],[79.72287,11.80209],[79.7227,11.80135],[79.72259,11.79981],[79.72266,11.7996],[79.72353,11.79905],[79.72279,11.79799],[79.7228,11.79649],[79.72156,11.79698],[79.72051,11.79721],[79.71899,11.79749],[79.71692,11.79749],[79.71688,11.79674],[79.71676,11.79643],[79.7157,11.79627],[79.71392,11.79626],[79.71364,11.79557],[79.71295,11.79347],[79.7124,11.79155],[79.71287,11.79087],[79.71401,11.7899],[79.71581,11.78833],[79.718,11.78646],[79.71983,11.78493],[79.72189,11.78685],[79.72336,11.78491],[79.72429,11.78376],[79.7249,11.7832],[79.72574,11.78271],[79.72691,11.78226],[79.72852,11.78184],[79.72929,11.78166],[79.73,11.78141],[79.73054,11.78103],[79.73132,11.78083],[79.73228,11.78075],[79.73332,11.78065],[79.7358,11.78061],[79.73811,11.78091],[79.73965,11.78097],[79.74061,11.78075],[79.74168,11.78032],[79.74431,11.77895],[79.74572,11.77823],[79.74659,11.7777],[79.74862,11.77675],[79.74971,11.77613],[79.75117,11.77562],[79.7526,11.77574],[79.75411,11.77551],[79.75503,11.77528],[79.75589,11.7754],[79.75665,11.77845],[79.75667,11.77973],[79.7572,11.78143],[79.75743,11.78298],[79.75753,11.78349],[79.75806,11.78355],[79.75833,11.78384],[79.75829,11.78499],[79.75927,11.78593],[79.75992,11.78707],[79.7609,11.78698],[79.76101,11.78818],[79.76095,11.78865],[79.76157,11.78938],[79.76193,11.79083],[79.76309,11.7906],[79.7635,11.79107],[79.76463,11.79113],[79.76477,11.79137],[79.76537,11.79137],[79.76584,11.79187],[79.76875,11.79077],[79.76879,11.78917],[79.7693,11.78893],[79.77059,11.78956],[79.77102,11.78818],[79.77064,11.78789],[79.77046,11.78756],[79.77031,11.78718],[79.77055,11.78648],[79.77055,11.78601],[79.77035,11.78543],[79.77006,11.78458],[79.77009,11.784],[79.77016,11.78347],[79.77048,11.78315],[79.7708,11.78309],[79.77078,11.78271],[79.77131,11.78237],[79.77187,11.78222],[79.77276,11.78237],[79.77374,11.78224],[79.77471,11.78195],[79.77492,11.7825],[79.77706,11.78172],[79.77861,11.78117],[79.78042,11.78115],[79.78118,11.78434],[79.78242,11.78453],[79.78301,11.78499],[79.78393,11.78632],[79.78437,11.78739],[79.78793,11.78668],[79.79238,11.78602],[79.79576,11.78554],[79.79597,11.78718],[79.79618,11.78837],[79.79649,11.79028],[79.79667,11.79188],[79.79685,11.79339],[79.79682,11.79373],[79.79709,11.79454],[79.79738,11.79604],[79.79755,11.79728],[79.79795,11.79899],[79.79831,11.80089],[79.79845,11.80205],[79.79868,11.80297],[79.79894,11.80383],[79.79907,11.80451],[79.7992,11.80489],[79.7992,11.80515],[79.79941,11.80589],[79.79949,11.80641],[79.79973,11.80742],[79.80012,11.80902],[79.80041,11.80995],[79.79838,11.81006],[79.7964,11.81022],[79.79416,11.81005],[79.79218,11.80977],[79.79093,11.80799],[79.7894,11.80803],[79.7883,11.80852],[79.78726,11.80944],[79.78426,11.80984],[79.78086,11.81038],[79.77539,11.81075],[79.7715,11.81226],[79.76883,11.81233],[79.76604,11.81228],[79.76195,11.81211],[79.75934,11.81207],[79.75751,11.81271]]]]},"properties":{"AC_NO":23,"AC_NAME":"Bahour","DIST_NAME":"Pondicherry"}},{"type":"Feature","id":2825,"geometry":{"type":"Polygon","coordinates":[[[79.76754,11.74782],[79.7678,11.74735],[79.76795,11.74717],[79.76798,11.74681],[79.76776,11.746210000000001],[79.76744,11.74521],[79.7674,11.74414],[79.76761,11.74347],[79.76767,11.7429],[79.76779,11.74186],[79.76777,11.74156],[79.76757,11.740910000000001],[79.7674,11.74046],[79.76709,11.74006],[79.76677,11.73987],[79.76672,11.7398],[79.76686,11.739650000000001],[79.76697,11.73958],[79.76778,11.73977],[79.76805,11.739830000000001],[79.76892,11.73999],[79.77008,11.739970000000001],[79.77078,11.73972],[79.77127,11.73962],[79.771959999999993,11.739510000000001],[79.7723,11.739130000000001],[79.77237,11.73822],[79.77227,11.73667],[79.77225,11.73437],[79.77444,11.73443],[79.77471,11.73452],[79.77503,11.73503],[79.77523,11.73535],[79.77583,11.73545],[79.77618,11.7353],[79.77646,11.73504],[79.77655,11.734950000000001],[79.77749,11.735090000000001],[79.77781,11.73504],[79.77792,11.73498],[79.77804,11.73451],[79.77794,11.73278],[79.7778,11.731300000000001],[79.77506,11.731],[79.77495,11.729470000000001],[79.77409,11.72938],[79.77205,11.72924],[79.7722,11.728390000000001],[79.77304,11.72847],[79.77351,11.72767],[79.77414,11.72667],[79.77431,11.72563],[79.77428,11.72503],[79.77401,11.72466],[79.77388,11.72417],[79.77391,11.723840000000001],[79.7739,11.723550000000001],[79.77413,11.72338],[79.77452,11.72354],[79.77506,11.723930000000001],[79.77571,11.724260000000001],[79.77609,11.724400000000001],[79.77657,11.723980000000001],[79.77688,11.72371],[79.77718,11.723600000000001],[79.77763,11.72339],[79.77795,11.72333],[79.7784,11.72352],[79.77866,11.723700000000001],[79.7788,11.723690000000001],[79.77893,11.72342],[79.77922,11.72194],[79.77949,11.720740000000001],[79.77971,11.720040000000001],[79.77993,11.71959],[79.78046,11.71929],[79.78111,11.71904],[79.78185,11.71837],[79.78215,11.71803],[79.78164,11.71697],[79.78117,11.7178],[79.7811,11.717870000000001],[79.781,11.71737],[79.78105,11.7165],[79.7811,11.71624],[79.78154,11.71512],[79.78202,11.714210000000001],[79.78213,11.71357],[79.78343,11.712710000000001],[79.78807,11.71476],[79.79039,11.716190000000001],[79.79271,11.71648],[79.80238,11.716800000000001],[79.80334,11.71297],[79.8046,11.70332],[79.80943,11.703560000000001],[79.8143,11.70165],[79.82151,11.699620000000001],[79.8262,11.69759],[79.82672,11.69758],[79.82472,11.70158],[79.83083,11.70228],[79.82853,11.711590000000001],[79.82997,11.71414],[79.84135,11.7143],[79.84634,11.7155],[79.85142,11.71526],[79.85399,11.716040000000001],[79.85578,11.71657],[79.85961,11.716700000000001],[79.86922,11.71643],[79.87369,11.71603],[79.87361,11.71743],[79.87357,11.71852],[79.87372,11.72029],[79.87362,11.721580000000001],[79.87339,11.722990000000001],[79.87349,11.724110000000001],[79.8737,11.72647],[79.87363,11.72729],[79.87344,11.728110000000001],[79.8734,11.728990000000001],[79.87337,11.72944],[79.87346,11.73029],[79.87355,11.73117],[79.87368,11.73278],[79.87379,11.734760000000001],[79.87129,11.73534],[79.87126,11.73661],[79.8708,11.73736],[79.87032,11.73817],[79.87002,11.73888],[79.87001,11.739180000000001],[79.87014,11.73976],[79.87022,11.74013],[79.87025,11.74034],[79.87002,11.74122],[79.87005,11.74175],[79.87064,11.74296],[79.87094,11.74343],[79.87111,11.74375],[79.87121,11.743920000000001],[79.87124,11.74409],[79.87117,11.744580000000001],[79.87088,11.74543],[79.87061,11.74578],[79.87054,11.745800000000001],[79.87004,11.7459],[79.86794,11.745930000000001],[79.86757,11.745940000000001],[79.86716,11.74601],[79.86611,11.74677],[79.86567,11.74666],[79.86447,11.746410000000001],[79.862799999999993,11.746220000000001],[79.86234,11.74627],[79.86218,11.746410000000001],[79.86198,11.747060000000001],[79.861769999999993,11.74727],[79.85879,11.747340000000001],[79.85901,11.74869],[79.85937,11.74998],[79.85949,11.75132],[79.85963,11.75356],[79.85887,11.753160000000001],[79.85769,11.75303],[79.8571,11.75304],[79.85575,11.753440000000001],[79.85412,11.75385],[79.85263,11.75426],[79.8513,11.75432],[79.84971,11.75379],[79.84876,11.753630000000001],[79.84834,11.75329],[79.84816,11.752920000000001],[79.84779,11.75219],[79.84761,11.751370000000001],[79.84776,11.75037],[79.84767,11.750020000000001],[79.84755,11.74977],[79.84728,11.74963],[79.8455,11.7497],[79.84514,11.74981],[79.84474,11.750060000000001],[79.84423,11.7506],[79.84362,11.75135],[79.84318,11.751850000000001],[79.8428,11.75207],[79.84235,11.75226],[79.84175,11.7522],[79.84139,11.75188],[79.84117,11.75101],[79.84105,11.750350000000001],[79.84089,11.74993],[79.84071,11.749740000000001],[79.84047,11.74967],[79.84003,11.74965],[79.83925,11.750010000000001],[79.83868,11.750630000000001],[79.83747,11.752640000000001],[79.83726,11.75294],[79.83693,11.75388],[79.83607,11.755],[79.8352,11.75528],[79.8346,11.75521],[79.83348,11.75427],[79.83394,11.753390000000001],[79.83423,11.75294],[79.83403,11.75237],[79.83367,11.75155],[79.83337,11.751230000000001],[79.83318,11.75102],[79.83252,11.75065],[79.83185,11.75057],[79.83055,11.75085],[79.82931,11.751230000000001],[79.82834,11.75136],[79.8275,11.751380000000001],[79.82639,11.75093],[79.82584,11.750620000000001],[79.82532,11.750480000000001],[79.82432,11.74994],[79.82363,11.749130000000001],[79.82301,11.74834],[79.82259,11.74751],[79.82248,11.74704],[79.82261,11.7467],[79.82281,11.74629],[79.82424,11.74555],[79.82505,11.74515],[79.82546,11.744760000000001],[79.82562,11.74445],[79.82552,11.74414],[79.82532,11.74362],[79.82506,11.74338],[79.82488,11.74381],[79.82471,11.74419],[79.82446,11.744290000000001],[79.824,11.74421],[79.82336,11.74375],[79.82318,11.7436],[79.82316,11.74341],[79.8234,11.74311],[79.82374,11.74281],[79.82395,11.742650000000001],[79.82403,11.74247],[79.82391,11.74206],[79.82369,11.741950000000001],[79.82337,11.74196],[79.82324,11.74164],[79.82311,11.74089],[79.823,11.74057],[79.82303,11.74053],[79.82355,11.74036],[79.82349,11.73882],[79.82347,11.73858],[79.82342,11.73846],[79.8233,11.73837],[79.82322,11.73839],[79.82308,11.738570000000001],[79.82293,11.73911],[79.822729999999993,11.73956],[79.82233,11.73992],[79.82182,11.73991],[79.82143,11.73973],[79.82119,11.73958],[79.820759999999993,11.73893],[79.82053,11.73859],[79.82022,11.738380000000001],[79.81969,11.738190000000001],[79.81925,11.73808],[79.81892,11.73792],[79.81859,11.73764],[79.81843,11.737400000000001],[79.81834,11.737060000000001],[79.81837,11.736780000000001],[79.81851,11.736320000000001],[79.81882,11.734340000000001],[79.81825,11.734350000000001],[79.81714,11.73399],[79.8159,11.73433],[79.81558,11.73438],[79.81508,11.73447],[79.81404,11.734440000000001],[79.81364,11.734490000000001],[79.81328,11.73459],[79.81249,11.73518],[79.81132,11.73591],[79.81097,11.736180000000001],[79.81072,11.736970000000001],[79.81062,11.73731],[79.81058,11.737390000000001],[79.81019,11.737630000000001],[79.80955,11.73813],[79.80936,11.73836],[79.80923,11.73854],[79.80909,11.7387],[79.80885,11.73879],[79.808,11.73874],[79.80763,11.73897],[79.8079,11.739640000000001],[79.80743,11.73991],[79.80638,11.7406],[79.80576,11.741100000000001],[79.80546,11.74151],[79.8054,11.74179],[79.80542,11.74206],[79.8055,11.74229],[79.80577,11.742320000000001],[79.80665,11.74207],[79.80701,11.74205],[79.80759,11.74234],[79.80839,11.742740000000001],[79.80841,11.743400000000001],[79.8082,11.744],[79.80788,11.74482],[79.80754,11.745560000000001],[79.80651,11.74705],[79.8063,11.74752],[79.80632,11.74792],[79.80634,11.74821],[79.80617,11.74854],[79.8059,11.74873],[79.80543,11.74887],[79.80493,11.74881],[79.80445,11.74876],[79.80391,11.74858],[79.80348,11.748370000000001],[79.80291,11.748180000000001],[79.803209999999993,11.74752],[79.80332,11.74722],[79.80341,11.746920000000001],[79.80342,11.746730000000001],[79.80345,11.74651],[79.80337,11.74639],[79.80324,11.74632],[79.80294,11.74628],[79.80235,11.74662],[79.80155,11.747200000000001],[79.80069,11.74764],[79.79967,11.74785],[79.79878,11.74811],[79.7983,11.74836],[79.79819,11.748470000000001],[79.79842,11.74877],[79.79882,11.74929],[79.79928,11.74968],[79.7994,11.749920000000001],[79.79922,11.7501],[79.79844,11.750160000000001],[79.79796,11.750160000000001],[79.79753,11.750010000000001],[79.79681,11.74958],[79.79615,11.74914],[79.79569,11.74907],[79.79498,11.74901],[79.79365,11.749170000000001],[79.79186,11.74949],[79.79138,11.749500000000001],[79.79095,11.749220000000001],[79.79042,11.74873],[79.79009,11.74867],[79.78945,11.74874],[79.78862,11.74892],[79.78821,11.749130000000001],[79.78778,11.74942],[79.78718,11.7493],[79.78691,11.7492],[79.78647,11.74895],[79.78616,11.748850000000001],[79.78604,11.74883],[79.78592,11.74937],[79.78531,11.749540000000001],[79.78432,11.74979],[79.78429,11.75033],[79.78421,11.75047],[79.78349,11.75042],[79.78262,11.7506],[79.78227,11.75174],[79.78223,11.75223],[79.78217,11.75248],[79.78189,11.75273],[79.7815,11.75285],[79.78114,11.752650000000001],[79.78075,11.751990000000001],[79.78047,11.75136],[79.78005,11.750670000000001],[79.77969,11.7505],[79.77942,11.75051],[79.7793,11.750760000000001],[79.77932,11.751570000000001],[79.7792,11.752],[79.77884,11.75266],[79.77861,11.752930000000001],[79.77823,11.75336],[79.77757,11.753730000000001],[79.7771,11.753910000000001],[79.77668,11.7539],[79.7765,11.754000000000001],[79.77641,11.75422],[79.77617,11.75492],[79.7757,11.755230000000001],[79.77518,11.755230000000001],[79.77469,11.75512],[79.77428,11.75486],[79.77388,11.75417],[79.77373,11.75406],[79.77347,11.75407],[79.773,11.75436],[79.7724,11.75454],[79.77183,11.75456],[79.77109,11.754340000000001],[79.77024,11.754280000000001],[79.76945,11.754340000000001],[79.76894,11.75445],[79.76806,11.75468],[79.76769,11.754610000000001],[79.76717,11.75453],[79.76654,11.754420000000001],[79.76615,11.75407],[79.76633,11.753490000000001],[79.76682,11.752920000000001],[79.76794,11.74939],[79.76763,11.74902],[79.76748,11.74792],[79.76754,11.74782]]]},"properties":{"AC_NO":24,"AC_NAME":"Nedungadu (SC)","DIST_NAME":"Karaikal"}},{"type":"Feature","id":2826,"geometry":{"type":"Polygon","coordinates":[[[79.87369,11.71603],[79.86922,11.71643],[79.85961,11.716700000000001],[79.85578,11.71657],[79.85399,11.716040000000001],[79.85142,11.71526],[79.84634,11.7155],[79.84135,11.7143],[79.82997,11.71414],[79.82853,11.711590000000001],[79.83083,11.70228],[79.82472,11.70158],[79.82672,11.69758],[79.82721,11.6965],[79.82765,11.695260000000001],[79.82815,11.6937],[79.82859,11.69251],[79.82888,11.69116],[79.82895,11.689960000000001],[79.83124,11.68848],[79.83407,11.68951],[79.83591,11.688170000000001],[79.83623,11.687940000000001],[79.83655,11.687470000000001],[79.83793,11.68523],[79.83845,11.68488],[79.84047,11.68257],[79.84168,11.68133],[79.84248,11.68049],[79.84482,11.680330000000001],[79.84669,11.679400000000001],[79.8496,11.6769],[79.87202,11.67482],[79.87195,11.675310000000001],[79.87211,11.67646],[79.87221,11.677200000000001],[79.87223,11.67811],[79.8721,11.67929],[79.87229,11.681750000000001],[79.87244,11.68417],[79.87264,11.688790000000001],[79.87263,11.69128],[79.8728,11.69449],[79.87276,11.69717],[79.87279,11.69997],[79.8729,11.701080000000001],[79.87293,11.702530000000001],[79.87283,11.70409],[79.87288,11.706990000000001],[79.87284,11.709610000000001],[79.87302,11.71146],[79.87299,11.71263],[79.87301,11.7139],[79.87302,11.71434],[79.87371,11.715670000000001],[79.87369,11.71603]]]},"properties":{"AC_NO":26,"AC_NAME":"Karaikal North","DIST_NAME":"Karaikal"}},{"type":"Feature","id":2827,"geometry":{"type":"MultiPolygon","coordinates":[[[[79.75914,11.67159],[79.75914,11.67218],[79.7589,11.672460000000001],[79.75888,11.67282],[79.75853,11.67275],[79.75869,11.672120000000001],[79.75824,11.67197],[79.758259999999993,11.67157],[79.75914,11.67159]]],[[[79.74173,11.6888],[79.74166,11.68971],[79.74105,11.68975],[79.74097,11.68858],[79.73969,11.688640000000001],[79.73961,11.687560000000001],[79.74099,11.68743],[79.74105,11.686480000000001],[79.74144,11.68657],[79.74143,11.6875],[79.74203,11.687560000000001],[79.74205,11.68856],[79.74173,11.6888]]],[[[79.75033,11.72194],[79.74977,11.72193],[79.74925,11.720880000000001],[79.74627,11.720590000000001],[79.74545,11.72082],[79.74518,11.72029],[79.74411,11.7203],[79.74427,11.72108],[79.74325,11.721110000000001],[79.74285,11.720030000000001],[79.74257,11.720500000000001],[79.74183,11.720500000000001],[79.74128,11.71963],[79.74079,11.719660000000001],[79.74096,11.72053],[79.74029,11.720600000000001],[79.73997,11.719850000000001],[79.73866,11.71991],[79.73865,11.7193],[79.73891,11.718440000000001],[79.73975,11.717780000000001],[79.74007,11.71738],[79.74008,11.715860000000001],[79.7399,11.71439],[79.73977,11.713700000000001],[79.73987,11.712990000000001],[79.73956,11.711870000000001],[79.73935,11.709480000000001],[79.73832,11.70847],[79.73864,11.70766],[79.73813,11.70743],[79.738739999999993,11.70646],[79.7389,11.705960000000001],[79.73915,11.705950000000001],[79.73896,11.708120000000001],[79.74022,11.70809],[79.7402,11.70762],[79.73976,11.70761],[79.73985,11.70705],[79.74063,11.70701],[79.74063,11.70505],[79.73901,11.705070000000001],[79.739,11.704550000000001],[79.7392,11.70369],[79.74002,11.70316],[79.74014,11.70363],[79.74054,11.703560000000001],[79.74065,11.70279],[79.74134,11.703610000000001],[79.74168,11.7028],[79.74294,11.702860000000001],[79.74306,11.70329],[79.743619999999993,11.70312],[79.7438,11.702910000000001],[79.74386,11.702490000000001],[79.74434,11.702490000000001],[79.74436,11.70292],[79.74482,11.70273],[79.74501,11.703090000000001],[79.74575,11.70268],[79.74605,11.703190000000001],[79.74655,11.703140000000001],[79.74664,11.70261],[79.74784,11.7026],[79.74876,11.70302],[79.74904,11.70289],[79.7487,11.70233],[79.74905,11.702110000000001],[79.74957,11.70282],[79.75044,11.70259],[79.75106,11.70304],[79.75179,11.70266],[79.75193,11.70382],[79.75174,11.706240000000001],[79.75184,11.70684],[79.75285,11.70644],[79.75311,11.70735],[79.75256,11.70744],[79.75258,11.70823],[79.75395,11.70833],[79.75393,11.70899],[79.75595,11.70864],[79.75571,11.704320000000001],[79.75671,11.7039],[79.75612,11.702200000000001],[79.75603,11.701680000000001],[79.75605,11.70114],[79.7563,11.700420000000001],[79.75078,11.69893],[79.75076,11.69815],[79.74991,11.69738],[79.75005,11.695770000000001],[79.74905,11.6957],[79.74856,11.6951],[79.74723,11.69539],[79.74651,11.69533],[79.74593,11.6951],[79.74533,11.69482],[79.74461,11.69452],[79.74407,11.69388],[79.74377,11.69316],[79.74342,11.693330000000001],[79.74324,11.69275],[79.74381,11.69252],[79.74373,11.69219],[79.74401,11.69201],[79.74449,11.692540000000001],[79.74453,11.69194],[79.74406,11.6912],[79.74455,11.690710000000001],[79.74438,11.68975],[79.74539,11.69021],[79.74652,11.68928],[79.74639,11.688730000000001],[79.74407,11.68854],[79.74365,11.68768],[79.74246,11.68755],[79.74245,11.686390000000001],[79.74331,11.68641],[79.74331,11.686950000000001],[79.74394,11.68698],[79.74415,11.68763],[79.74478,11.68763],[79.74464,11.68698],[79.74592,11.686900000000001],[79.74601,11.68772],[79.74851,11.68786],[79.74866,11.68548],[79.74708,11.68552],[79.74685,11.68652],[79.74619,11.68655],[79.74567,11.68562],[79.74489,11.68558],[79.7447,11.68365],[79.74404,11.683430000000001],[79.74421,11.681930000000001],[79.74392,11.681420000000001],[79.74419,11.68047],[79.74485,11.6805],[79.74641,11.6799],[79.74685,11.67988],[79.74722,11.68],[79.74824,11.68012],[79.74856,11.67993],[79.74875,11.67957],[79.74943,11.67988],[79.74903,11.678980000000001],[79.74955,11.67871],[79.7501,11.6798],[79.75067,11.679640000000001],[79.7505,11.678930000000001],[79.75082,11.678970000000001],[79.7512,11.679030000000001],[79.75164,11.679260000000001],[79.75203,11.67957],[79.75225,11.67975],[79.75327,11.67952],[79.75386,11.67895],[79.75497,11.67894],[79.75476,11.67802],[79.75446,11.67746],[79.75445,11.677290000000001],[79.75467,11.67617],[79.75753,11.67622],[79.75669,11.677100000000001],[79.75751,11.6777],[79.75853,11.67778],[79.75855,11.6766],[79.75782,11.67548],[79.7578,11.674760000000001],[79.75852,11.674760000000001],[79.75852,11.67519],[79.7588,11.67526],[79.75871,11.676070000000001],[79.75932,11.676250000000001],[79.76074,11.676350000000001],[79.76135,11.676300000000001],[79.76199,11.676060000000001],[79.76231,11.675790000000001],[79.76247,11.67427],[79.76285,11.67055],[79.76146,11.670340000000001],[79.76109,11.669450000000001],[79.76181,11.669070000000001],[79.76247,11.66899],[79.76296,11.67019],[79.76382,11.67028],[79.76402,11.6708],[79.7647,11.67078],[79.7645,11.67038],[79.76427,11.6701],[79.76411,11.66946],[79.76425,11.66824],[79.76421,11.66752],[79.76269,11.6675],[79.76247,11.66618],[79.76436,11.666020000000001],[79.76532,11.66594],[79.76682,11.665610000000001],[79.76793,11.66553],[79.76807,11.665550000000001],[79.76889,11.66577],[79.76938,11.66585],[79.77131,11.66569],[79.77312,11.66554],[79.77352,11.667200000000001],[79.77362,11.66761],[79.77375,11.667720000000001],[79.77472,11.667810000000001],[79.77574,11.667860000000001],[79.77626,11.6678],[79.7767,11.66782],[79.77762,11.6681],[79.77832,11.66811],[79.77911,11.66766],[79.77965,11.66703],[79.77996,11.666820000000001],[79.78054,11.666540000000001],[79.78131,11.666170000000001],[79.78178,11.665880000000001],[79.78237,11.66511],[79.78239,11.66503],[79.78241,11.664950000000001],[79.78241,11.664900000000001],[79.78232,11.664800000000001],[79.78225,11.66472],[79.78214,11.664670000000001],[79.7818,11.66461],[79.78101,11.66431],[79.78091,11.664250000000001],[79.78116,11.664010000000001],[79.78324,11.66239],[79.7834,11.66371],[79.78429,11.662790000000001],[79.78405,11.661850000000001],[79.78662,11.66113],[79.78772,11.66136],[79.788569999999993,11.660540000000001],[79.79358,11.659320000000001],[79.79504,11.660540000000001],[79.79536,11.65971],[79.79487,11.65788],[79.79631,11.65689],[79.79859,11.65677],[79.7986,11.657530000000001],[79.79748,11.657770000000001],[79.79766,11.65837],[79.79642,11.65862],[79.79677,11.66045],[79.79871,11.66045],[79.79926,11.66032],[79.79946,11.66018],[79.79965,11.65987],[79.79988,11.65916],[79.80032,11.65848],[79.80095,11.65788],[79.80117,11.6578],[79.80147,11.65775],[79.80281,11.65803],[79.80449,11.658470000000001],[79.80524,11.65878],[79.80585,11.659170000000001],[79.80647,11.65948],[79.80741,11.659830000000001],[79.80831,11.65994],[79.80867,11.65994],[79.80912,11.659830000000001],[79.80979,11.659550000000001],[79.81038,11.659130000000001],[79.8112,11.65854],[79.81176,11.657810000000001],[79.81211,11.657200000000001],[79.81281,11.65615],[79.81475,11.65424],[79.81468,11.65417],[79.81571,11.65343],[79.82116,11.65604],[79.82225,11.66116],[79.82601,11.662270000000001],[79.82583,11.664050000000001],[79.82311,11.66356],[79.82317,11.670910000000001],[79.82552,11.67135],[79.82548,11.6735],[79.82638,11.675220000000001],[79.8269,11.67824],[79.82586,11.67862],[79.82505,11.67918],[79.82429,11.6799],[79.82405,11.6807],[79.8264,11.68079],[79.82681,11.68197],[79.82759,11.68366],[79.82952,11.68408],[79.82953,11.68619],[79.82791,11.68586],[79.82764,11.685970000000001],[79.82635,11.687470000000001],[79.82638,11.688930000000001],[79.8286,11.68839],[79.83124,11.68848],[79.82895,11.689960000000001],[79.82888,11.69116],[79.82859,11.69251],[79.82815,11.6937],[79.82765,11.695260000000001],[79.82721,11.6965],[79.82672,11.69758],[79.8262,11.69759],[79.82151,11.699620000000001],[79.8143,11.70165],[79.80943,11.703560000000001],[79.8046,11.70332],[79.80334,11.71297],[79.80238,11.716800000000001],[79.79271,11.71648],[79.79039,11.716190000000001],[79.78807,11.71476],[79.78343,11.712710000000001],[79.78213,11.71357],[79.7822,11.71315],[79.78222,11.71278],[79.78245,11.7125],[79.78271,11.712250000000001],[79.78323,11.71194],[79.78339,11.71174],[79.78339,11.711540000000001],[79.78331,11.711260000000001],[79.78314,11.71115],[79.78297,11.71105],[79.78252,11.71119],[79.7821,11.71152],[79.78181,11.71169],[79.78128,11.71166],[79.781,11.711450000000001],[79.7806,11.71122],[79.78022,11.71122],[79.77988,11.71125],[79.77938,11.711540000000001],[79.77902,11.71188],[79.77867,11.71214],[79.77822,11.71209],[79.77786,11.71175],[79.77755,11.71136],[79.777,11.71137],[79.77655,11.711350000000001],[79.77624,11.71129],[79.77594,11.71073],[79.77576,11.71033],[79.77556,11.71011],[79.77511,11.709900000000001],[79.77483,11.70991],[79.77408,11.71014],[79.7734,11.710360000000001],[79.77289,11.710320000000001],[79.77258,11.7102],[79.7721,11.709760000000001],[79.77182,11.70954],[79.77119,11.70936],[79.77052,11.70942],[79.76988,11.70963],[79.76907,11.70991],[79.76873,11.70996],[79.76847,11.70973],[79.76807,11.70937],[79.76768,11.709150000000001],[79.76679,11.70907],[79.76607,11.70878],[79.76577,11.708390000000001],[79.76573,11.70776],[79.76447,11.70809],[79.76463,11.71419],[79.76544,11.71429],[79.76524,11.715810000000001],[79.76559,11.71649],[79.76406,11.717600000000001],[79.76341,11.71738],[79.7628,11.717500000000001],[79.7624,11.71799],[79.76176,11.71732],[79.76102,11.71796],[79.7597,11.71682],[79.75958,11.71596],[79.75855,11.716040000000001],[79.75861,11.717030000000001],[79.75824,11.71711],[79.758259999999993,11.71841],[79.75787,11.71884],[79.75695,11.71921],[79.756289999999993,11.71926],[79.75541,11.71904],[79.75429,11.71885],[79.75367,11.719380000000001],[79.75428,11.71983],[79.75436,11.72085],[79.75237,11.72063],[79.75167,11.72132],[79.75163,11.72081],[79.75102,11.72075],[79.75075,11.72143],[79.75029,11.721400000000001],[79.75033,11.72194]]]]},"properties":{"AC_NO":25,"AC_NAME":"Thirunallar","DIST_NAME":"Karaikal"}},{"type":"Feature","id":2828,"geometry":{"type":"Polygon","coordinates":[[[79.87202,11.67482],[79.8496,11.6769],[79.84669,11.679400000000001],[79.84482,11.680330000000001],[79.84248,11.68049],[79.84168,11.68133],[79.84047,11.68257],[79.83845,11.68488],[79.83793,11.68523],[79.83655,11.687470000000001],[79.83623,11.687940000000001],[79.83591,11.688170000000001],[79.83407,11.68951],[79.83124,11.68848],[79.8286,11.68839],[79.82638,11.688930000000001],[79.82635,11.687470000000001],[79.82764,11.685970000000001],[79.82791,11.68586],[79.82953,11.68619],[79.82952,11.68408],[79.82759,11.68366],[79.82681,11.68197],[79.8264,11.68079],[79.82405,11.6807],[79.82429,11.6799],[79.82505,11.67918],[79.82586,11.67862],[79.8269,11.67824],[79.82638,11.675220000000001],[79.82548,11.6735],[79.82552,11.67135],[79.82317,11.670910000000001],[79.82311,11.66356],[79.82583,11.664050000000001],[79.82601,11.662270000000001],[79.82627,11.65949],[79.82485,11.65841],[79.82512,11.65473],[79.82305,11.653960000000001],[79.821699999999993,11.652040000000001],[79.82196,11.648990000000001],[79.82373,11.648390000000001],[79.82516,11.65194],[79.82738,11.65297],[79.82933,11.6521],[79.83011,11.65178],[79.83324,11.65127],[79.84095,11.65513],[79.84484,11.654160000000001],[79.84978,11.65358],[79.8503,11.656400000000001],[79.85376,11.65954],[79.85577,11.65798],[79.8569,11.65837],[79.85963,11.65944],[79.8619,11.65966],[79.86396,11.661470000000001],[79.86476,11.665140000000001],[79.86578,11.66637],[79.86729,11.666770000000001],[79.87261,11.666640000000001],[79.87262,11.66717],[79.87265,11.668320000000001],[79.87245,11.67046],[79.87235,11.67249],[79.87202,11.67482]]]},"properties":{"AC_NO":27,"AC_NAME":"Karaikal South","DIST_NAME":"Karaikal"}},{"type":"Feature","id":2829,"geometry":{"type":"MultiPolygon","coordinates":[[[[79.82896,11.62949],[79.82938,11.62987],[79.82962,11.63104],[79.82911,11.631920000000001],[79.82853,11.63211],[79.82678,11.63214],[79.82617,11.631860000000001],[79.8254,11.63114],[79.8253,11.630560000000001],[79.8263,11.62911],[79.82672,11.629000000000001],[79.82896,11.62949]]],[[[79.78212,11.66051],[79.78307,11.66098],[79.78324,11.66239],[79.78116,11.664010000000001],[79.78091,11.664250000000001],[79.78032,11.66389],[79.7794,11.6629],[79.77883,11.66211],[79.77787,11.66104],[79.77751,11.66061],[79.77725,11.66008],[79.77692,11.659360000000001],[79.77686,11.658380000000001],[79.77691,11.657720000000001],[79.77707,11.65703],[79.77757,11.656500000000001],[79.77795,11.656],[79.77849,11.65501],[79.77857,11.65483],[79.77884,11.653360000000001],[79.77862,11.65243],[79.77806,11.6525],[79.77809,11.65276],[79.77774,11.65277],[79.777779999999993,11.65323],[79.77724,11.653410000000001],[79.77696,11.65019],[79.77672,11.649280000000001],[79.77638,11.64797],[79.77692,11.64784],[79.77735,11.64987],[79.77837,11.6498],[79.77896,11.64983],[79.77918,11.65004],[79.77931,11.65042],[79.77929,11.65103],[79.77956,11.65113],[79.77967,11.65112],[79.77964,11.65198],[79.78007,11.651900000000001],[79.78016,11.65122],[79.78058,11.651240000000001],[79.78079,11.6513],[79.78092,11.6513],[79.781,11.65108],[79.78071,11.65085],[79.78029,11.65075],[79.78032,11.65046],[79.78065,11.65047],[79.7811,11.65075],[79.78169,11.651530000000001],[79.78186,11.65193],[79.78056,11.652050000000001],[79.7803,11.65216],[79.78024,11.65245],[79.78071,11.65325],[79.78108,11.65323],[79.78125,11.65305],[79.78137,11.65243],[79.78167,11.652180000000001],[79.7824,11.65203],[79.78274,11.6518],[79.78293,11.651290000000001],[79.78292,11.651240000000001],[79.78228,11.65109],[79.78214,11.65071],[79.78164,11.65071],[79.78173,11.64949],[79.78086,11.64957],[79.78024,11.64952],[79.77971,11.64926],[79.77938,11.64907],[79.77931,11.648760000000001],[79.7793,11.64854],[79.7792,11.648290000000001],[79.77895,11.64816],[79.77868,11.64842],[79.77843,11.648340000000001],[79.77802,11.648710000000001],[79.7778,11.64831],[79.77819,11.64769],[79.77824,11.647490000000001],[79.77813,11.647310000000001],[79.77799,11.64727],[79.77735,11.647300000000001],[79.77721,11.646970000000001],[79.77716,11.64628],[79.77663,11.64612],[79.77676,11.646970000000001],[79.77521,11.6461],[79.77523,11.64532],[79.77552,11.645150000000001],[79.77579,11.64493],[79.7761,11.644580000000001],[79.77617,11.64417],[79.77577,11.64354],[79.77564,11.64326],[79.77722,11.642980000000001],[79.77771,11.64424],[79.77935,11.644120000000001],[79.7804,11.6441],[79.7814,11.64414],[79.78194,11.64401],[79.78246,11.64368],[79.78288,11.643510000000001],[79.78326,11.643460000000001],[79.78364,11.643500000000001],[79.78385,11.64361],[79.78391,11.643790000000001],[79.78386,11.643930000000001],[79.78339,11.644060000000001],[79.78359,11.64422],[79.78536,11.64429],[79.78658,11.64419],[79.78695,11.64405],[79.78729,11.643970000000001],[79.7872,11.645050000000001],[79.786599999999993,11.64511],[79.78637,11.64518],[79.78627,11.64554],[79.78597,11.645750000000001],[79.78464,11.64587],[79.7845,11.647780000000001],[79.79179,11.648050000000001],[79.79344,11.64789],[79.79447,11.64802],[79.79635,11.648060000000001],[79.796359999999993,11.64966],[79.796359999999993,11.64985],[79.79605,11.65691],[79.79631,11.65689],[79.79487,11.65788],[79.79536,11.65971],[79.79504,11.660540000000001],[79.79358,11.659320000000001],[79.788569999999993,11.660540000000001],[79.78772,11.66136],[79.78662,11.66113],[79.78405,11.661850000000001],[79.78444,11.66041],[79.7834,11.658800000000001],[79.78322,11.65808],[79.78325,11.657440000000001],[79.78383,11.65736],[79.78383,11.6569],[79.78538,11.65681],[79.78531,11.655800000000001],[79.78572,11.65492],[79.78644,11.65539],[79.78675,11.65482],[79.78644,11.6545],[79.78655,11.65418],[79.78695,11.654290000000001],[79.78723,11.653270000000001],[79.78643,11.65306],[79.78536,11.65245],[79.78496,11.65318],[79.78405,11.653270000000001],[79.78377,11.65295],[79.78333,11.65295],[79.78332,11.653590000000001],[79.78469,11.653690000000001],[79.78459,11.65503],[79.783599999999993,11.65497],[79.78351,11.65409],[79.78296,11.65409],[79.78286,11.653080000000001],[79.78153,11.65304],[79.78164,11.654910000000001],[79.78223,11.65492],[79.78221,11.65535],[79.78442,11.655650000000001],[79.7844,11.6561],[79.78303,11.65615],[79.78305,11.65663],[79.78262,11.656690000000001],[79.78237,11.65831],[79.78182,11.65773],[79.78212,11.66051]],[[79.77751,11.65131],[79.77751,11.65202],[79.77798,11.651990000000001],[79.77798,11.6513],[79.77751,11.65131]],[[79.78653,11.65269],[79.78696,11.65282],[79.78764,11.65309],[79.78843,11.653260000000001],[79.78829,11.652460000000001],[79.78865,11.6524],[79.78883,11.65301],[79.78978,11.652890000000001],[79.78962,11.65224],[79.78889,11.65225],[79.7887,11.65147],[79.78731,11.651670000000001],[79.78629,11.6517],[79.78627,11.651480000000001],[79.78724,11.65135],[79.78717,11.650210000000001],[79.78598,11.65015],[79.78591,11.65086],[79.78541,11.650970000000001],[79.7855,11.65211],[79.78623,11.652090000000001],[79.78653,11.65269]],[[79.79004,11.6523],[79.7901,11.65243],[79.79038,11.65249],[79.79062,11.65248],[79.79084,11.652230000000001],[79.7909,11.65184],[79.79088,11.651520000000001],[79.79078,11.651430000000001],[79.79057,11.6514],[79.79047,11.651620000000001],[79.7903,11.65192],[79.79017,11.65208],[79.79004,11.6523]],[[79.79024,11.65027],[79.7904,11.65069],[79.79101,11.650490000000001],[79.79087,11.650020000000001],[79.79024,11.65027]],[[79.78969,11.654200000000001],[79.78993,11.653880000000001],[79.78988,11.6537],[79.78966,11.65367],[79.78917,11.6539],[79.78912,11.65403],[79.78914,11.654200000000001],[79.78942,11.65432],[79.78969,11.654200000000001]],[[79.78863,11.65492],[79.78802,11.654910000000001],[79.78801,11.655190000000001],[79.78863,11.65525],[79.78863,11.65492]]],[[[79.87214,11.66193],[79.87222,11.66322],[79.87188,11.66324],[79.87192,11.66374],[79.87184,11.66529],[79.872469999999993,11.665840000000001],[79.8726,11.66625],[79.87261,11.666640000000001],[79.86729,11.666770000000001],[79.86578,11.66637],[79.86476,11.665140000000001],[79.86396,11.661470000000001],[79.8619,11.65966],[79.85963,11.65944],[79.8569,11.65837],[79.85577,11.65798],[79.85376,11.65954],[79.8503,11.656400000000001],[79.84978,11.65358],[79.84484,11.654160000000001],[79.84095,11.65513],[79.83324,11.65127],[79.83011,11.65178],[79.82933,11.6521],[79.82738,11.65297],[79.82516,11.65194],[79.82373,11.648390000000001],[79.82196,11.648990000000001],[79.821699999999993,11.652040000000001],[79.82305,11.653960000000001],[79.82512,11.65473],[79.82485,11.65841],[79.82627,11.65949],[79.82601,11.662270000000001],[79.82225,11.66116],[79.82116,11.65604],[79.81571,11.65343],[79.81468,11.65417],[79.81405,11.65362],[79.81309,11.65442],[79.81191,11.655470000000001],[79.81126,11.655940000000001],[79.81071,11.65634],[79.81067,11.65604],[79.81061,11.65564],[79.81058,11.65452],[79.81096,11.65286],[79.81135,11.65174],[79.81167,11.65142],[79.81325,11.65038],[79.81321,11.6502],[79.81296,11.650120000000001],[79.81236,11.65018],[79.81179,11.6499],[79.81149,11.649270000000001],[79.81129,11.64859],[79.81072,11.64762],[79.81061,11.64746],[79.81043,11.647580000000001],[79.80988,11.64808],[79.80953,11.64826],[79.80887,11.648240000000001],[79.80847,11.64802],[79.80811,11.64761],[79.80782,11.647210000000001],[79.80757,11.64713],[79.80719,11.64701],[79.80401,11.64708],[79.80232,11.646930000000001],[79.80191,11.64682],[79.80179,11.646640000000001],[79.80162,11.64628],[79.80169,11.64569],[79.80176,11.64445],[79.80166,11.643590000000001],[79.80154,11.64263],[79.80146,11.64193],[79.80155,11.64176],[79.80212,11.64129],[79.80252,11.64096],[79.80284,11.640450000000001],[79.80301,11.639980000000001],[79.80317,11.63991],[79.80356,11.63996],[79.80369,11.640080000000001],[79.80389,11.640640000000001],[79.80472,11.64025],[79.80492,11.640170000000001],[79.80557,11.6407],[79.80581,11.640690000000001],[79.80629,11.64117],[79.80641,11.64126],[79.80817,11.64127],[79.80842,11.64137],[79.80854,11.641670000000001],[79.80896,11.64175],[79.80931,11.64184],[79.8094,11.641960000000001],[79.80953,11.64281],[79.80931,11.64526],[79.80933,11.64574],[79.80948,11.64615],[79.8097,11.64638],[79.81004,11.64633],[79.81064,11.64584],[79.81173,11.64537],[79.81216,11.64512],[79.81259,11.64446],[79.81299,11.642990000000001],[79.81311,11.642710000000001],[79.81463,11.64235],[79.81506,11.64109],[79.81484,11.6408],[79.81409,11.63957],[79.81405,11.63941],[79.814,11.639240000000001],[79.81404,11.639040000000001],[79.81544,11.63935],[79.81663,11.639370000000001],[79.81711,11.6394],[79.81756,11.6393],[79.818,11.63898],[79.81836,11.63866],[79.81914,11.63885],[79.81927,11.63892],[79.8193,11.64043],[79.82011,11.64063],[79.82029,11.64079],[79.82043,11.64159],[79.82134,11.641680000000001],[79.82155,11.64212],[79.82308,11.64212],[79.82368,11.642560000000001],[79.82436,11.64203],[79.82485,11.6414],[79.82518,11.64067],[79.82542,11.639380000000001],[79.82646,11.639000000000001],[79.82725,11.63879],[79.82818,11.63885],[79.83011,11.63977],[79.8307,11.639940000000001],[79.83119,11.639850000000001],[79.83218,11.63921],[79.83315,11.63869],[79.83387,11.63832],[79.83464,11.63824],[79.83608,11.638290000000001],[79.83699,11.63826],[79.83805,11.63795],[79.83958,11.637310000000001],[79.84119,11.63638],[79.84262,11.63577],[79.84338,11.63568],[79.84468,11.63597],[79.84565,11.636280000000001],[79.84649,11.636190000000001],[79.84704,11.63598],[79.84793,11.635290000000001],[79.84816,11.634970000000001],[79.84825,11.63438],[79.8479,11.63359],[79.84741,11.63321],[79.84679,11.63297],[79.84479,11.632900000000001],[79.84446,11.63251],[79.84419,11.63199],[79.84401,11.63189],[79.84389,11.632060000000001],[79.84313,11.63256],[79.84291,11.632340000000001],[79.84273,11.63203],[79.84249,11.63184],[79.84217,11.63174],[79.84142,11.632470000000001],[79.84036,11.63286],[79.8398,11.632060000000001],[79.83963,11.63174],[79.83937,11.6316],[79.83866,11.63146],[79.83756,11.63195],[79.83706,11.63204],[79.83637,11.63213],[79.83579,11.63194],[79.83513,11.63175],[79.83356,11.63188],[79.83286,11.63193],[79.83215,11.63169],[79.83143,11.63174],[79.83065,11.63184],[79.83045,11.63139],[79.83036,11.63058],[79.83015,11.629380000000001],[79.83045,11.627080000000001],[79.83266,11.62711],[79.83266,11.62682],[79.83414,11.626700000000001],[79.83527,11.626420000000001],[79.8361,11.62593],[79.83626,11.625810000000001],[79.83969,11.625820000000001],[79.84141,11.62584],[79.84176,11.62574],[79.84192,11.62453],[79.84191,11.623990000000001],[79.84207,11.62321],[79.84229,11.62269],[79.84267,11.621550000000001],[79.84298,11.620940000000001],[79.84399,11.62076],[79.84415,11.62054],[79.84425,11.616330000000001],[79.84353,11.616060000000001],[79.84256,11.61574],[79.84213,11.61565],[79.84066,11.61564],[79.83912,11.61543],[79.83883,11.615310000000001],[79.83859,11.615070000000001],[79.83827,11.614930000000001],[79.8376,11.614980000000001],[79.83732,11.61495],[79.83655,11.61438],[79.83523,11.61331],[79.8329,11.612070000000001],[79.83105,11.61116],[79.83022,11.61304],[79.82997,11.61382],[79.82927,11.614500000000001],[79.82892,11.61543],[79.82894,11.6164],[79.829,11.61717],[79.82843,11.617320000000001],[79.82794,11.61735],[79.82783,11.61712],[79.82784,11.617],[79.82684,11.616950000000001],[79.82671,11.6128],[79.82665,11.61153],[79.82666,11.61133],[79.82685,11.611130000000001],[79.82689,11.61053],[79.8272,11.610100000000001],[79.82753,11.608970000000001],[79.82752,11.60818],[79.82748,11.60782],[79.82725,11.607520000000001],[79.82728,11.60712],[79.82745,11.60675],[79.82763,11.606530000000001],[79.82839,11.60586],[79.8288,11.60542],[79.82943,11.60444],[79.82983,11.60411],[79.83112,11.603580000000001],[79.8316,11.60304],[79.83183,11.602540000000001],[79.83231,11.60204],[79.83311,11.601460000000001],[79.83455,11.60154],[79.83499,11.6015],[79.83594,11.6011],[79.83602,11.60101],[79.83649,11.60105],[79.83696,11.60121],[79.83878,11.60064],[79.8386,11.598880000000001],[79.83898,11.59852],[79.83999,11.597470000000001],[79.84043,11.59706],[79.84105,11.597150000000001],[79.8416,11.597240000000001],[79.84306,11.598040000000001],[79.8433,11.598270000000001],[79.84381,11.59843],[79.84461,11.59844],[79.84557,11.5996],[79.84639,11.599770000000001],[79.84646,11.60054],[79.84744,11.601180000000001],[79.84786,11.59787],[79.84827,11.59651],[79.8488,11.59393],[79.84962,11.5898],[79.84871,11.58965],[79.84883,11.58877],[79.84942,11.58877],[79.84911,11.587150000000001],[79.8496,11.583770000000001],[79.85005,11.58087],[79.85041,11.57888],[79.85453,11.57924],[79.85822,11.579180000000001],[79.86072,11.579450000000001],[79.87013,11.57934],[79.87018,11.579640000000001],[79.87022,11.57986],[79.87032,11.580490000000001],[79.87098,11.58026],[79.87114,11.58069],[79.87171,11.58229],[79.87213,11.58483],[79.87227,11.5875],[79.87182,11.59089],[79.87179,11.59174],[79.87175,11.592830000000001],[79.87195,11.59502],[79.8723,11.59709],[79.87151,11.5975],[79.87032,11.59725],[79.87028,11.59783],[79.87021,11.598410000000001],[79.87129,11.5984],[79.87151,11.5984],[79.87208,11.59853],[79.87251,11.59934],[79.87265,11.601130000000001],[79.87271,11.6036],[79.87248,11.60867],[79.8721,11.611780000000001],[79.87188,11.61284],[79.87202,11.61551],[79.87192,11.61668],[79.87179,11.61824],[79.87207,11.620040000000001],[79.87199,11.620840000000001],[79.87213,11.622710000000001],[79.87234,11.62571],[79.8729,11.62865],[79.87261,11.630180000000001],[79.87224,11.63217],[79.87224,11.63331],[79.87251,11.63664],[79.87236,11.63751],[79.87186,11.637640000000001],[79.87114,11.6373],[79.87046,11.63598],[79.87035,11.63702],[79.87052,11.63725],[79.87126,11.63818],[79.87174,11.639090000000001],[79.87173,11.63981],[79.87131,11.641720000000001],[79.87111,11.642700000000001],[79.87121,11.64417],[79.87115,11.64654],[79.87181,11.648800000000001],[79.87203,11.64973],[79.87216,11.65113],[79.87207,11.65239],[79.87223,11.654810000000001],[79.87219,11.65794],[79.87214,11.66193]]]]},"properties":{"AC_NO":28,"AC_NAME":"Neravy T.R. Pattinam","DIST_NAME":"Karaikal"}}]}