{"type":"FeatureCollection","crs":{"type":"name","properties":{"name":"EPSG:4326"}},"features":[{"type":"Feature","id":2800,"geometry":{"type":"Polygon","coordinates":[[[82.26746941200008,16.694650884000055],[82.26797371600009,16.694823675000066],[82.26974094800005,16.695618140000022],[82.27160206800005,16.69650726700007],[82.27229391000004,16.69676312400002],[82.27404074200007,16.69741357900005],[82.27520521400004,16.69799653700005],[82.27726903700005,16.699394927000064],[82.27878623100008,16.70021947700008],[82.28010134500005,16.700799827000026],[82.28083116400006,16.701052145000055],[82.28432043300006,16.70128885200006],[82.28602154700008,16.70157354500003],[82.28868463000003,16.701967186000054],[82.29015846600004,16.702433992000064],[82.29229271500003,16.70339318500004],[82.29448075900007,16.70453624200006],[82.29672895800007,16.70605515000005],[82.29739566100005,16.706700663000042],[82.29782711800004,16.70714436400004],[82.29897444600005,16.70793518200002],[82.30167840000007,16.709568525000066],[82.30307170800006,16.710559955000065],[82.30364436000008,16.711020494000028],[82.30509785000004,16.712392362000056],[82.30700840000003,16.71447985400003],[82.30855272000008,16.716125801000025],[82.30914608100004,16.716808001000057],[82.31006836100005,16.71817981300006],[82.31038874400008,16.718768869000023],[82.31141698600004,16.72185480700006],[82.31195170900008,16.72332344800003],[82.31263594900008,16.724819202000056],[82.31327824900006,16.726636207000062],[82.31360233700008,16.72778643100003],[82.31374518700007,16.72852330900001],[82.31378634700008,16.729395269000058],[82.31362114100006,16.730274530000028],[82.31325633500006,16.73101021100006],[82.31259399200007,16.731825387000075],[82.31183710700004,16.732795059000065],[82.31156084700007,16.733357968000067],[82.31151797900002,16.733801517000074],[82.31132279900005,16.73454940900007],[82.31063670500004,16.73640013500006],[82.31002062600005,16.737753536000074],[82.30886988500005,16.740287585000036],[82.30710417000006,16.744707661000064],[82.30611817800008,16.746705331000033],[82.30549417300006,16.748266778000062],[82.30503397700004,16.74777283100008],[82.30441486000007,16.747294072000038],[82.30364986300003,16.746825900000022],[82.30307216200003,16.746296760000067],[82.30275300300008,16.74573965400004],[82.30253886200006,16.74493202400002],[82.30186581200006,16.74419506000003],[82.30098645500004,16.742963618000033],[82.30027724200005,16.74142322900007],[82.29855190900008,16.73900027400003],[82.29726999100006,16.73699472800006],[82.29687166700008,16.736016037000066],[82.29486930400003,16.732139819000057],[82.29464220600005,16.731887688000015],[82.29411374500006,16.731593873000065],[82.29382004400009,16.73125729800007],[82.29329643900007,16.73046515600002],[82.29276961800008,16.729828457000057],[82.29187461600003,16.728410733000032],[82.28971339700007,16.72666978200004],[82.28888019100003,16.726397125000066],[82.28798665000005,16.72619544300004],[82.28716453800007,16.72611705100007],[82.28634864100006,16.726173505000073],[82.28537875700005,16.726326260000057],[82.28227412300004,16.72713573500005],[82.28036756900009,16.727454835000064],[82.27913302900004,16.727537193000035],[82.27735518800006,16.727583995000032],[82.27596947900008,16.727404884000066],[82.27483496500008,16.72709842600005],[82.27388754000003,16.726636174000063],[82.27339572100004,16.72624735700002],[82.27294503000007,16.72566645300003],[82.27165218100004,16.72328131400007],[82.27116224500008,16.722638764000063],[82.27067969900007,16.72213106200006],[82.27038634800003,16.721930452000027],[82.26979900200007,16.721800099000067],[82.26818349100006,16.721731057000046],[82.26668200100005,16.72174408000005],[82.26561714000006,16.72184315800006],[82.26500918400006,16.722087695000024],[82.26438692400005,16.722296826000022],[82.26397426900007,16.72234100000002],[82.26347113400004,16.722209327000026],[82.26086068200004,16.72098308400006],[82.25942483600006,16.720587899000062],[82.25806297100007,16.720423437000015],[82.25718665300008,16.72050269200003],[82.25616141100006,16.72085421300005],[82.25413431900004,16.721391471000054],[82.25326487400008,16.721344972000054],[82.25267912100009,16.721422556000043],[82.25166795000007,16.72169744700005],[82.24998828000008,16.72220433800003],[82.24878849600003,16.722466958000037],[82.24824648000003,16.72246901900007],[82.24733541300003,16.722364266000053],[82.24667347500007,16.722293377000025],[82.24582749000005,16.722105074000076],[82.24555953300006,16.72215238200005],[82.24464522100003,16.722219054000053],[82.24347233000003,16.72227357700007],[82.24284048500004,16.72244720200005],[82.24238651400003,16.722604531000062],[82.24153545900005,16.722896231000053],[82.23917671800005,16.723734414000038],[82.23813018400007,16.724158992000064],[82.23762068800005,16.72444783000002],[82.23599330800003,16.725063054000014],[82.23504386000009,16.725400593000064],[82.23424389700007,16.72576417500004],[82.23357549600007,16.726077254000074],[82.23308617800006,16.72638433300006],[82.23273687500006,16.72672661800004],[82.23237602700004,16.727254073000022],[82.23201731800002,16.727646661000044],[82.23167606200009,16.727842638000027],[82.23147567100006,16.72787609900007],[82.23050925000008,16.728015912000025],[82.23009661200007,16.728086277000045],[82.22972313200006,16.72816686600003],[82.22935212200008,16.728305739000067],[82.22901054100004,16.728313130000057],[82.22864537500004,16.72840170400007],[82.22810733900008,16.728667697000034],[82.22769260200005,16.72890263900006],[82.22709072800006,16.72929673600004],[82.22665564800008,16.729426558000046],[82.22528569500008,16.730133849000023],[82.22382659300007,16.730733828000034],[82.22262595900008,16.731277399000078],[82.22097821200003,16.731860494000042],[82.21990781600005,16.732272411000057],[82.21920471000004,16.732435758000058],[82.21837129100005,16.732699873000062],[82.21796455700007,16.732766766000054],[82.21747587200008,16.732766348000034],[82.21775569900007,16.73417973800002],[82.21791990000007,16.735236707000073],[82.21818536300003,16.73656326200006],[82.21831820000006,16.737291116000048],[82.21831772100006,16.737730005000056],[82.21826508600003,16.73819068900008],[82.21819471100008,16.738684544],[82.21799382200004,16.739894077000034],[82.21801723900006,16.740440370000044],[82.21808186000004,16.74079230200003],[82.21831636200007,16.74130170800004],[82.21854949700008,16.741697965000082],[82.21901712500005,16.742594484000048],[82.21927260300004,16.742867269000033],[82.21993690700005,16.74361262400003],[82.22029238400006,16.744102419000054],[82.22059189900007,16.74446200000005],[82.22112164400005,16.74488295400004],[82.22145672800008,16.745228766000032],[82.22180195900006,16.745975740000056],[82.22248645400003,16.74743998100007],[82.22270195100003,16.747917413000035],[82.22290510400006,16.748101122000033],[82.22317340400008,16.748225298000015],[82.22368739300005,16.748430249000016],[82.22416218300003,16.74860211300005],[82.22456341300007,16.748766088000025],[82.22478907800007,16.748931472000038],[82.22510300100005,16.749381321000048],[82.22522817300006,16.749750307000056],[82.22529769100004,16.750179957000057],[82.22526869600006,16.750577755000062],[82.22511534400009,16.75109804200003],[82.22470167900008,16.752023340000033],[82.22439967000008,16.75303876400004],[82.22586154000004,16.75324454500002],[82.22627906900004,16.75321418400006],[82.22744455300005,16.752824915000073],[82.22845277400006,16.752744485000047],[82.22978782700005,16.75301786000005],[82.23079981500008,16.753755779000066],[82.23198202900005,16.75482717400006],[82.23191979900007,16.755203313000028],[82.23151582800006,16.75622806200005],[82.23031930900004,16.75791127500003],[82.22892121900009,16.75967709400003],[82.22814236300007,16.76072757300003],[82.22765481000005,16.760754619000053],[82.22718205600006,16.76041016600004],[82.22666036200008,16.75988519600003],[82.22628440400007,16.759246843000035],[82.22599744500008,16.75861978400007],[82.22579843200003,16.757373090000048],[82.22540661000005,16.75646273300004],[82.22464320000006,16.756102720000058],[82.22402739800003,16.75604422500003],[82.22304318900007,16.75631432400007],[82.22278065300003,16.756818778000024],[82.22198482500006,16.757666936000078],[82.22148111600006,16.757964873000038],[82.22122396100008,16.758137851000075],[82.22070331700007,16.757509992000056],[82.22035487000005,16.75698817000005],[82.22005510000008,16.75648799200007],[82.22003448400007,16.756212564000062],[82.22009350600007,16.756030741000085],[82.22029030900005,16.755952723000064],[82.22042199000003,16.75595138300001],[82.22064284400005,16.756072208000035],[82.22129025000004,16.756595863000026],[82.22181857700008,16.756845380000073],[82.22214249300004,16.756873465000073],[82.22241400600007,16.75677704400004],[82.22260592900005,16.75661673500001],[82.22259086100007,16.756110416000077],[82.22223091700003,16.755091421000014],[82.22175090200005,16.75391487800004],[82.22149257400007,16.75336549500003],[82.22109094300004,16.75296148700005],[82.22023929300009,16.752303269000027],[82.21973301400004,16.751738256000063],[82.21972880800007,16.751339365000025],[82.21983043800003,16.751099189000055],[82.22004242500003,16.75087827800007],[82.22010262400005,16.75069302600002],[82.22008707600008,16.750615328000034],[82.22002516300005,16.75047597800004],[82.21985880800008,16.750305925000067],[82.21962850300008,16.750203402000068],[82.21934612100006,16.75017410700007],[82.21910299600006,16.750212187000038],[82.21876158600008,16.750360139000048],[82.21832313500006,16.750653392000057],[82.21810394400006,16.750821734000056],[82.21787046000009,16.750954665000048],[82.21767140300005,16.751103547000074],[82.21755055700004,16.751199735000064],[82.21734430500004,16.751300622000024],[82.21713791500008,16.751315786000056],[82.21690904400002,16.751367558000037],[82.21656163800003,16.75147779600008],[82.21620237000008,16.751589193000026],[82.21578638500006,16.75184240200001],[82.21566081100008,16.75195116900005],[82.21535412000003,16.752302511000032],[82.21518738400005,16.752637647000032],[82.21505048700004,16.753087037000046],[82.21499149500005,16.75329057300006],[82.21488365000005,16.753359310000064],[82.21470582100005,16.753432720000035],[82.21462159500004,16.753433986000054],[82.21433421800003,16.753250386000033],[82.21289543100006,16.751869479000046],[82.21244652200006,16.75155695400002],[82.21192147200007,16.75110395300003],[82.21135093900006,16.750389275000032],[82.21123540500008,16.750091126000033],[82.21113463100005,16.749368915000044],[82.21118156000006,16.74827388600006],[82.21115338200008,16.74770015900004],[82.21100306200003,16.747154039000044],[82.21061640200008,16.746428813000016],[82.21019320500005,16.74585336700005],[82.20957909400005,16.745320483000057],[82.20840347500007,16.744511799000044],[82.20772634100007,16.743870417000043],[82.20675097200007,16.742901426000042],[82.20700681100006,16.74265075900006],[82.20730397200003,16.742273166000064],[82.20746128600007,16.741978063000044],[82.20756015600006,16.741475026000035],[82.20747988600004,16.740956241000045],[82.20856772900004,16.74025064500005],[82.20868217400005,16.73985159500005],[82.20798023500004,16.738492488000066],[82.20708938600005,16.736921061000025],[82.20584085100006,16.73490553400005],[82.20558060700006,16.73459044900006],[82.20540610200004,16.734496972000034],[82.20524246500008,16.73453034600004],[82.20450748300004,16.73481253200003],[82.20413749900007,16.73487362200007],[82.2038312860001,16.734749467000018],[82.20312980200005,16.734433847000055],[82.20268737000004,16.734433315000036],[82.20214096500007,16.73470494200006],[82.20152311800007,16.734794940000025],[82.20071049900008,16.734720618000033],[82.19955029200008,16.734612477000045],[82.19782812600006,16.734690239000017],[82.19682004100008,16.73478417000006],[82.19558813600008,16.735128695000075],[82.19396383300005,16.735630310000026],[82.19323348200004,16.735853001000045],[82.19231090300008,16.736027937000078],[82.19118830400004,16.73651629300003],[82.19081354000006,16.736560211000057],[82.19039447200004,16.736309308000056],[82.18941877300006,16.735824821000044],[82.18911280500004,16.73586750400004],[82.18836696600005,16.736900533000032],[82.18807307800006,16.73710206700002],[82.18719545100005,16.737199194000013],[82.18632227500007,16.737083723000058],[82.18619253000008,16.73675472200005],[82.18597770700006,16.73579835600002],[82.18587936900008,16.734152656000045],[82.18584523300007,16.73347951400006],[82.18591823300005,16.732222200000017],[82.18625159300005,16.73054167900006],[82.18633288500007,16.730142696000023],[82.18636352400006,16.729997506000082],[82.18795525600007,16.729985193000058],[82.18957906800006,16.730012824000013],[82.19107250000008,16.730104609000023],[82.19265016700007,16.730209985000037],[82.19372941200002,16.730133133000027],[82.19496421500008,16.730181789000028],[82.19444524300008,16.728906977000054],[82.19385877100005,16.727699688000033],[82.19366452200006,16.727058769000056],[82.19354611900006,16.726372033000068],[82.19340398400003,16.724016682000073],[82.19341125600005,16.721634859000062],[82.19483855300008,16.721160956000055],[82.19829351800007,16.719591705000035],[82.20079106600008,16.718662568000063],[82.20379615800005,16.717715543000047],[82.20545964300005,16.717408074000026],[82.20684843700008,16.71740612500002],[82.20769435000007,16.717602652000032],[82.21181053200007,16.718103076000023],[82.21383740600004,16.718104711000024],[82.21609906200007,16.718077401000066],[82.21794177300006,16.717872386000067],[82.22027190100005,16.71765404600007],[82.22283823800007,16.71755988600005],[82.22521399300007,16.717685408000026],[82.22833102000003,16.717823456000076],[82.23233791800004,16.71817489700004],[82.2328490450001,16.718152372000066],[82.23421445000008,16.71765189900003],[82.23735587400007,16.716817114000023],[82.23904142200007,16.716292079000013],[82.24239837500005,16.71332535500005],[82.24281627500005,16.712910941000075],[82.24530273400005,16.710678193000028],[82.24824162100003,16.708166930000058],[82.25221760500007,16.70541498300003],[82.25464979400003,16.703486203000057],[82.25718011600003,16.701439505000057],[82.26045988900006,16.69881658900003],[82.26259828200006,16.69715679200003],[82.26538727200005,16.69531522600004],[82.26672830400008,16.694657947000053],[82.26746941200008,16.694650884000055]]]},"properties":{"FID":2800,"OBJECTID":2825,"ST_CODE":"34","ST_NAME":"PUDUCHERRY","DT_CODE":"01","DIST_NAME":"Yanam","AC_NO":30,"AC_NAME":"Yanam","PC_NO":1,"PC_NAME":"PONDICHERRY","PC_ID":3401,"STATUS":" ","Shape_Leng":0.40897183294,"Shape_Area":0.00265057181286,"dtcode11":"545","dtname11":"East Godavari"}},{"type":"Feature","id":2801,"geometry":{"type":"MultiPolygon","coordinates":[[[[79.62788161800006,12.031789055000036],[79.62638953500004,12.031895199000056],[79.62528511900007,12.031587997000033],[79.62527057000005,12.030362311000026],[79.62587679600006,12.030373503000003],[79.62572586500005,12.028542997000029],[79.62647797200003,12.028335442000065],[79.62652322400004,12.02716492600007],[79.62728169900004,12.02718766400005],[79.62714198800006,12.023829545000071],[79.62754988700003,12.02377312200002],[79.62835604300005,12.024090023000033],[79.62924499400005,12.018691999000055],[79.62905913100006,12.018299637000036],[79.62771180000004,12.016921022000066],[79.62624218600007,12.01525490200003],[79.62514162400005,12.014663437000026],[79.62381418200005,12.014469883000071],[79.62275240600007,12.014425161000066],[79.62097444500006,12.014301948000021],[79.62095659100002,12.013605468000042],[79.62107560000004,12.011411717000035],[79.62126345500008,12.010416274000022],[79.62112986500006,12.010252703000043],[79.62054275500003,12.009533224000043],[79.61991061700006,12.007831362000037],[79.61982262600003,12.004810550000068],[79.61955868900003,12.004228468000065],[79.61905493700003,12.003729274000031],[79.61883580700004,12.001939539000027],[79.61888462400002,12.001432622000028],[79.61887811100007,12.001277938000042],[79.61963613000006,12.001252194000063],[79.61962757800006,12.000414864000046],[79.62161704700003,12.000424267000023],[79.62466698900005,12.000347455000066],[79.62624687600004,12.00038158200003],[79.62613748300004,11.999608022000068],[79.62561685100009,11.997349600000057],[79.62481609300004,11.994852992000048],[79.62458347400008,11.99337900900001],[79.62439318800006,11.991842554000067],[79.62395766400005,11.990238851000067],[79.62359135200006,11.989278273000023],[79.62049939800006,11.989346458000053],[79.61710683100006,11.989568650000013],[79.61721308000006,11.987786676000045],[79.61783799200003,11.987766624000072],[79.61780507200005,11.986680716000013],[79.61741883000008,11.986683308000075],[79.61740314300005,11.986262218000034],[79.61738719700007,11.985656094000024],[79.61793829400006,11.985663017000045],[79.61795257300008,11.984898319000013],[79.61971697900003,11.984854360000025],[79.61971667500008,11.983937112000028],[79.62075943800005,11.983940924000025],[79.6207556130001,11.983028133000065],[79.62077976900008,11.982421556000064],[79.62435013500004,11.981776903000025],[79.62418643000007,11.980027720000061],[79.62378641500004,11.97996579200003],[79.62372470500003,11.978551132000055],[79.62411940700008,11.978521588000032],[79.62411301100006,11.977088674000075],[79.62450745800002,11.977073791000066],[79.62449831300006,11.976001859000068],[79.62194267100006,11.973679329000047],[79.62000075100008,11.972056298000028],[79.61855366600008,11.970846501000038],[79.61854044600007,11.970481883000055],[79.61852220900005,11.96994231600006],[79.62242163300004,11.969869561000047],[79.62248235900006,11.969268132000028],[79.62358875700005,11.969095862000078],[79.62511635400006,11.96875007400007],[79.62668590800007,11.968295534000049],[79.62746999300003,11.968075016000062],[79.62738060600003,11.967740727000045],[79.62688571700005,11.965992906000043],[79.6267598570001,11.965513612000041],[79.62660469500008,11.96480481800006],[79.62661533300007,11.964049140000027],[79.62668705800007,11.963741220000026],[79.62682317900004,11.963419703000051],[79.62706933900006,11.96289469100002],[79.62709834200005,11.962337874000063],[79.62718000000007,11.961984995000021],[79.62740705700008,11.961504794000057],[79.62787332300007,11.96090559600003],[79.62806298600003,11.960266838000056],[79.62817139000002,11.959890714000041],[79.62836263600008,11.95969533600004],[79.62866134000006,11.959514149000036],[79.62869215200003,11.957108385000021],[79.62869471600004,11.956958389000006],[79.62871476100007,11.956389025000014],[79.62868124500004,11.95406005900002],[79.62858581700004,11.950393300000016],[79.62843353800008,11.947237789000045],[79.62837528500005,11.945619169000045],[79.62848811500004,11.94518447900003],[79.63010094300006,11.944058335000024],[79.63197595900004,11.943476861000018],[79.63566084000007,11.942436851000021],[79.63834220600006,11.941929542000016],[79.64021401400004,11.941532913000062],[79.64301393600005,11.941395218000016],[79.64575086100007,11.94125643300004],[79.64790087000004,11.94276053600002],[79.64786819700004,11.944552483000056],[79.64708085100006,11.944502304000022],[79.64606513400008,11.94434006700003],[79.64515393700003,11.94402725700008],[79.64465198300006,11.943699750000063],[79.64268776700003,11.942117435000057],[79.64259967700009,11.943795657000058],[79.64254225900004,11.94521945300005],[79.64243266500006,11.947286524000036],[79.64184712900004,11.947831882000058],[79.64189244300007,11.949749234000018],[79.64221953800006,11.953894720000049],[79.64440520600004,11.953713017000034],[79.64727889000005,11.95342866400005],[79.64743541900005,11.955480997000063],[79.64700112100007,11.955957808000043],[79.64689264200005,11.956206463000054],[79.64687234800006,11.956795002000026],[79.64737347200008,11.957850134000068],[79.64763718900008,11.958446732000024],[79.64745756200006,11.959174797000056],[79.6473274940001,11.959885629000027],[79.64738940700005,11.960423634000053],[79.64775484100007,11.961778884000061],[79.64758181900004,11.963063236000039],[79.64757678500007,11.964103294000038],[79.64773775700007,11.964948662000031],[79.64797582300008,11.965774993000023],[79.64814774600006,11.966380251000029],[79.64824199100008,11.966768755000032],[79.64832302100007,11.967328521000072],[79.64790175300004,11.967643116000032],[79.64701272600007,11.968175646000086],[79.64594621000003,11.968768426000054],[79.64492393100005,11.969184807000026],[79.64365349900004,11.969706525000053],[79.64250264300006,11.970068876000019],[79.64133353000005,11.970426405000076],[79.64136771100004,11.970842134000065],[79.64099202700004,11.971169874000038],[79.64087799200007,11.972350314000042],[79.64084828000006,11.972884577000057],[79.64049192900006,11.97322053500005],[79.64037001400004,11.97378599600006],[79.64031757400005,11.975319454000042],[79.64027146600006,11.976211087000026],[79.63902472300002,11.976750092000042],[79.63637099600004,11.977815269000086],[79.63696194600004,11.97944963700007],[79.63730376900008,11.980977229000077],[79.63734549300007,11.982026023000055],[79.63738012000005,11.982482391000076],[79.63737196900009,11.98282636100004],[79.63776183600004,11.984628921000022],[79.63839928500005,11.986294550000022],[79.63912955000006,11.988163672000042],[79.63973486200007,11.988015710000061],[79.63998518700004,11.988525289000044],[79.63999797100006,11.990198676000027],[79.63976287400004,11.990208336000018],[79.63973269200005,11.991443264000056],[79.63963633800006,11.991448443000014],[79.63998666500004,11.992681758000053],[79.63947362500005,11.992995971000028],[79.63813501100003,11.993738828000048],[79.63747638400008,11.994189406000022],[79.63721284900002,11.994724360000083],[79.63665979900009,11.995300789000042],[79.63610508300007,11.995705694000026],[79.63599179000005,11.996032146000044],[79.63618510600008,11.997129760000055],[79.63644698100006,11.998037832000017],[79.63701084200005,11.997903858000026],[79.63719269800005,11.998396532000069],[79.63842330800007,11.99834577600005],[79.64002092900006,11.998211931000062],[79.64121150600005,11.998223673000028],[79.64148747100006,11.998372643000035],[79.64192145900006,11.998731820000048],[79.64232797600005,11.999291376000022],[79.64276465400008,12.00036930900006],[79.64293729100007,12.000866341000059],[79.64317418400003,12.001426488000055],[79.64432330200003,12.005500500000036],[79.64602374900005,12.005660507000078],[79.64662842000007,12.009202058000026],[79.64685438500004,12.012299628000049],[79.64746964200003,12.012381962000063],[79.64709794100008,12.013415038000055],[79.64843496700006,12.016289458000063],[79.64757530600008,12.016288862000057],[79.64778955400003,12.016902819000036],[79.64845030100008,12.019508885000056],[79.65141253900003,12.021317790000058],[79.65136154100009,12.022298628000044],[79.65082560600007,12.023485896000068],[79.65041395100008,12.023900017000068],[79.64984029400006,12.024065490000053],[79.64825917700006,12.024763919000062],[79.64720911800003,12.025307453000025],[79.64653286900007,12.025911294000034],[79.64517797600007,12.026921464000031],[79.64400529700002,12.027596111000035],[79.64288009800003,12.027837103000023],[79.64118185400008,12.02807089400006],[79.64009682400007,12.02797175300003],[79.63919952800005,12.027686134000012],[79.63838449100007,12.027282259000053],[79.63754202700005,12.026739135000064],[79.63620933900006,12.02852705100002],[79.63593468100004,12.028836205000049],[79.63575989200008,12.028868296000043],[79.63520382500008,12.029680575000034],[79.63487191200005,12.029582559000046],[79.63477666900008,12.029655458000025],[79.63437236600005,12.02970180700003],[79.63390317300008,12.029654553000048],[79.63387529200008,12.029608956000049],[79.63357285000006,12.029664886000027],[79.63300004600006,12.02997925800004],[79.63250127900005,12.030388511000062],[79.63244142600007,12.030469894000015],[79.63146637900007,12.031045033000048],[79.63032305500008,12.031203257000065],[79.62996908400002,12.03132264500004],[79.62931625400006,12.031153851000068],[79.62788161800006,12.031789055000036]]],[[[79.69503087900004,12.035557767000052],[79.69401874200008,12.035412816000084],[79.69275971400005,12.035293214000024],[79.69173495500007,12.031498792000033],[79.69117942700007,12.028648543000019],[79.68934871000005,12.029063565000056],[79.68868426200004,12.027525001000068],[79.68754017000002,12.027597908000072],[79.68746721900004,12.026748188000049],[79.68655323600007,12.026770646000047],[79.68644693100003,12.025721794000034],[79.68571916700006,12.02523272000008],[79.68503610800008,12.02357650700003],[79.68417671000003,12.021704185000027],[79.67920592500008,12.021601054000028],[79.67647713800007,12.021572550000023],[79.67480844100004,12.017659395000067],[79.67467022500006,12.015579876000064],[79.67327555700007,12.013923372000024],[79.67236968200007,12.009984333000034],[79.67222552900006,12.009695395000039],[79.67008546700002,12.009636856000048],[79.66918536100007,12.009794823000039],[79.66779239900008,12.010429925000052],[79.66699492300006,12.01082311300007],[79.66545874400003,12.01145360200007],[79.66398479200008,12.011655201000059],[79.66223657800003,12.01194369700005],[79.66153056800005,12.01221310800001],[79.66136067800007,12.01229608300002],[79.66045608300004,12.008573641000057],[79.66016870500005,12.006992696000047],[79.65933875200005,12.007204778000077],[79.65854429400007,12.004567350000052],[79.65831595300007,12.003768166000036],[79.65899053700008,12.003593041000034],[79.65879237600006,12.002567568000071],[79.65955000700006,12.002428777000029],[79.65917709300004,12.001435426000063],[79.65904269800005,12.00118162000007],[79.65844688900006,11.999542634000028],[79.65808942800004,11.998721040000014],[79.65759486900004,11.997127724000048],[79.65726630100006,11.995546160000067],[79.65690725100006,11.993598551000039],[79.65673135500003,11.992274490000046],[79.65693933200004,11.991563718000055],[79.65730088800007,11.991327068000027],[79.65805356800007,11.991138568000045],[79.65857192100002,11.991117720000032],[79.65873771700007,11.99100422600003],[79.65893768300003,11.990699489000061],[79.65929519100008,11.990566567000018],[79.66001133900005,11.990437256000062],[79.66055673500007,11.990239711000068],[79.66072634200005,11.990036017000008],[79.66069187300006,11.989701496000066],[79.66070066400005,11.989519993000034],[79.6606949950001,11.989244611000055],[79.66085972200005,11.989194279000062],[79.66115449600005,11.989315307000018],[79.66152340700006,11.989593244000043],[79.66172564300008,11.989629270000023],[79.66212945300003,11.989536586000039],[79.66252889400005,11.98949911400007],[79.66285981300007,11.989583499000044],[79.66336344900003,11.990163743000029],[79.66373150100003,11.990357043000072],[79.66518805500004,11.990494781000047],[79.66656782600006,11.990768896000077],[79.66725772300003,11.99090538500007],[79.66754871300002,11.991251987000048],[79.66808826300009,11.991742545000013],[79.66868251800007,11.992183222000042],[79.66908826600007,11.99245271600005],[79.66984304300007,11.992752718000075],[79.67035339800003,11.992867087000032],[79.67068937600004,11.993128671000024],[79.67122950300006,11.993654205000045],[79.67157769100002,11.994349235000053],[79.67205781200003,11.994763222000067],[79.67266389600006,11.994841909000058],[79.67294874900004,11.994872494000033],[79.67384995300006,11.995053007000017],[79.67398317200008,11.994148058000068],[79.67423041400008,11.99293582700005],[79.67456682000005,11.992147012000038],[79.67503967000005,11.991217130000052],[79.67618493900005,11.98962010800005],[79.67676000500006,11.988812611000077],[79.67731010100003,11.987648188000035],[79.67763660500005,11.986764450000061],[79.67796514000008,11.986238392000072],[79.67824814900007,11.985898880000036],[79.67964137100006,11.984408553000032],[79.68083491100003,11.983344830000014],[79.68093663800003,11.98349766000006],[79.68118382900006,11.984134594000064],[79.68138341900004,11.985562764000061],[79.68191650400007,11.985618791000036],[79.68280473100003,11.986984792000047],[79.68312270300004,11.98805047400004],[79.68320762100005,11.988661093000083],[79.68329756300005,11.989108200000024],[79.68397885800005,11.989417088000033],[79.68431113500003,11.989695500000048],[79.68497138000004,11.990510620000064],[79.6854135440001,11.991621193000068],[79.68678368000008,11.99096416000003],[79.68834286100008,11.990377866000062],[79.68969127700007,11.989991233000064],[79.69133876800005,11.989743676000048],[79.69266719400008,11.98986891100001],[79.69351707600003,11.989896158000022],[79.69353718100005,11.990272184000048],[79.69390004900004,11.990297215000048],[79.69395848100004,11.99105633100004],[79.69458775500006,11.991049553000032],[79.69467021800006,11.99194896000006],[79.69734310900002,11.991926580000047],[79.6983856670001,11.991876795000055],[79.70008018200008,11.991696459000025],[79.70020574800003,11.992071925000056],[79.70143545800005,11.991862661000011],[79.70161377100004,11.99341234600006],[79.70218338400008,11.99341021600002],[79.70221817600003,11.994146392000044],[79.70343052300007,11.994086887000039],[79.70541893300003,11.993946179000037],[79.70558304600007,11.994555810000067],[79.70615656700004,11.994525520000026],[79.70684975000006,11.994327910000042],[79.70719257100005,11.994041190000068],[79.70894738700008,11.993124970000048],[79.71138538000008,11.992059455000067],[79.71340144600003,11.991072904000069],[79.71357667200004,11.991010268000016],[79.71447013500006,11.990688335000067],[79.71582855700007,11.990455056000023],[79.71642556800003,11.990388998000057],[79.71790472700008,11.990409223000018],[79.71806229000003,11.990793080000056],[79.71816762500005,11.991565344000039],[79.71772297200005,11.991634969000081],[79.71776692900006,11.992237021000053],[79.71960396600008,11.992169295000041],[79.71963448900004,11.992891855000028],[79.71801358100004,11.99291790100006],[79.71825548600003,11.994444889000013],[79.71837385400005,11.99519142100007],[79.71741305300004,11.995982791000063],[79.71749514200008,11.997749822000054],[79.71540326800005,11.998185779000043],[79.71544954600006,11.999203084000035],[79.71503287300004,11.999381464000066],[79.71511446400007,12.000203018000036],[79.71310356000004,12.001216787000041],[79.71286521300003,12.00142283500002],[79.71144538800007,12.001411407000035],[79.71143260400004,12.002325106000049],[79.71103189000007,12.002299513000034],[79.71109883200006,12.003660163000054],[79.70925115900008,12.004292886000034],[79.70902931700005,12.006899071000012],[79.70734463400004,12.007028910000034],[79.70736631200002,12.007797629000038],[79.70556354600006,12.008344155000026],[79.70555694200004,12.009782639000044],[79.70482250100008,12.009767470000055],[79.70478348700004,12.010324229000052],[79.70368482500004,12.010293055000039],[79.70369836200007,12.010998468000015],[79.70280772600005,12.011071046000033],[79.70299570900005,12.013977231000064],[79.70314607400007,12.015487091000066],[79.70315358000005,12.016210473000061],[79.70345789000004,12.016453438000047],[79.70355261600008,12.01793195200003],[79.70369953100003,12.019789308000037],[79.70410154200005,12.020085747000042],[79.70392729800005,12.021194375000047],[79.70409680200004,12.022103165000024],[79.70434585800007,12.024023118000061],[79.70471880900004,12.025106692000065],[79.70520122300007,12.027126319000041],[79.70527736000008,12.027582277000011],[79.70521267100008,12.028582111000041],[79.70476546000003,12.03198492500008],[79.70357106800003,12.031909336000062],[79.70327810100008,12.032986764000038],[79.70174385900005,12.033011772000071],[79.70169371200005,12.033201666000021],[79.70110107000005,12.03320004100003],[79.70072002500007,12.034057144000021],[79.69945150200006,12.03402659300001],[79.6989325420001,12.03400583300003],[79.69889509700005,12.033084455000047],[79.69722819900007,12.033228019000028],[79.69648989700005,12.035370257000066],[79.69502621000004,12.034735082000052],[79.69503087900004,12.035557767000052]]]]},"properties":{"FID":2801,"OBJECTID":2826,"ST_CODE":"34","ST_NAME":"PUDUCHERRY","DT_CODE":"02","DIST_NAME":"Pondicherry","AC_NO":1,"AC_NAME":"Mannadipet","PC_NO":1,"PC_NAME":"PONDICHERRY","PC_ID":3401,"STATUS":" ","Shape_Leng":0.531040106539,"Shape_Area":0.00323764461987,"dtcode11":"635","dtname11":"Puducherry"}},{"type":"Feature","id":2802,"geometry":{"type":"MultiPolygon","coordinates":[[[[79.76971573400004,11.943996032000026],[79.76890873500008,11.944026309000034],[79.76622710900006,11.944152522000026],[79.76510214300004,11.944221804000046],[79.76349952000005,11.944215924000046],[79.76262305800003,11.94350959500003],[79.75987826100004,11.943645981000037],[79.75974461400006,11.942628650000067],[79.75972723900007,11.94115065000005],[79.75975415700003,11.94005124200004],[79.76042006200004,11.940102282000055],[79.76044762500004,11.939175475000056],[79.76036592500002,11.938488357000033],[79.76035733100008,11.935969358000026],[79.76044562600003,11.934331743000024],[79.76063678500003,11.932069709000073],[79.76092746200005,11.930738715000079],[79.76211332400004,11.930864439000045],[79.76212939900006,11.928589538000036],[79.76119469900004,11.928517379000033],[79.76137042500005,11.928417484],[79.76185237400006,11.928223119000052],[79.76953829100007,11.928953458000016],[79.76896007400006,11.930860889000032],[79.76748088300008,11.931309302000034],[79.76674710800006,11.932274688000062],[79.76622100200008,11.932721054000073],[79.76530939600008,11.932706810000075],[79.76488926500006,11.933329668000047],[79.76528552800005,11.934188632000021],[79.76718664000005,11.93507223200004],[79.76933055500007,11.93510569300002],[79.77050467200007,11.935751178000036],[79.77119998300003,11.937963903000014],[79.77114696100006,11.938412028000078],[79.77087576200006,11.941102656000053],[79.76921720600006,11.942155192000028],[79.76971573400004,11.943996032000026]]],[[[79.75618096400007,12.004096956000062],[79.75457162700006,12.004675330000058],[79.75209822500005,12.005953187000044],[79.75056726500003,12.006643324000038],[79.74857191600006,12.00713320000005],[79.74755996000005,12.007833734000023],[79.74677852800006,12.00690186700006],[79.74662227400006,12.005867020000037],[79.74596463800003,12.005852144000086],[79.74570560600006,12.00458325400006],[79.74554818800004,12.00432578100003],[79.74535408600006,12.00406885800004],[79.74475579300008,12.002801395000056],[79.74311773400008,12.003311489000046],[79.74258021600008,12.00140976100005],[79.74260123900007,12.001174285000042],[79.74002042400008,12.001303897000072],[79.73982133000004,12.000861854000037],[79.73767600600007,12.00092271100002],[79.73747137800007,11.998431650000045],[79.73698370200003,11.998397985000052],[79.73691698900006,11.997850852000044],[79.73584584300005,11.997824873000061],[79.73572948800006,11.997440552000057],[79.73477007800007,11.997450182000012],[79.73447620500008,11.996637697000036],[79.73388203500008,11.994564716000056],[79.73338885000004,11.993256037000046],[79.73189721100003,11.993506552000035],[79.73164601900004,11.99288880600006],[79.72898531800008,11.993566400000075],[79.72824862500005,11.992294456000021],[79.72428297600004,11.992879020000043],[79.72333323800007,11.993069245000076],[79.72310494300007,11.992455233000037],[79.72055235500005,11.992688736000057],[79.72003896800004,11.991850169000037],[79.71980300700005,11.991494398000029],[79.71965764500004,11.990925707000027],[79.71956214600004,11.990251758000063],[79.71940053400006,11.989207827000016],[79.71868926000008,11.988348058000035],[79.71704922500004,11.986406172000038],[79.71584181700008,11.984848011000064],[79.71493292100007,11.984857185000054],[79.71452001300008,11.984948741000034],[79.71462740700008,11.986359595000064],[79.71236909100008,11.986474672000043],[79.71217361500004,11.985055637000073],[79.71185800700005,11.983555712000056],[79.71129379400008,11.980871722000062],[79.71089896600004,11.978965529000043],[79.71040202300009,11.976929100000062],[79.71016594500007,11.976722248000044],[79.70926567800007,11.97572631700006],[79.71079452500004,11.97564249200008],[79.71086821100005,11.974579805000078],[79.71221700000007,11.974365601000043],[79.71240132400006,11.97354160200006],[79.71287801600005,11.973471383000057],[79.71295922800005,11.973063158000052],[79.71393005600002,11.972489779000053],[79.71461513400004,11.972707182000025],[79.71460405900007,11.972197076000032],[79.71529040600007,11.971641707000074],[79.71597098800002,11.971018554000068],[79.71576821100007,11.969902956000045],[79.71498542500007,11.96761836200005],[79.71436613400004,11.967721280000031],[79.71415598400006,11.96698462900003],[79.71245418700005,11.967417699000052],[79.71196238200008,11.96750233900007],[79.71152664000003,11.967522443000064],[79.71131297200003,11.967138840000075],[79.71079001500006,11.967236515000012],[79.71013909200008,11.965715516000033],[79.70853260000007,11.965859004000023],[79.70604083800004,11.966322205000049],[79.70581986000008,11.967074514000041],[79.70493311200005,11.96713700000002],[79.70339435000007,11.96706378700002],[79.70311996700008,11.966196353000035],[79.70364881800003,11.965465916000028],[79.70284570700005,11.964768240000069],[79.70184033300006,11.96486828500002],[79.70146722000005,11.96366759800003],[79.70101191700007,11.962656246000039],[79.70010826600004,11.962841394000058],[79.70006371800008,11.962763965000013],[79.70121974900007,11.951151813000033],[79.70241816100007,11.949559051000048],[79.70388378700005,11.947948018000028],[79.70491630700008,11.94578404800007],[79.70796297500003,11.944094582000059],[79.70796578900007,11.944964356000076],[79.70791589900006,11.945973167000036],[79.70789113400006,11.946570642000033],[79.70835169000003,11.946708878000038],[79.70830963400005,11.947590350000025],[79.70915395200007,11.947522658000015],[79.70934479000005,11.948870371000055],[79.70962091900002,11.94984042400006],[79.71084880200004,11.949301689000027],[79.71291377600005,11.94816041100005],[79.71654461700008,11.946683141000053],[79.72084718800005,11.944898385000048],[79.72077975600006,11.944261089000062],[79.72044916500005,11.942418230000046],[79.72017013300007,11.940714954000043],[79.71979502600004,11.93914213400005],[79.71917031200007,11.936377533000032],[79.71874545900005,11.934905462000073],[79.71804620900008,11.932774774000052],[79.71782037600008,11.931740174000023],[79.71803993900005,11.931554174000038],[79.71788894800005,11.930844508000064],[79.71748098200004,11.928974549000031],[79.71829931100007,11.92825103300005],[79.72124298200004,11.926382659000067],[79.72228567600008,11.925596151000038],[79.72452258200008,11.923861976000056],[79.72551089900008,11.923106170000038],[79.72606329200005,11.92252954200005],[79.72654219000003,11.921754351000072],[79.72726163400006,11.920628805000042],[79.72857859200008,11.918687094000068],[79.72908492700003,11.917983402000061],[79.72954600900005,11.917385017000065],[79.73025859700005,11.916535711000046],[79.73113339500003,11.915152080000034],[79.73163004400004,11.914408757000038],[79.73228197000005,11.91355510300002],[79.73317368900007,11.91274585700005],[79.73379230600005,11.91245789100002],[79.73444151300005,11.911979789000045],[79.73463566500004,11.911803525000053],[79.73525075800006,11.912362568000043],[79.73565621600005,11.914187208000046],[79.73605181900008,11.916546346000079],[79.73749207800007,11.917147777000018],[79.73781927500005,11.919559992000064],[79.73909984500006,11.919700938000044],[79.74142003700007,11.91979738800006],[79.74355895600007,11.919771377000071],[79.74500729400006,11.920936844000039],[79.74491807400005,11.922620608000049],[79.74490047800003,11.923703176000059],[79.74405992600003,11.926578655000075],[79.74310838900004,11.928669582000058],[79.74412654700006,11.929948996000055],[79.74804426100008,11.929590011000066],[79.74911962400006,11.929464816000069],[79.74910372600006,11.930091728000036],[79.74892099800007,11.933728903000036],[79.74880046800006,11.936356398000047],[79.7487640720001,11.938246386000062],[79.74880576400005,11.940901294000064],[79.74862021300004,11.944217067000066],[79.74829278800007,11.945756211000052],[79.74798253400006,11.947154627000033],[79.74746260400008,11.949612384000032],[79.74732540100007,11.95065368700006],[79.74682840000008,11.953179518000066],[79.74662253700008,11.954215240000044],[79.74616060600005,11.956555517000014],[79.74598720000006,11.957638014000056],[79.74558854000009,11.959538224000028],[79.74538572000006,11.960385620000055],[79.74499256900003,11.962580373000039],[79.74481484700004,11.963715845000024],[79.74451776200004,11.964934048000028],[79.74274398500008,11.965643859000078],[79.74167053100007,11.965915713000069],[79.73996073500008,11.966494510000071],[79.73786139200008,11.967281473000062],[79.73667353900004,11.967681218000049],[79.73419706100003,11.968475699000063],[79.73330288100003,11.968783050000065],[79.7324690600001,11.96911278800006],[79.73039342200008,11.970266674000072],[79.72997268100005,11.970490139000045],[79.7290741180001,11.970783859000045],[79.72778527200005,11.971119884000077],[79.72603057200007,11.971214963000023],[79.72446913500005,11.971263456000031],[79.72438669100006,11.97216805500005],[79.72424231700006,11.972796399000057],[79.72392497600003,11.97363070200004],[79.72378577700006,11.974083138000024],[79.72359376700007,11.975309786000015],[79.72353407800006,11.976223784000057],[79.72351016900006,11.976842773000037],[79.72354564400007,11.977543936000066],[79.72360346100005,11.978140536000069],[79.72374853400004,11.97858735000006],[79.72413338200003,11.979436229000052],[79.72445999300004,11.979434657000075],[79.72543084700004,11.981794485000023],[79.72591816500004,11.983523867000025],[79.72643862300004,11.985679121000036],[79.72693486200006,11.985816753000048],[79.72808768100003,11.98588809600006],[79.72876375500003,11.985960886000042],[79.73036589700006,11.98588590900004],[79.73034118100007,11.985365412000018],[79.72983513000008,11.98533707200005],[79.72965065600005,11.985125425000032],[79.72957477700004,11.98465037300003],[79.73012810300008,11.984240592000042],[79.73022348100007,11.983874311000024],[79.73021480200003,11.98321417500005],[79.73076578200005,11.983157482000017],[79.73085921200004,11.982559890000072],[79.73186997900007,11.98248679600004],[79.73182464800003,11.981755006000064],[79.73194262100003,11.981478212000074],[79.73276343300006,11.981107641000053],[79.73346504700004,11.980878457000077],[79.73422876600006,11.980354668000073],[79.73512551900006,11.979473091000042],[79.73555469900003,11.979154970000026],[79.73599957500005,11.97899842600002],[79.73621539200008,11.978974766000013],[79.73756534100005,11.97890023200006],[79.73836896700004,11.97887909800004],[79.74017744500003,11.978512822000031],[79.74017100500004,11.978204726000055],[79.74106050100005,11.97790627300003],[79.74188577300005,11.977681260000049],[79.74279644200004,11.977771224000037],[79.74314530100008,11.978796605000076],[79.74338326700007,11.979383631000086],[79.74386879700008,11.980108818000078],[79.74619562000004,11.982539529000064],[79.74811313300006,11.984705419000024],[79.74861280300007,11.984562106000054],[79.74884281400007,11.984511573000074],[79.74991746700005,11.984456279000028],[79.75184951800009,11.98431630400006],[79.7519718550001,11.984899252000043],[79.75292364500005,11.984930005000018],[79.75321015300004,11.986131534000029],[79.75427997400004,11.986163004000042],[79.75516223200003,11.988012458000059],[79.75545723700003,11.988336374000028],[79.75590472000005,11.98851488500002],[79.75696940400006,11.988369123000032],[79.75806829100004,11.988730460000056],[79.75987533700005,11.989025035000049],[79.76036343600003,11.989243657000031],[79.76148444700004,11.991146470000038],[79.76200990800004,11.993169717000054],[79.76220621200007,11.994782786000028],[79.76229022200005,11.996039837000065],[79.76235374300005,11.998566988000047],[79.76223255000006,11.99996977500008],[79.76207416100004,12.001404707000063],[79.76237916900006,12.002674271000032],[79.76154983500004,12.00293095100006],[79.75976171100007,12.003582177000064],[79.75925745300003,12.003793164000063],[79.75838058900005,12.00386968600002],[79.75764558900003,12.00389088500003],[79.75689633200005,12.003872367000053],[79.75618096400007,12.004096956000062]]]]},"properties":{"FID":2802,"OBJECTID":2827,"ST_CODE":"34","ST_NAME":"PUDUCHERRY","DT_CODE":"02","DIST_NAME":"Pondicherry","AC_NO":3,"AC_NAME":"Ossudu (SC)","PC_NO":1,"PC_NAME":"PONDICHERRY","PC_ID":3401,"STATUS":" ","Shape_Leng":0.42298724829,"Shape_Area":0.00272012045147,"dtcode11":"635","dtname11":"Puducherry"}},{"type":"Feature","id":2803,"geometry":{"type":"MultiPolygon","coordinates":[[[[79.82164246900004,11.969558037000068],[79.82138332800007,11.970007601000075],[79.82085946200004,11.970824289000053],[79.82070504100005,11.971244990000061],[79.82014561600005,11.97308436800006],[79.81982952800007,11.97402155700006],[79.81957864800006,11.975329779000036],[79.81894833500007,11.976865750000048],[79.81844000100006,11.977930884000036],[79.81796788900004,11.97822264700006],[79.81697429900004,11.978738852000031],[79.81623223200005,11.979072744000058],[79.81575805900007,11.97898540300003],[79.81385818100006,11.978402440000018],[79.81254205500005,11.977934432000026],[79.81129214500004,11.976828882000058],[79.81074319600002,11.97632521500003],[79.80974923200006,11.975267574000052],[79.80874766400007,11.973314058000028],[79.80831597600007,11.972497430000033],[79.80726872300005,11.969812186000059],[79.80713363800004,11.969514543000063],[79.80641403000004,11.968067390000057],[79.80608899500004,11.966594707000066],[79.80582241800005,11.965700526000031],[79.80528451800006,11.963633454000028],[79.80655669000004,11.963537905000065],[79.80682852900003,11.96351951200006],[79.80805745300006,11.963115311000026],[79.80978105400004,11.962874357000034],[79.80974403100004,11.962316503000071],[79.80979822700004,11.960335251000059],[79.81090874400007,11.958792094000035],[79.81124815400005,11.958774727000051],[79.81351428500004,11.95856459800007],[79.81613992200005,11.95851560000005],[79.81638892100004,11.958564526000034],[79.81609500600007,11.959985952000077],[79.81566232300007,11.961560944000032],[79.81521031700004,11.962979969000058],[79.81546215500003,11.96423151000004],[79.81579186700003,11.966286342000048],[79.81629312000007,11.968945101000035],[79.81769171700006,11.96780785900006],[79.81867932900006,11.96686514600003],[79.81904831900005,11.96642516400004],[79.82071084000006,11.964311592000056],[79.82112634500005,11.96382719400003],[79.82019918300007,11.963769068000015],[79.82055855600004,11.962481729000048],[79.82068228900005,11.960367290000018],[79.82171005000004,11.959781672000066],[79.82252622800007,11.959682420000027],[79.82271839800006,11.958972389000044],[79.82273693100007,11.95779155800005],[79.82387716100004,11.957557350000059],[79.82471744100008,11.95760059300004],[79.82504614100002,11.957754500000021],[79.82837087500006,11.958715398000034],[79.82751413700005,11.959430007000037],[79.82601352400007,11.960653751000045],[79.82480651600008,11.961564953000051],[79.82454725900004,11.96202353300004],[79.82441571200008,11.962521284000035],[79.82375178700005,11.963650574000045],[79.82295851500005,11.96477112800004],[79.82228452900006,11.965810017000017],[79.82210718400006,11.966304819000067],[79.82209719200006,11.96701425700007],[79.82185258200008,11.96836315900002],[79.82164246900004,11.969558037000068]]],[[[79.79434225400007,12.02583860800007],[79.79292939300007,12.026166606000046],[79.79208519800004,12.026487573000047],[79.79134478700007,12.027129465000032],[79.79090900600005,12.027285220000053],[79.79016117800005,12.027528679000053],[79.78928976100008,12.027686726000077],[79.78937281300006,12.02686317400002],[79.78946928600004,12.025053646000066],[79.78948509100007,12.023774337000075],[79.78949888800008,12.021973706000043],[79.78914369600005,12.020813921000075],[79.78831721300008,12.019235012000022],[79.78975331500003,12.018811519000046],[79.79089141900006,12.018530093000034],[79.79251478300006,12.018006787000044],[79.79321605400008,12.01780435400007],[79.79478917400007,12.017340050000017],[79.79598299500003,12.01708539600004],[79.79705637800004,12.016980073000074],[79.79833371900007,12.016951222000053],[79.80092050300004,12.016965065000015],[79.80097502100006,12.017791837000058],[79.80111379300007,12.018076052000024],[79.8016807750001,12.018462758000048],[79.80231892400008,12.019132638000025],[79.80289035700008,12.01960064800004],[79.80320410100006,12.019693477000022],[79.80381150200003,12.019917188000022],[79.80406915200007,12.020077983000018],[79.80415347700007,12.020254169000035],[79.80427054400009,12.020679093000059],[79.80418966200006,12.021081796000031],[79.80412183000004,12.021384279000067],[79.80435152700005,12.021428425000067],[79.80477480400003,12.021481184000043],[79.80512458200008,12.021615182000055],[79.80538753900004,12.02180313700006],[79.80551830500008,12.022159443000024],[79.80545088900004,12.022508195000057],[79.80513671800009,12.023021286000072],[79.80501907700005,12.023429071000056],[79.80502066200005,12.023618658000045],[79.80523346900002,12.023861133000011],[79.80534408800008,12.02411445300004],[79.80538730700005,12.024353198000027],[79.80531436600006,12.02454389900003],[79.80513581200006,12.024672048000069],[79.80467850000008,12.024958402000028],[79.80355182900007,12.02567453700004],[79.80315726800008,12.025834347000048],[79.80228960000007,12.02590226000006],[79.80140760300002,12.02586162500006],[79.80031853700008,12.02579523400004],[79.79908346400003,12.025900355000013],[79.79819258700006,12.025913725000073],[79.79709385300004,12.025806539000023],[79.79573402700004,12.025755125000046],[79.79434225400007,12.02583860800007]]],[[[79.85757859400007,12.007777416000081],[79.85809427100007,12.008747565000016],[79.85906319100008,12.011169842000067],[79.85963528600007,12.012496255000018],[79.86021655900004,12.013822808000034],[79.86086252000007,12.015117612000036],[79.86211621200006,12.01766152400005],[79.86272050300005,12.01891058000004],[79.86398099700006,12.021761516000018],[79.86500720300006,12.023900372000059],[79.86678726000008,12.027557960000012],[79.86753885500008,12.029073271000053],[79.86898278800004,12.03186042100004],[79.86957385300006,12.033232304000032],[79.87016946300008,12.034607643000069],[79.87042495700007,12.035139532000063],[79.87067591900006,12.035667968000041],[79.87169271300009,12.03746257300002],[79.87238536100006,12.039091000000033],[79.87307924100008,12.040714938000052],[79.87379284700008,12.042623534000022],[79.87352632100004,12.042734670000062],[79.87296673300006,12.042967832000043],[79.86984110200005,12.04426865300007],[79.87001382500006,12.044741777000064],[79.86706900900003,12.045611923000035],[79.86457374000008,12.046321715000037],[79.85560562800003,12.049548045000034],[79.85327591100008,12.050441814000074],[79.85137345600002,12.051062110000032],[79.84976469900005,12.051816569000042],[79.84880742500007,12.049152580000055],[79.84762816700004,12.04587253000005],[79.84567235800004,12.040999905000037],[79.84514202600008,12.039790161000045],[79.84474913000008,12.03836809400007],[79.84451987700002,12.036817605000058],[79.84395786700009,12.035582571000084],[79.84344696000005,12.03452659600003],[79.84335254300004,12.034111055000032],[79.84332746500007,12.032922489000045],[79.84323619400006,12.028766445000027],[79.84319115800008,12.026428932000037],[79.84312474200004,12.023476167000082],[79.84296101600006,12.021989929000028],[79.84258718200005,12.020820977000014],[79.84175115900007,12.019079762000025],[79.84121269300005,12.017295654000062],[79.84095882300005,12.016153350000025],[79.84084261200007,12.015077441000066],[79.8404695710001,12.013271029000068],[79.84249604600008,12.012532108000075],[79.84496392500006,12.011709548000049],[79.84654033100009,12.011091290000016],[79.84854366600007,12.010362097000032],[79.84970804100004,12.00992603300004],[79.85119765100005,12.009284986000065],[79.85333712100004,12.008346787000042],[79.85540991800008,12.007567775000036],[79.85685859100005,12.006902367000063],[79.85706405300004,12.00680841400002],[79.85757859400007,12.007777416000081]]]]},"properties":{"FID":2803,"OBJECTID":2828,"ST_CODE":"34","ST_NAME":"PUDUCHERRY","DT_CODE":"02","DIST_NAME":"Pondicherry","AC_NO":12,"AC_NAME":"Kalapet","PC_NO":1,"PC_NAME":"PONDICHERRY","PC_ID":3401,"STATUS":" ","Shape_Leng":0.264171375661,"Shape_Area":0.0012459127475,"dtcode11":"635","dtname11":"Puducherry"}},{"type":"Feature","id":2804,"geometry":{"type":"Polygon","coordinates":[[[79.80528451800006,11.963633454000028],[79.80517546100003,11.96321212200007],[79.80517424500005,11.962854491000032],[79.80485508700008,11.959781143000034],[79.80496568500007,11.956484293000074],[79.8050423750001,11.95533031100007],[79.80500918800004,11.953300387000061],[79.80327648600007,11.953182407000043],[79.80322897100005,11.953216647000037],[79.80323408600003,11.953110687000041],[79.80393858500008,11.95181407200004],[79.80427182700004,11.951027285000063],[79.80480529900007,11.950401503000018],[79.80542831000008,11.949184863000028],[79.80596440600004,11.948319973000022],[79.80732379400007,11.946321612000057],[79.80625995000008,11.949988394000052],[79.80595312600008,11.951568618000055],[79.80550099600003,11.952194528000058],[79.80549034500007,11.95286782300007],[79.80633763000003,11.95268341100006],[79.80722302700006,11.952696990000053],[79.80831512400005,11.952317779000047],[79.80845859000004,11.953389391000025],[79.80771029300007,11.954922260000044],[79.80769591000006,11.955832403000032],[79.80894577700008,11.955693627000072],[79.80917630700003,11.956331143000044],[79.81022513900008,11.956226502000044],[79.81031414300008,11.955596137000036],[79.81067609800004,11.955601679000033],[79.81078877500005,11.95615729400003],[79.81155402400005,11.956090041000039],[79.81168116200007,11.955656546000052],[79.81196293700005,11.955660858000039],[79.81207447400004,11.956216454000078],[79.81356301500004,11.956199738000072],[79.81421423000006,11.955734770000046],[79.81465512200003,11.955820474000054],[79.81464888600004,11.956216336000075],[79.81517234900008,11.956224335000064],[79.81526375500005,11.955512782000024],[79.81462064600004,11.955463473000062],[79.81426492800004,11.955062079000065],[79.81427990700007,11.954111338000068],[79.81476513800003,11.954000305000013],[79.81495809400006,11.953606171000045],[79.81564890200008,11.95288122100004],[79.81521540000006,11.951672076000019],[79.81544525200007,11.951408236000074],[79.81522628700003,11.950980738000045],[79.81561313600008,11.950786980000025],[79.81584333000006,11.949118711000041],[79.81619455200007,11.949150020000046],[79.81926148000008,11.949586004000029],[79.81922703700008,11.949882159000024],[79.81937240300003,11.950182183000035],[79.81942750600005,11.950539491000026],[79.81947888800003,11.95113363600007],[79.81925998800006,11.951575884000023],[79.81855721600004,11.952188987000055],[79.81854552900006,11.952932207000064],[79.82387716100004,11.957557350000059],[79.82273693100007,11.95779155800005],[79.82271839800006,11.958972389000044],[79.82252622800007,11.959682420000027],[79.82171005000004,11.959781672000066],[79.82068228900005,11.960367290000018],[79.82055855600004,11.962481729000048],[79.82019918300007,11.963769068000015],[79.82112634500005,11.96382719400003],[79.82071084000006,11.964311592000056],[79.81904831900005,11.96642516400004],[79.81867932900006,11.96686514600003],[79.81769171700006,11.96780785900006],[79.81629312000007,11.968945101000035],[79.81579186700003,11.966286342000048],[79.81546215500003,11.96423151000004],[79.81521031700004,11.962979969000058],[79.81566232300007,11.961560944000032],[79.81609500600007,11.959985952000077],[79.81638892100004,11.958564526000034],[79.81613992200005,11.95851560000005],[79.81351428500004,11.95856459800007],[79.81124815400005,11.958774727000051],[79.81090874400007,11.958792094000035],[79.80979822700004,11.960335251000059],[79.80974403100004,11.962316503000071],[79.80978105400004,11.962874357000034],[79.80805745300006,11.963115311000026],[79.80682852900003,11.96351951200006],[79.80655669000004,11.963537905000065],[79.80528451800006,11.963633454000028]]]},"properties":{"FID":2804,"OBJECTID":2829,"ST_CODE":"34","ST_NAME":"PUDUCHERRY","DT_CODE":"02","DIST_NAME":"Pondicherry","AC_NO":11,"AC_NAME":"Lawspet","PC_NO":1,"PC_NAME":"PONDICHERRY","PC_ID":3401,"STATUS":" ","Shape_Leng":0.108965954675,"Shape_Area":0.000161959700898,"dtcode11":"635","dtname11":"Puducherry"}},{"type":"Feature","id":2805,"geometry":{"type":"Polygon","coordinates":[[[79.80322897100005,11.953216647000037],[79.80122738200002,11.954667051000067],[79.79759549500005,11.956689094000078],[79.79579784700007,11.957267182000068],[79.7937507170001,11.958186596000067],[79.79166191300004,11.959418953000064],[79.79061217700007,11.959649793000033],[79.78835251700008,11.959737826000023],[79.78811711000003,11.96041781600007],[79.78762526700007,11.96029401300007],[79.78465595400007,11.959906229000069],[79.78455380300005,11.95963051800004],[79.78385418800008,11.957666939000045],[79.78341647300005,11.95630757200006],[79.78078972900006,11.956570289000052],[79.77994660700006,11.955846506000048],[79.77977596500006,11.954983126000055],[79.77940618400004,11.953605637000079],[79.77670703900002,11.953741934000037],[79.77661289400004,11.953325337000022],[79.77626887700006,11.951772268000068],[79.77531797800003,11.951699946000083],[79.77503716300004,11.949778988000032],[79.77378460800008,11.949943368000048],[79.77353630800008,11.949067509000026],[79.77313777800003,11.949128987000053],[79.77289137900004,11.94777824600004],[79.77216428700007,11.946469656000028],[79.77146153600006,11.943931879000042],[79.76971573400004,11.943996032000026],[79.76921720600006,11.942155192000028],[79.77087576200006,11.941102656000053],[79.77114696100006,11.938412028000078],[79.77119998300003,11.937963903000014],[79.77050467200007,11.935751178000036],[79.77379210300006,11.935911814000056],[79.77484680900005,11.936076000000076],[79.77598422900007,11.93579702900006],[79.78011909900003,11.936976885000037],[79.78419271700005,11.93726228700007],[79.78518851500009,11.936525329000057],[79.78545638900006,11.93854637100002],[79.78469455900006,11.93890681700003],[79.78533332900007,11.94151906900003],[79.78602993900006,11.945174549000056],[79.78514854300005,11.948357799000066],[79.78490760000004,11.949671642000055],[79.78445260600006,11.951547337000013],[79.78434913200005,11.952717802000056],[79.78437683200008,11.95363761400005],[79.78469897300006,11.954772942000028],[79.78572507400007,11.95437031600005],[79.78667108700006,11.953673143000055],[79.78723450700005,11.952971173000037],[79.78910694000008,11.950071664000058],[79.79043170200003,11.946955010000073],[79.79200113600007,11.947104466000031],[79.79353085000008,11.947086340000034],[79.79502017500005,11.94694236100002],[79.79534008500008,11.945483087000062],[79.79562805600007,11.943437874000038],[79.79609150800006,11.941018619000022],[79.79668658500005,11.940986053000076],[79.79686739100003,11.940277054000026],[79.79714131700007,11.93998009100005],[79.79741494000007,11.939413527000063],[79.79799739500004,11.939093115000038],[79.79849033500005,11.939721117000023],[79.79846377800004,11.941394699000055],[79.80050110600007,11.941509526000052],[79.80067237100006,11.944147249000022],[79.79933997900008,11.945088970000032],[79.79984434400006,11.945431760000075],[79.80057104200006,11.945191385000049],[79.80145084100006,11.94591671100005],[79.80152946800007,11.946377036000056],[79.80220335500007,11.946722425000077],[79.80424871100006,11.949013339000029],[79.80542831000008,11.949184863000028],[79.80480529900007,11.950401503000018],[79.80427182700004,11.951027285000063],[79.80393858500008,11.95181407200004],[79.80323408600003,11.953110687000041],[79.80322897100005,11.953216647000037]]]},"properties":{"FID":2805,"OBJECTID":2830,"ST_CODE":"34","ST_NAME":"PUDUCHERRY","DT_CODE":"02","DIST_NAME":"Pondicherry","AC_NO":8,"AC_NAME":"Indira Nagar","PC_NO":1,"PC_NAME":"PONDICHERRY","PC_ID":3401,"STATUS":" ","Shape_Leng":0.136767584188,"Shape_Area":0.000445026226563,"dtcode11":"635","dtname11":"Puducherry"}},{"type":"Feature","id":2806,"geometry":{"type":"Polygon","coordinates":[[[79.82837087500006,11.958715398000034],[79.82504614100002,11.957754500000021],[79.82471744100008,11.95760059300004],[79.82387716100004,11.957557350000059],[79.81854552900006,11.952932207000064],[79.81855721600004,11.952188987000055],[79.81925998800006,11.951575884000023],[79.81947888800003,11.95113363600007],[79.81942750600005,11.950539491000026],[79.81937240300003,11.950182183000035],[79.81922703700008,11.949882159000024],[79.81926148000008,11.949586004000029],[79.81619455200007,11.949150020000046],[79.81654800000007,11.947584038000068],[79.81700642300007,11.945243571000034],[79.81707599900005,11.944680613000047],[79.81720887500006,11.943880606000047],[79.81716519900004,11.942870348000055],[79.81662091300005,11.942951153000008],[79.81504574400003,11.943312881000047],[79.81389480200005,11.943651749000022],[79.81363037900009,11.943202133000069],[79.81314020500008,11.941739476000059],[79.81327498500008,11.94081993900006],[79.81252137300004,11.940808412000004],[79.80974019000006,11.941152752000052],[79.80847114500006,11.941281080000056],[79.80792506100005,11.938575608000058],[79.8099819970001,11.938171712000054],[79.81607281500004,11.934541314000057],[79.81765738500008,11.934449323000027],[79.81896241900006,11.934941867000076],[79.82073077000007,11.934745485000079],[79.82173614200009,11.935063108000062],[79.82205308000005,11.935305945000039],[79.82280133800003,11.936386688000024],[79.82370630700007,11.93762886600006],[79.82468268900003,11.939504948000026],[79.82445674300004,11.939595136000031],[79.82506962000008,11.94091070900003],[79.82641983200006,11.941376809000078],[79.82826971400004,11.946514918000052],[79.82937021400005,11.949472457000054],[79.82849936200004,11.951092667000063],[79.82855309500007,11.951539068000042],[79.82877571100005,11.952760762000018],[79.82908721500007,11.954013139000033],[79.82943895000005,11.954671635000073],[79.82976276000005,11.955211259000063],[79.83002678200006,11.955691315000028],[79.82992843300008,11.957657204000043],[79.82947083200008,11.957833009000067],[79.82878531100003,11.958369727000052],[79.82837087500006,11.958715398000034]]]},"properties":{"FID":2806,"OBJECTID":2831,"ST_CODE":"34","ST_NAME":"PUDUCHERRY","DT_CODE":"02","DIST_NAME":"Pondicherry","AC_NO":10,"AC_NAME":"Kamaraj Nagar","PC_NO":1,"PC_NAME":"PONDICHERRY","PC_ID":3401,"STATUS":" ","Shape_Leng":0.081632932402,"Shape_Area":0.000256769078047,"dtcode11":"635","dtname11":"Puducherry"}},{"type":"Feature","id":2807,"geometry":{"type":"Polygon","coordinates":[[[79.82992843300008,11.957657204000043],[79.83002678200006,11.955691315000028],[79.82976276000005,11.955211259000063],[79.82943895000005,11.954671635000073],[79.82908721500007,11.954013139000033],[79.82877571100005,11.952760762000018],[79.82855309500007,11.951539068000042],[79.82849936200004,11.951092667000063],[79.82937021400005,11.949472457000054],[79.82826971400004,11.946514918000052],[79.82641983200006,11.941376809000078],[79.82506962000008,11.94091070900003],[79.82445674300004,11.939595136000031],[79.82468268900003,11.939504948000026],[79.82629750700005,11.93909409000003],[79.82926112300004,11.93997046100002],[79.82952623100005,11.940964888000057],[79.83028953500008,11.941015953000033],[79.83281235800006,11.941806604000018],[79.83348672800008,11.944985467000029],[79.83434921100007,11.948959104000041],[79.83600349700004,11.948667165000069],[79.83593390900006,11.947913702000044],[79.83594551700007,11.947757078000055],[79.83838118800008,11.947460016000049],[79.83838998500005,11.947557161000075],[79.83850321200003,11.94823119000005],[79.83863053300007,11.948809549000027],[79.83893486500006,11.949865497000072],[79.83934010500008,11.950989527000035],[79.83962154900006,11.951897359000036],[79.84010782400003,11.953630649000042],[79.84047575000005,11.955460305000035],[79.84057197000004,11.95582951200002],[79.83886678400005,11.956074491000042],[79.83683419100004,11.956302090000069],[79.83460755100002,11.956409400000036],[79.83397743700006,11.95640775400005],[79.83274337800003,11.95656278200004],[79.83120790300008,11.957163334000018],[79.82992843300008,11.957657204000043]]]},"properties":{"FID":2807,"OBJECTID":2832,"ST_CODE":"34","ST_NAME":"PUDUCHERRY","DT_CODE":"02","DIST_NAME":"Pondicherry","AC_NO":13,"AC_NAME":"Muthialpet","PC_NO":1,"PC_NAME":"PONDICHERRY","PC_ID":3401,"STATUS":" ","Shape_Leng":0.0615676926066,"Shape_Area":0.000135874983503,"dtcode11":"635","dtname11":"Puducherry"}},{"type":"Feature","id":2808,"geometry":{"type":"Polygon","coordinates":[[[79.81022513900008,11.956226502000044],[79.80917630700003,11.956331143000044],[79.80894577700008,11.955693627000072],[79.80769591000006,11.955832403000032],[79.80771029300007,11.954922260000044],[79.80845859000004,11.953389391000025],[79.80831512400005,11.952317779000047],[79.80722302700006,11.952696990000053],[79.80633763000003,11.95268341100006],[79.80549034500007,11.95286782300007],[79.80550099600003,11.952194528000058],[79.80595312600008,11.951568618000055],[79.80625995000008,11.949988394000052],[79.80732379400007,11.946321612000057],[79.80596440600004,11.948319973000022],[79.80542831000008,11.949184863000028],[79.80424871100006,11.949013339000029],[79.80220335500007,11.946722425000077],[79.80152946800007,11.946377036000056],[79.80145084100006,11.94591671100005],[79.80057104200006,11.945191385000049],[79.79984434400006,11.945431760000075],[79.79933997900008,11.945088970000032],[79.80067237100006,11.944147249000022],[79.80050110600007,11.941509526000052],[79.79846377800004,11.941394699000055],[79.79849033500005,11.939721117000023],[79.79799739500004,11.939093115000038],[79.79791593300006,11.93578114000007],[79.80250073100007,11.935976882000038],[79.80278923100009,11.936566752000035],[79.80546722300005,11.936440932000039],[79.80529178200005,11.93681386600003],[79.80601462400006,11.936741486000061],[79.80615430300008,11.935949511000034],[79.80756447700008,11.93587638800005],[79.80781679300003,11.937742601000014],[79.80792506100005,11.938575608000058],[79.80847114500006,11.941281080000056],[79.80974019000006,11.941152752000052],[79.81252137300004,11.940808412000004],[79.81327498500008,11.94081993900006],[79.81314020500008,11.941739476000059],[79.81363037900009,11.943202133000069],[79.81389480200005,11.943651749000022],[79.81504574400003,11.943312881000047],[79.81662091300005,11.942951153000008],[79.81716519900004,11.942870348000055],[79.81720887500006,11.943880606000047],[79.81707599900005,11.944680613000047],[79.81700642300007,11.945243571000034],[79.81654800000007,11.947584038000068],[79.81619455200007,11.949150020000046],[79.81584333000006,11.949118711000041],[79.81561313600008,11.950786980000025],[79.81522628700003,11.950980738000045],[79.81544525200007,11.951408236000074],[79.81521540000006,11.951672076000019],[79.81564890200008,11.95288122100004],[79.81495809400006,11.953606171000045],[79.81476513800003,11.954000305000013],[79.81427990700007,11.954111338000068],[79.81426492800004,11.955062079000065],[79.81462064600004,11.955463473000062],[79.81526375500005,11.955512782000024],[79.81517234900008,11.956224335000064],[79.81464888600004,11.956216336000075],[79.81465512200003,11.955820474000054],[79.81421423000006,11.955734770000046],[79.81356301500004,11.956199738000072],[79.81207447400004,11.956216454000078],[79.81196293700005,11.955660858000039],[79.81168116200007,11.955656546000052],[79.81155402400005,11.956090041000039],[79.81078877500005,11.95615729400003],[79.81067609800004,11.955601679000033],[79.81031414300008,11.955596137000036],[79.81022513900008,11.956226502000044]]]},"properties":{"FID":2808,"OBJECTID":2833,"ST_CODE":"34","ST_NAME":"PUDUCHERRY","DT_CODE":"02","DIST_NAME":"Pondicherry","AC_NO":9,"AC_NAME":"Thattanchavady","PC_NO":1,"PC_NAME":"PONDICHERRY","PC_ID":3401,"STATUS":" ","Shape_Leng":0.0910053291115,"Shape_Area":0.000220734978741,"dtcode11":"635","dtname11":"Puducherry"}},{"type":"Feature","id":2809,"geometry":{"type":"MultiPolygon","coordinates":[[[[79.65858528600005,11.94457156300005],[79.65819161400003,11.944817802000026],[79.6575900220001,11.944961365000042],[79.65746232600004,11.945128483000069],[79.65737861400002,11.945879530000072],[79.65693115600004,11.94646105000002],[79.65661691100007,11.94688795000007],[79.65660859800005,11.947176600000036],[79.65665510500008,11.94733980400002],[79.65719803900004,11.947481813000024],[79.65736464100007,11.947792506000047],[79.65735676800004,11.948055218000041],[79.65661744800008,11.948076947000063],[79.65298097800007,11.948220362000013],[79.65287075700009,11.94816666100007],[79.65282799500005,11.947850099000036],[79.65268894300004,11.946724257000032],[79.65222536900006,11.946699726000073],[79.65211503300003,11.945772899000058],[79.65205280300006,11.945252968000036],[79.65202829200008,11.94487353600004],[79.65195378800006,11.943589709000026],[79.65045763000006,11.943926113000028],[79.64947656900006,11.944287890000037],[79.64865514700006,11.94442328900005],[79.64809136200006,11.944566306000068],[79.64786819700004,11.944552483000056],[79.64790087000004,11.94276053600002],[79.64575086100007,11.94125643300004],[79.64301393600005,11.941395218000016],[79.64021401400004,11.941532913000062],[79.63834220600006,11.941929542000016],[79.63566084000007,11.942436851000021],[79.63197595900004,11.943476861000018],[79.63010094300006,11.944058335000024],[79.62848811500004,11.94518447900003],[79.62734243000006,11.944651076000069],[79.62603072800003,11.943978413000012],[79.62475910500007,11.943106739000022],[79.62438225700004,11.943036180000034],[79.62375286900004,11.94306182000001],[79.62304171100004,11.943246283000075],[79.62250850300006,11.943208090000036],[79.62195218700003,11.943047679000088],[79.62090134700009,11.943065170000065],[79.61890409000006,11.943223697000064],[79.61864038600004,11.940900024000024],[79.61840401900008,11.939386759000048],[79.61814827400008,11.937601322000031],[79.61787474500005,11.936051358000032],[79.61843404900003,11.93603585700003],[79.61844255600005,11.934873000000028],[79.61829758100004,11.93324171900002],[79.61819989700007,11.932125609000016],[79.61865504500008,11.93203730900007],[79.61843502700005,11.930306657000065],[79.61887573000007,11.930258724000055],[79.61876718800005,11.929441367000031],[79.61842499100004,11.926086637000031],[79.61941414500006,11.92551768100003],[79.62280005100007,11.923720731000062],[79.62448472800008,11.92266812300005],[79.62501150200006,11.922408415000062],[79.62563985600008,11.92210301700003],[79.62659917000008,11.92200276200005],[79.62671288500007,11.921984346000041],[79.62724405700004,11.921534076000047],[79.62773744000005,11.92094894900003],[79.62809231200004,11.92029159000002],[79.62832332600004,11.919575779000073],[79.62838070000002,11.919100729000029],[79.62836561700003,11.918910981000057],[79.62824379200003,11.918264894000057],[79.62807826200003,11.916289351000053],[79.62753013000007,11.912909953000055],[79.62716522900007,11.91060516500005],[79.62672387900007,11.909422538000062],[79.62644033300006,11.908790705000055],[79.62596061900005,11.906169353000058],[79.62589738600008,11.905915650000038],[79.62571632700008,11.90518514100006],[79.6252661440001,11.903048179000042],[79.62606930100003,11.902963389000039],[79.62739429600003,11.90256806000003],[79.62983339000006,11.901584384000047],[79.63152125300009,11.90133263600006],[79.63209952400007,11.901271157000052],[79.63691239800005,11.90144891200002],[79.63870717500004,11.902114697000046],[79.63957076700008,11.90231393200002],[79.64062185700004,11.902195934000073],[79.64084971300008,11.904758901000044],[79.64106127200006,11.907674660000042],[79.64226516700006,11.907800542000066],[79.64451897500004,11.907745201000075],[79.64772432400007,11.907703226000024],[79.64995070500004,11.907711639000068],[79.65214128600007,11.907737476000024],[79.65297309900006,11.907719552000058],[79.65460333000004,11.907762094000063],[79.65588542500005,11.907937644000068],[79.65596910500005,11.909153785000049],[79.65594100500005,11.910139129000067],[79.65604215700006,11.912897450000056],[79.65828238100005,11.912904831000052],[79.66089678200007,11.913069442000051],[79.66262360500008,11.913093170000012],[79.66266920600003,11.915145639000048],[79.66110433000006,11.915161783000043],[79.66099942000005,11.91628914100005],[79.66255195100007,11.916394614000064],[79.66271864100008,11.917650493000037],[79.66441910700007,11.918086599000045],[79.66530237800004,11.918281497000057],[79.66700233100006,11.918408505000063],[79.66885208900004,11.918413860000046],[79.66894565900003,11.920548358000092],[79.66897200900006,11.923275090000061],[79.66899935400004,11.92601088900004],[79.66927135100008,11.92632100700006],[79.66930040700004,11.927591596000058],[79.66983768500008,11.927589073000032],[79.66988508000009,11.929814254000062],[79.67053784300003,11.929824890000074],[79.67065166400005,11.93157402200006],[79.66974739200005,11.931601025000079],[79.66979324600004,11.932690301000033],[79.67032153400004,11.932678605000035],[79.66988272200008,11.933978824000066],[79.66970348700005,11.934965175000057],[79.67034138500003,11.934975570000052],[79.67025672900009,11.93551451300004],[79.66956338200002,11.935531415000069],[79.66928783400006,11.937477283000025],[79.66751658300007,11.93769318400007],[79.66414003300008,11.938337447000038],[79.66418387500003,11.937026262000066],[79.66069358300007,11.937078624000039],[79.66070795400003,11.940030930000027],[79.66035096200005,11.940208960000053],[79.66038459300006,11.941407494000025],[79.65941541800004,11.941542792000071],[79.65935278400006,11.94179219300002],[79.65857731200005,11.941921632000053],[79.65858831400004,11.943238249000041],[79.65858528600005,11.94457156300005]]],[[[79.69651635500009,11.962627901000074],[79.69567189000009,11.96387103100006],[79.69502493000005,11.961984530000038],[79.69440542900008,11.960377125000031],[79.69388815000009,11.95875558200004],[79.69350946400004,11.957275038000041],[79.69289869000005,11.957349793000034],[79.69237149200006,11.954810958000047],[79.69207188600006,11.953537018000068],[79.69159727800007,11.951351023000022],[79.69380022300003,11.950191931000058],[79.69401080800003,11.949033410000025],[79.69573069000006,11.947708578000055],[79.69578642100004,11.946836353000034],[79.69581447500008,11.945009348000038],[79.69590364100002,11.944538129000016],[79.69627352500004,11.944133477000038],[79.69635524300008,11.94383473100004],[79.69648499500005,11.943264900000019],[79.6972408810001,11.941759852000072],[79.69856688600004,11.941658242000072],[79.70049059500008,11.94143650900003],[79.70158303400007,11.941395414000045],[79.70164417600004,11.940816584000057],[79.70271833600003,11.940702992000066],[79.70357147700008,11.940445967000068],[79.70410752700008,11.94024363100004],[79.70445594600005,11.939957064000053],[79.70546589700005,11.939084382000022],[79.70563362100006,11.938640373000046],[79.70603546800004,11.938032044000048],[79.70646733300003,11.937270786000047],[79.70660819700002,11.936926742000013],[79.70659275400004,11.936682841000035],[79.70658273200007,11.936388267000046],[79.70646045300003,11.935746718000086],[79.70652672700004,11.935271757000065],[79.70663160000005,11.93509521300007],[79.70691557700007,11.93489446800003],[79.70776311800006,11.934488436000034],[79.70863447900007,11.934235062000026],[79.71023334800005,11.933490243000056],[79.71111225600004,11.933056495000073],[79.71070054500007,11.934126025000063],[79.70992606500005,11.93545032100007],[79.70922740000003,11.937316157000048],[79.70916252100005,11.938053975000061],[79.70851944000003,11.93974361400006],[79.70822347800004,11.94039200400005],[79.70810544600005,11.940740931000054],[79.70796346800006,11.941776453000037],[79.70788881400004,11.942342662000033],[79.70796089700008,11.943110889000035],[79.70796297500003,11.944094582000059],[79.70491630700008,11.94578404800007],[79.70388378700005,11.947948018000028],[79.70241816100007,11.949559051000048],[79.70121974900007,11.951151813000033],[79.70006371800008,11.962763965000013],[79.69963169300007,11.962007942000062],[79.69800263900004,11.960405745000054],[79.69651635500009,11.962627901000074]]],[[[79.68648622800004,11.973207078000026],[79.68469850500009,11.973079996000017],[79.68198246100009,11.972826160000064],[79.68030226800005,11.972847428000021],[79.68013655400006,11.971862108000037],[79.67837215500003,11.971780452000084],[79.67773777200006,11.968812122000024],[79.67675534400007,11.968839035000027],[79.67666011300008,11.968094037000055],[79.67498489600007,11.968300339000033],[79.67486742600005,11.967857322000036],[79.67393929700006,11.967858023000076],[79.67258910700008,11.967745804000048],[79.67186926300006,11.967966486000005],[79.67141962600004,11.968199461000037],[79.66956594400004,11.968524634000062],[79.66882178300006,11.968555376000038],[79.66843973300007,11.968379925000013],[79.66820922200003,11.968255454000035],[79.66784246000003,11.968193066000032],[79.66702441900003,11.96825643800003],[79.66510601900008,11.968545524000039],[79.66216470300003,11.969087497000036],[79.66239507600005,11.968200021000019],[79.66264068800007,11.966679907000067],[79.66235547600007,11.96565427500008],[79.66217566700006,11.964561553000067],[79.66189974300005,11.96250947900005],[79.66047978800005,11.962529125000067],[79.66011251300006,11.960596277000038],[79.65998298400007,11.958358228000062],[79.65927477600007,11.958230442000048],[79.65705330700007,11.958629515000037],[79.65607751000005,11.95914938000004],[79.65433826500002,11.959419814000047],[79.65423422600009,11.959745262000066],[79.65432564600007,11.960504859000013],[79.65379351100006,11.960602173000046],[79.65337934300004,11.959618424000034],[79.65279250200005,11.95780268000004],[79.65365672300003,11.956157414000069],[79.65430046800005,11.95426937900004],[79.65449099400007,11.953707327000075],[79.65465913200006,11.953452879000055],[79.65483343900007,11.95330795700004],[79.65522676000006,11.953084276000025],[79.65656771600003,11.95292012100003],[79.65700755500006,11.952723144000045],[79.65731362900004,11.95244162300003],[79.65817671400004,11.952487346000044],[79.65830487700003,11.952360843000065],[79.65824392400003,11.951152790000034],[79.65837216500006,11.951089461000027],[79.65864844700008,11.951079320000071],[79.65869206500008,11.950667155000069],[79.65877631200004,11.950019887000055],[79.66001664500003,11.950045829000032],[79.66013174500006,11.950218053000068],[79.66054537400004,11.950215796000059],[79.66114727900003,11.950190671000026],[79.66127669100005,11.950533468000062],[79.66233371300007,11.95055977600003],[79.66339631300008,11.950867060000057],[79.66379580100005,11.950888252000023],[79.66447493600003,11.950767360000038],[79.66516703600007,11.950488744000035],[79.66667514700003,11.949852305000036],[79.66792301000004,11.949634636000047],[79.66900155300004,11.94960709800007],[79.66977319500006,11.94957116700004],[79.67053440600006,11.949337648000046],[79.67085100800006,11.949245790000075],[79.67092705700009,11.948810464000076],[79.67158713100007,11.948595598000052],[79.67176990400003,11.948422595000068],[79.67182470900008,11.948160646000078],[79.67248419200007,11.94798073700001],[79.67326527900009,11.94785920800006],[79.67351051400003,11.948333604000023],[79.67654181700004,11.948477647000065],[79.67667175700007,11.949543533000057],[79.67794062200005,11.949849546000054],[79.67928160800005,11.950707222000048],[79.68023215400008,11.951757097000055],[79.68072820200007,11.951690689000033],[79.68202080200007,11.952154985000037],[79.68277894400006,11.952310539000045],[79.68273248800006,11.953034019000029],[79.68409195100008,11.95313162400003],[79.68460721800005,11.95335543300007],[79.68455894700008,11.953707744000042],[79.68388841900008,11.953725088000049],[79.68384498200004,11.954268125000048],[79.68349739100005,11.95443170900006],[79.68340268800006,11.955780508000013],[79.68340491700008,11.95626450000002],[79.68370962200002,11.956542437000055],[79.68381820100007,11.957175934000066],[79.68396593000006,11.958278232000056],[79.68425962600008,11.960108276000025],[79.68384702600008,11.960390392000015],[79.68442471500002,11.962024242000028],[79.68530216400006,11.964028466000055],[79.68577101300006,11.964908102000031],[79.68640376200005,11.96667823700005],[79.68696048600003,11.967854872000025],[79.68770624600006,11.969239891000027],[79.68781906600003,11.969551957000023],[79.68779121300007,11.969710576000073],[79.68759738300007,11.970271520000038],[79.68648622800004,11.973207078000026]]]]},"properties":{"FID":2809,"OBJECTID":2834,"ST_CODE":"34","ST_NAME":"PUDUCHERRY","DT_CODE":"02","DIST_NAME":"Pondicherry","AC_NO":2,"AC_NAME":"Thirubuvanai (SC)","PC_NO":1,"PC_NAME":"PONDICHERRY","PC_ID":3401,"STATUS":" ","Shape_Leng":0.403399452876,"Shape_Area":0.00233065375674,"dtcode11":"635","dtname11":"Puducherry"}},{"type":"Feature","id":2810,"geometry":{"type":"Polygon","coordinates":[[[79.83838118800008,11.947460016000049],[79.83594551700007,11.947757078000055],[79.83593390900006,11.947913702000044],[79.83600349700004,11.948667165000069],[79.83434921100007,11.948959104000041],[79.83348672800008,11.944985467000029],[79.83281235800006,11.941806604000018],[79.83028953500008,11.941015953000033],[79.82952623100005,11.940964888000057],[79.82926112300004,11.93997046100002],[79.82629750700005,11.93909409000003],[79.82468268900003,11.939504948000026],[79.82370630700007,11.93762886600006],[79.82280133800003,11.936386688000024],[79.82205308000005,11.935305945000039],[79.82173614200009,11.935063108000062],[79.82073077000007,11.934745485000079],[79.82226645300004,11.934556818000035],[79.82875236200003,11.933903077000016],[79.82742731800005,11.928615255000059],[79.82714321400003,11.928251114000037],[79.82767453600007,11.928262571000053],[79.82872445000004,11.928001037000058],[79.83496321800003,11.927087232000082],[79.83500215800007,11.92723445800004],[79.83522827500008,11.928232752000033],[79.83553425500008,11.929692473000044],[79.83573735400005,11.930771641000037],[79.83597860900004,11.932122108000037],[79.83642751300005,11.93352648200004],[79.83670403100007,11.934746646000066],[79.83691159800004,11.935613834000037],[79.83690520100004,11.936097650000018],[79.83683943100004,11.936789251000059],[79.83678609000003,11.937124590000053],[79.83675118000008,11.937526761000068],[79.83685081900005,11.938042641000035],[79.83723000800006,11.93936476900007],[79.83742374400003,11.940458493000046],[79.83748775200009,11.941276150000013],[79.83751193300003,11.942370701000055],[79.83757737200006,11.943243658000016],[79.83760833800005,11.943902897000035],[79.83768863400007,11.944337277000034],[79.83781794300006,11.94456709600007],[79.83797583600006,11.944874053000031],[79.83819092800007,11.945627451000064],[79.83829785500006,11.946558575000036],[79.83838118800008,11.947460016000049]]]},"properties":{"FID":2810,"OBJECTID":2835,"ST_CODE":"34","ST_NAME":"PUDUCHERRY","DT_CODE":"02","DIST_NAME":"Pondicherry","AC_NO":14,"AC_NAME":"Raj Bhavan","PC_NO":1,"PC_NAME":"PONDICHERRY","PC_ID":3401,"STATUS":" ","Shape_Leng":0.0706905306138,"Shape_Area":0.000168510526539,"dtcode11":"635","dtname11":"Puducherry"}},{"type":"Feature","id":2811,"geometry":{"type":"Polygon","coordinates":[[[79.79741494000007,11.939413527000063],[79.79716369600004,11.938931376000026],[79.79702094000004,11.937893656000023],[79.79611164000005,11.936938881000058],[79.79617858600005,11.934743681000036],[79.79584159300003,11.93389135700005],[79.79558720700003,11.933824268000015],[79.79431817500006,11.933522698000044],[79.79279426200002,11.933185599000065],[79.79203024600008,11.93311063600004],[79.79056498100005,11.933119586000025],[79.79020704700008,11.933584431000051],[79.78748668800007,11.934357909000031],[79.78741404800009,11.934890331000076],[79.78680634900007,11.935069303000034],[79.78654460000007,11.93553563100005],[79.78603245800007,11.93568449500002],[79.7852258330001,11.936268721000038],[79.78518851500009,11.936525329000057],[79.78419271700005,11.93726228700007],[79.78011909900003,11.936976885000037],[79.77598422900007,11.93579702900006],[79.77484680900005,11.936076000000076],[79.77379210300006,11.935911814000056],[79.77050467200007,11.935751178000036],[79.76933055500007,11.93510569300002],[79.76718664000005,11.93507223200004],[79.76528552800005,11.934188632000021],[79.76488926500006,11.933329668000047],[79.76530939600008,11.932706810000075],[79.76622100200008,11.932721054000073],[79.76674710800006,11.932274688000062],[79.76748088300008,11.931309302000034],[79.76896007400006,11.930860889000032],[79.76953829100007,11.928953458000016],[79.77101277300005,11.92908135300007],[79.77245714300005,11.929301259000054],[79.77285782500007,11.92938758700007],[79.77389578200007,11.929878633000046],[79.77491080900006,11.929299983000012],[79.77501065000006,11.928074292000073],[79.77357519200007,11.927299586000066],[79.77199739100008,11.927828847000052],[79.77011035800007,11.92764151400006],[79.76892421900004,11.926394644000021],[79.76925428300007,11.925885438000021],[79.76994621900008,11.925381877000055],[79.77034817500004,11.925388145000067],[79.77183068600004,11.925727087000036],[79.77250990200008,11.926015150000074],[79.77371831000005,11.92587605400008],[79.77500804000005,11.92573708600002],[79.77653442400003,11.925840915000034],[79.77736447400007,11.926724615000062],[79.77760040000004,11.92708472300007],[79.77798841800006,11.927961552000047],[79.77938761600007,11.928498775000032],[79.7798583410001,11.929218970000028],[79.77926689300006,11.931031486000053],[79.77960977900005,11.932224588000045],[79.78073932900008,11.932005244000042],[79.78116410200005,11.930586054000065],[79.78182165100004,11.929724322000029],[79.78451708000006,11.929647673000026],[79.78516448700003,11.929419698000066],[79.7855752930001,11.928872221000054],[79.78599874600008,11.927531971000054],[79.78656344100006,11.927461755000026],[79.78756525800003,11.927635176000022],[79.78845806100009,11.927174110000047],[79.78867173400005,11.926344970000063],[79.78872241400006,11.925752442000023],[79.78917897300005,11.924848104000022],[79.79023081900003,11.924468448000011],[79.79044887700007,11.92336303100005],[79.79045518100008,11.922967215000023],[79.7902686610001,11.922092422000052],[79.79019543400005,11.921655900000083],[79.79054319100004,11.919958071000039],[79.79055263600003,11.919364917000046],[79.79054365800005,11.918993685000027],[79.79005117300005,11.91855971200005],[79.79292279700007,11.918553310000052],[79.79526101300007,11.918380715000069],[79.79687364400007,11.918530774000027],[79.79686222400005,11.921918949000023],[79.80228717100005,11.922629579000041],[79.80214548200007,11.923547814000074],[79.80195082500006,11.925134120000042],[79.80291176700007,11.926152780000054],[79.80604224200005,11.926954332000037],[79.80662007000006,11.92800882900002],[79.80496480600004,11.93061839200004],[79.80046691200005,11.930298860000043],[79.79994131200004,11.93397141500002],[79.79769354900003,11.933769869000056],[79.79791593300006,11.93578114000007],[79.79799739500004,11.939093115000038],[79.79741494000007,11.939413527000063]]]},"properties":{"FID":2811,"OBJECTID":2836,"ST_CODE":"34","ST_NAME":"PUDUCHERRY","DT_CODE":"02","DIST_NAME":"Pondicherry","AC_NO":6,"AC_NAME":"Ozhukarai","PC_NO":1,"PC_NAME":"PONDICHERRY","PC_ID":3401,"STATUS":" ","Shape_Leng":0.142361048037,"Shape_Area":0.000356494156067,"dtcode11":"635","dtname11":"Puducherry"}},{"type":"Feature","id":2812,"geometry":{"type":"MultiPolygon","coordinates":[[[[79.81010825900006,11.930172744000046],[79.81032222100004,11.926849616000013],[79.81092575300005,11.924244232000037],[79.81252783600009,11.924705272000043],[79.81329042300007,11.924795894000054],[79.81634076200004,11.925159469000052],[79.81653982900008,11.925320424000065],[79.81386595400005,11.926507923000022],[79.81326171900008,11.926617120000067],[79.81425861700008,11.929721888000078],[79.81244293600008,11.930090043000064],[79.81111562900008,11.930069731000051],[79.81010825900006,11.930172744000046]]],[[[79.81098726700003,11.930582127000038],[79.81122401000005,11.930823756000029],[79.81435907800005,11.933524747000032],[79.81560188400005,11.933821226000079],[79.8170026430001,11.934199065000051],[79.81765738500008,11.934449323000027],[79.81607281500004,11.934541314000057],[79.8099819970001,11.938171712000054],[79.80792506100005,11.938575608000058],[79.80781679300003,11.937742601000014],[79.80756447700008,11.93587638800005],[79.80721318100008,11.932662968000036],[79.80528784300003,11.932355943000056],[79.80518825200005,11.931048201000069],[79.8054331370001,11.930774475000018],[79.81006442000006,11.930410078000014],[79.81098726700003,11.930582127000038]]]]},"properties":{"FID":2812,"OBJECTID":2837,"ST_CODE":"34","ST_NAME":"PUDUCHERRY","DT_CODE":"02","DIST_NAME":"Pondicherry","AC_NO":17,"AC_NAME":"Nellithope","PC_NO":1,"PC_NAME":"PONDICHERRY","PC_ID":3401,"STATUS":" ","Shape_Leng":0.0566092624871,"Shape_Area":0.0000697546824736,"dtcode11":"635","dtname11":"Puducherry"}},{"type":"Feature","id":2813,"geometry":{"type":"MultiPolygon","coordinates":[[[[79.80601462400006,11.936741486000061],[79.80529178200005,11.93681386600003],[79.80546722300005,11.936440932000039],[79.80278923100009,11.936566752000035],[79.80250073100007,11.935976882000038],[79.79791593300006,11.93578114000007],[79.79769354900003,11.933769869000056],[79.79994131200004,11.93397141500002],[79.80046691200005,11.930298860000043],[79.80496480600004,11.93061839200004],[79.80662007000006,11.92800882900002],[79.80604224200005,11.926954332000037],[79.80291176700007,11.926152780000054],[79.80195082500006,11.925134120000042],[79.80214548200007,11.923547814000074],[79.80228717100005,11.922629579000041],[79.81098010500006,11.923558137000033],[79.81092575300005,11.924244232000037],[79.81032222100004,11.926849616000013],[79.81010825900006,11.930172744000046],[79.81006442000006,11.930410078000014],[79.8054331370001,11.930774475000018],[79.80518825200005,11.931048201000069],[79.80528784300003,11.932355943000056],[79.80721318100008,11.932662968000036],[79.80756447700008,11.93587638800005],[79.80615430300008,11.935949511000034],[79.80601462400006,11.936741486000061]]],[[[79.78910694000008,11.950071664000058],[79.78723450700005,11.952971173000037],[79.78667108700006,11.953673143000055],[79.78572507400007,11.95437031600005],[79.78469897300006,11.954772942000028],[79.78437683200008,11.95363761400005],[79.78434913200005,11.952717802000056],[79.78445260600006,11.951547337000013],[79.78490760000004,11.949671642000055],[79.78514854300005,11.948357799000066],[79.78602993900006,11.945174549000056],[79.78533332900007,11.94151906900003],[79.78469455900006,11.93890681700003],[79.78545638900006,11.93854637100002],[79.78518851500009,11.936525329000057],[79.7852258330001,11.936268721000038],[79.78603245800007,11.93568449500002],[79.78654460000007,11.93553563100005],[79.78680634900007,11.935069303000034],[79.78741404800009,11.934890331000076],[79.78748668800007,11.934357909000031],[79.79020704700008,11.933584431000051],[79.79056498100005,11.933119586000025],[79.79203024600008,11.93311063600004],[79.79279426200002,11.933185599000065],[79.79431817500006,11.933522698000044],[79.79558720700003,11.933824268000015],[79.79584159300003,11.93389135700005],[79.79617858600005,11.934743681000036],[79.79611164000005,11.936938881000058],[79.79702094000004,11.937893656000023],[79.79716369600004,11.938931376000026],[79.79741494000007,11.939413527000063],[79.79714131700007,11.93998009100005],[79.79686739100003,11.940277054000026],[79.79668658500005,11.940986053000076],[79.79609150800006,11.941018619000022],[79.79562805600007,11.943437874000038],[79.79534008500008,11.945483087000062],[79.79502017500005,11.94694236100002],[79.79353085000008,11.947086340000034],[79.79200113600007,11.947104466000031],[79.79043170200003,11.946955010000073],[79.78910694000008,11.950071664000058]]]]},"properties":{"FID":2813,"OBJECTID":2838,"ST_CODE":"34","ST_NAME":"PUDUCHERRY","DT_CODE":"02","DIST_NAME":"Pondicherry","AC_NO":7,"AC_NAME":"Kadirkamam","PC_NO":1,"PC_NAME":"PONDICHERRY","PC_ID":3401,"STATUS":" ","Shape_Leng":0.122846396301,"Shape_Area":0.000256196256724,"dtcode11":"635","dtname11":"Puducherry"}},{"type":"Feature","id":2814,"geometry":{"type":"Polygon","coordinates":[[[79.82073077000007,11.934745485000079],[79.81896241900006,11.934941867000076],[79.81765738500008,11.934449323000027],[79.8170026430001,11.934199065000051],[79.81560188400005,11.933821226000079],[79.81435907800005,11.933524747000032],[79.81122401000005,11.930823756000029],[79.81098726700003,11.930582127000038],[79.81006442000006,11.930410078000014],[79.81010825900006,11.930172744000046],[79.81111562900008,11.930069731000051],[79.81244293600008,11.930090043000064],[79.81425861700008,11.929721888000078],[79.81326171900008,11.926617120000067],[79.81386595400005,11.926507923000022],[79.81653982900008,11.925320424000065],[79.81682278500006,11.925245787000048],[79.81721290900003,11.926004096000039],[79.82017529500007,11.929416288000017],[79.82299955600007,11.928864872000064],[79.82420179100006,11.92867900700002],[79.82714321400003,11.928251114000037],[79.82742731800005,11.928615255000059],[79.82875236200003,11.933903077000016],[79.82226645300004,11.934556818000035],[79.82073077000007,11.934745485000079]]]},"properties":{"FID":2814,"OBJECTID":2839,"ST_CODE":"34","ST_NAME":"PUDUCHERRY","DT_CODE":"02","DIST_NAME":"Pondicherry","AC_NO":16,"AC_NAME":"Orleampeth","PC_NO":1,"PC_NAME":"PONDICHERRY","PC_ID":3401,"STATUS":" ","Shape_Leng":0.0499631634624,"Shape_Area":0.0000978519718262,"dtcode11":"635","dtname11":"Puducherry"}},{"type":"Feature","id":2815,"geometry":{"type":"Polygon","coordinates":[[[79.76953829100007,11.928953458000016],[79.76185237400006,11.928223119000052],[79.76137042500005,11.928417484],[79.76119469900004,11.928517379000033],[79.76097160400006,11.928500350000036],[79.75892612600006,11.928194205000061],[79.75719037100004,11.928215493000032],[79.75712482300008,11.927026701000045],[79.75641856800007,11.927066380000024],[79.75637601100004,11.926085501000044],[79.75501223200007,11.92605619900008],[79.75505875600004,11.92445521000007],[79.75633487800009,11.924308301000057],[79.75629080800007,11.923775209000036],[79.75623614400006,11.922834757000022],[79.75621426000004,11.920434121000024],[79.75490071200005,11.920277020000063],[79.75359029300004,11.920139131000036],[79.75190478000009,11.920034811000049],[79.75020976100006,11.919951753000017],[79.75022662000003,11.920607359000025],[79.75109935700004,11.920612064000062],[79.75105474000003,11.921739319000045],[79.75066947900007,11.92176371400007],[79.75060421800003,11.922609785000075],[79.74986053400005,11.922698472000016],[79.74981186100007,11.922097631000032],[79.74925689100009,11.922203948000064],[79.74925308900004,11.923285604000052],[79.74920035100007,11.926324655000023],[79.74911962400006,11.929464816000069],[79.74804426100008,11.929590011000066],[79.74412654700006,11.929948996000055],[79.74310838900004,11.928669582000058],[79.74405992600003,11.926578655000075],[79.74490047800003,11.923703176000059],[79.74491807400005,11.922620608000049],[79.74500729400006,11.920936844000039],[79.74355895600007,11.919771377000071],[79.74142003700007,11.91979738800006],[79.73909984500006,11.919700938000044],[79.73781927500005,11.919559992000064],[79.73749207800007,11.917147777000018],[79.73786643500006,11.916175776000038],[79.73799338000003,11.916749650000028],[79.73840277400006,11.916789964000028],[79.73886523400006,11.915752807000047],[79.73924190800005,11.915692215000048],[79.73965575100004,11.915529568000071],[79.74078750100006,11.915311716000064],[79.74165110300002,11.914820045000063],[79.74261331000008,11.914532954000027],[79.74398383700003,11.914351558000025],[79.74524914900006,11.914371517000058],[79.74544426100005,11.914981421000046],[79.74550147700008,11.915689538000034],[79.74645384600005,11.916007966000036],[79.74747985000006,11.91602413300006],[79.74850912900007,11.915838444000029],[79.74927347300007,11.915109426000079],[79.75054426000008,11.914792173000013],[79.75127259000003,11.914164093000053],[79.75202600300008,11.914108265000031],[79.75326187400005,11.91382427800005],[79.75393987400008,11.91375710300003],[79.75443435500006,11.913635158000027],[79.75540169000004,11.91394924800005],[79.75752924400007,11.913982632000035],[79.75905165900008,11.913827161000023],[79.76002400900006,11.913902177000063],[79.76136435300003,11.913743829000039],[79.76052999700006,11.912712248000044],[79.76094435300007,11.90960569100002],[79.76160918300008,11.907300512000077],[79.76213244300004,11.90532134900007],[79.76270777400003,11.903734390000064],[79.76320882900006,11.902988803000015],[79.76415833300005,11.902913424000065],[79.76455175600006,11.903160942000044],[79.76536808600007,11.903745541000045],[79.76594295300004,11.904176355000063],[79.76673177500005,11.90454960300002],[79.76776428600004,11.904939058000007],[79.77154342000006,11.902749007000072],[79.77194338200007,11.902732683000059],[79.77191592800007,11.901946123000073],[79.77509294900005,11.901871532000024],[79.77532057700007,11.905032020000023],[79.77649611200006,11.90500293500003],[79.77780374200005,11.904806710000049],[79.77875386400007,11.904692895000036],[79.77949146700007,11.904404334000041],[79.77985365900008,11.904171975000057],[79.78038665600009,11.903500136000055],[79.78072003100004,11.90306431000004],[79.78143534400004,11.902808103000044],[79.78245397600006,11.899553072000046],[79.78785552100003,11.896787773000028],[79.78948206300004,11.89691105400004],[79.79029424100008,11.897185272000069],[79.79045327400009,11.90007167500006],[79.79032737800003,11.900426135000032],[79.78936022900007,11.902401882000039],[79.79055853500005,11.902955019000037],[79.79091658200008,11.903197407000041],[79.79157149300005,11.903712815000057],[79.79141421500005,11.904096122000045],[79.79014405500004,11.90431447900004],[79.78887721500007,11.904324218000061],[79.78832501200004,11.90491007300005],[79.78825979200008,11.90526547700004],[79.78810155000008,11.905708545000026],[79.78803329600004,11.906182332000078],[79.78823660500007,11.906720098000056],[79.78829046600003,11.907077347000033],[79.78891419500007,11.907681396000049],[79.78944747200006,11.908284045000071],[79.79024693800005,11.909216771000056],[79.79046298800006,11.912695204000043],[79.79042517100004,11.91319992700004],[79.79009389300006,11.915158523000054],[79.78991043100007,11.917112648000055],[79.78995457900004,11.918152161000027],[79.79005117300005,11.91855971200005],[79.79054365800005,11.918993685000027],[79.79055263600003,11.919364917000046],[79.79054319100004,11.919958071000039],[79.79019543400005,11.921655900000083],[79.7902686610001,11.922092422000052],[79.79045518100008,11.922967215000023],[79.79044887700007,11.92336303100005],[79.79023081900003,11.924468448000011],[79.78917897300005,11.924848104000022],[79.78872241400006,11.925752442000023],[79.78867173400005,11.926344970000063],[79.78845806100009,11.927174110000047],[79.78756525800003,11.927635176000022],[79.78656344100006,11.927461755000026],[79.78599874600008,11.927531971000054],[79.7855752930001,11.928872221000054],[79.78516448700003,11.929419698000066],[79.78451708000006,11.929647673000026],[79.78182165100004,11.929724322000029],[79.78116410200005,11.930586054000065],[79.78073932900008,11.932005244000042],[79.77960977900005,11.932224588000045],[79.77926689300006,11.931031486000053],[79.7798583410001,11.929218970000028],[79.77938761600007,11.928498775000032],[79.77798841800006,11.927961552000047],[79.77760040000004,11.92708472300007],[79.77736447400007,11.926724615000062],[79.77653442400003,11.925840915000034],[79.77500804000005,11.92573708600002],[79.77371831000005,11.92587605400008],[79.77250990200008,11.926015150000074],[79.77183068600004,11.925727087000036],[79.77034817500004,11.925388145000067],[79.76994621900008,11.925381877000055],[79.76925428300007,11.925885438000021],[79.76892421900004,11.926394644000021],[79.77011035800007,11.92764151400006],[79.77199739100008,11.927828847000052],[79.77357519200007,11.927299586000066],[79.77501065000006,11.928074292000073],[79.77491080900006,11.929299983000012],[79.77389578200007,11.929878633000046],[79.77285782500007,11.92938758700007],[79.77245714300005,11.929301259000054],[79.77101277300005,11.92908135300007],[79.76953829100007,11.928953458000016]]]},"properties":{"FID":2815,"OBJECTID":2840,"ST_CODE":"34","ST_NAME":"PUDUCHERRY","DT_CODE":"02","DIST_NAME":"Pondicherry","AC_NO":5,"AC_NAME":"Villianur","PC_NO":1,"PC_NAME":"PONDICHERRY","PC_ID":3401,"STATUS":" ","Shape_Leng":0.220459635133,"Shape_Area":0.000968105163861,"dtcode11":"635","dtname11":"Puducherry"}},{"type":"Feature","id":2816,"geometry":{"type":"Polygon","coordinates":[[[79.82420179100006,11.92867900700002],[79.82299955600007,11.928864872000064],[79.82017529500007,11.929416288000017],[79.81721290900003,11.926004096000039],[79.81682278500006,11.925245787000048],[79.81653982900008,11.925320424000065],[79.81634076200004,11.925159469000052],[79.81333035100005,11.920009472000059],[79.81484770100008,11.921338831000067],[79.81541887200005,11.921436667000025],[79.81647375700005,11.921512561000046],[79.81898405200008,11.92110533500004],[79.82460441800004,11.918488408000037],[79.82508905700007,11.918406674000035],[79.82632604100007,11.91833637700006],[79.83176804400004,11.916782377000047],[79.83193603900008,11.91731956300004],[79.83236052400007,11.91844829200005],[79.83287950100004,11.920127764000025],[79.83340699900003,11.921775790000018],[79.83378839800008,11.92280462000003],[79.83393619600008,11.922948981000056],[79.83400131300004,11.923106753000061],[79.83424508700006,11.924073719000027],[79.83482904700008,11.92665657300006],[79.83496321800003,11.927087232000082],[79.82872445000004,11.928001037000058],[79.82767453600007,11.928262571000053],[79.82714321400003,11.928251114000037],[79.82420179100006,11.92867900700002]]]},"properties":{"FID":2816,"OBJECTID":2841,"ST_CODE":"34","ST_NAME":"PUDUCHERRY","DT_CODE":"02","DIST_NAME":"Pondicherry","AC_NO":15,"AC_NAME":"Oupalam","PC_NO":1,"PC_NAME":"PONDICHERRY","PC_ID":3401,"STATUS":" ","Shape_Leng":0.0574858170795,"Shape_Area":0.000161973150474,"dtcode11":"635","dtname11":"Puducherry"}},{"type":"Feature","id":2817,"geometry":{"type":"Polygon","coordinates":[[[79.81634076200004,11.925159469000052],[79.81329042300007,11.924795894000054],[79.81252783600009,11.924705272000043],[79.81092575300005,11.924244232000037],[79.81098010500006,11.923558137000033],[79.80228717100005,11.922629579000041],[79.79686222400005,11.921918949000023],[79.79687364400007,11.918530774000027],[79.79526101300007,11.918380715000069],[79.79292279700007,11.918553310000052],[79.79005117300005,11.91855971200005],[79.78995457900004,11.918152161000027],[79.78991043100007,11.917112648000055],[79.79009389300006,11.915158523000054],[79.79058996900005,11.915150398000037],[79.79086096100008,11.915826831000066],[79.79139447000004,11.915122222000027],[79.79207304700004,11.915449650000028],[79.79461542500007,11.914895598000042],[79.79806617200005,11.915344685000026],[79.79824459500009,11.914278159000043],[79.79827539000006,11.912337484000032],[79.79829045700005,11.911388013000023],[79.79776732000005,11.90884442200006],[79.79848930400003,11.90867282000005],[79.79932708200005,11.909071460000062],[79.79978407700008,11.90878185500003],[79.80027010800006,11.908611125000048],[79.80105660300006,11.908415690000018],[79.80186461600006,11.908813857000037],[79.80267968600003,11.908766607000073],[79.80355401600006,11.908810495000067],[79.80433695900008,11.908911624000037],[79.80706667800007,11.907942921000027],[79.80721291800006,11.908183150000074],[79.80765253900006,11.908991828000062],[79.80843783800003,11.908944089000045],[79.80917110400003,11.91023324100007],[79.81041197900002,11.909984936000066],[79.81100443600008,11.912578049000045],[79.81200212300007,11.91431565100004],[79.81187673200003,11.914640830000055],[79.81286929000004,11.916705459000065],[79.81256110400005,11.917146278000068],[79.81353609000007,11.918438013000076],[79.81316767300007,11.918848588000055],[79.81280208000004,11.919079863000034],[79.81333035100005,11.920009472000059],[79.81634076200004,11.925159469000052]]]},"properties":{"FID":2817,"OBJECTID":2842,"ST_CODE":"34","ST_NAME":"PUDUCHERRY","DT_CODE":"02","DIST_NAME":"Pondicherry","AC_NO":18,"AC_NAME":"Mudaliarpet","PC_NO":1,"PC_NAME":"PONDICHERRY","PC_ID":3401,"STATUS":" ","Shape_Leng":0.0815976536779,"Shape_Area":0.000238558294548,"dtcode11":"635","dtname11":"Puducherry"}},{"type":"Feature","id":2818,"geometry":{"type":"Polygon","coordinates":[[[79.83176804400004,11.916782377000047],[79.82632604100007,11.91833637700006],[79.82508905700007,11.918406674000035],[79.82460441800004,11.918488408000037],[79.81898405200008,11.92110533500004],[79.81647375700005,11.921512561000046],[79.81541887200005,11.921436667000025],[79.81484770100008,11.921338831000067],[79.81333035100005,11.920009472000059],[79.81280208000004,11.919079863000034],[79.81316767300007,11.918848588000055],[79.81353609000007,11.918438013000076],[79.81256110400005,11.917146278000068],[79.81286929000004,11.916705459000065],[79.81187673200003,11.914640830000055],[79.81200212300007,11.91431565100004],[79.81100443600008,11.912578049000045],[79.81041197900002,11.909984936000066],[79.80917110400003,11.91023324100007],[79.80843783800003,11.908944089000045],[79.80765253900006,11.908991828000062],[79.80721291800006,11.908183150000074],[79.80706667800007,11.907942921000027],[79.80433695900008,11.908911624000037],[79.80355401600006,11.908810495000067],[79.80267968600003,11.908766607000073],[79.80186461600006,11.908813857000037],[79.80105660300006,11.908415690000018],[79.80027010800006,11.908611125000048],[79.79978407700008,11.90878185500003],[79.79932708200005,11.909071460000062],[79.79848930400003,11.90867282000005],[79.79776732000005,11.90884442200006],[79.79829045700005,11.911388013000023],[79.79827539000006,11.912337484000032],[79.79824459500009,11.914278159000043],[79.79806617200005,11.915344685000026],[79.79461542500007,11.914895598000042],[79.79207304700004,11.915449650000028],[79.79139447000004,11.915122222000027],[79.79086096100008,11.915826831000066],[79.79058996900005,11.915150398000037],[79.79009389300006,11.915158523000054],[79.79042517100004,11.91319992700004],[79.79046298800006,11.912695204000043],[79.79024693800005,11.909216771000056],[79.78944747200006,11.908284045000071],[79.78891419500007,11.907681396000049],[79.78829046600003,11.907077347000033],[79.78823660500007,11.906720098000056],[79.78803329600004,11.906182332000078],[79.78810155000008,11.905708545000026],[79.78825979200008,11.90526547700004],[79.78832501200004,11.90491007300005],[79.78887721500007,11.904324218000061],[79.79014405500004,11.90431447900004],[79.79141421500005,11.904096122000045],[79.79157149300005,11.903712815000057],[79.79091658200008,11.903197407000041],[79.79055853500005,11.902955019000037],[79.78936022900007,11.902401882000039],[79.79032737800003,11.900426135000032],[79.79045327400009,11.90007167500006],[79.79029424100008,11.897185272000069],[79.79118388200006,11.89748549500007],[79.79638034900006,11.899901486000028],[79.79651651700004,11.89695197200007],[79.79652019500008,11.894989567000046],[79.79649010700007,11.894865041000058],[79.80526862500007,11.894107945000025],[79.80652617700008,11.894752070000036],[79.80745698300007,11.894477619000051],[79.80817985700007,11.894969165000068],[79.80959838200005,11.89470330500006],[79.81042616300003,11.894715985000053],[79.81131038600006,11.894344929000049],[79.81154211900008,11.891995805000017],[79.81266902300007,11.891629588000061],[79.81365090200006,11.891164150000055],[79.81452260100006,11.891513572000065],[79.81579907500003,11.89095675800007],[79.81692143500003,11.89087803500008],[79.81723263800006,11.889731276000065],[79.81830728200003,11.889554821000043],[79.82479506400006,11.88996383100004],[79.82493815400005,11.890697967000039],[79.82553928400006,11.893041723000064],[79.82620048600008,11.894914969000068],[79.82661983800006,11.895998438000051],[79.82728007800006,11.897496108000041],[79.82753227400008,11.898796975000025],[79.82760585400007,11.899217657000062],[79.82771948600003,11.899786697000026],[79.82776154300007,11.900026443000058],[79.82789377800003,11.900577723000016],[79.82804536000003,11.901575932000068],[79.82828403500007,11.902497645000038],[79.82877186200005,11.90425777500007],[79.82904625500004,11.905898500000026],[79.82964404600006,11.90846450500003],[79.83000144600004,11.910144861000038],[79.83044202400004,11.911706930000028],[79.83079937200006,11.913391813000013],[79.83136088900005,11.915351631000025],[79.83172111300007,11.916633907000055],[79.83176804400004,11.916782377000047]]]},"properties":{"FID":2818,"OBJECTID":2843,"ST_CODE":"34","ST_NAME":"PUDUCHERRY","DT_CODE":"02","DIST_NAME":"Pondicherry","AC_NO":19,"AC_NAME":"Ariankuppam","PC_NO":1,"PC_NAME":"PONDICHERRY","PC_ID":3401,"STATUS":" ","Shape_Leng":0.155967588259,"Shape_Area":0.000834349547312,"dtcode11":"635","dtname11":"Puducherry"}},{"type":"Feature","id":2819,"geometry":{"type":"MultiPolygon","coordinates":[[[[79.69982847000004,11.873797536000039],[79.6997249060001,11.874173675000048],[79.69939958400003,11.874319562000046],[79.69900552500008,11.873638809000045],[79.69714846400007,11.874040846000073],[79.69710869400006,11.87167639200003],[79.69668435200003,11.867440455000056],[79.69632606700003,11.863572157000018],[79.69612376500005,11.861826549000053],[79.69597923800005,11.860394262000042],[79.69703219300004,11.86062436900004],[79.69908703100003,11.861265302000042],[79.69918160100009,11.863571908000054],[79.69927352100007,11.864588352000052],[79.69940599900008,11.86626631100005],[79.69944277400003,11.86819197300003],[79.69949490300007,11.87043479700003],[79.69973776400008,11.872292754000044],[79.69982847000004,11.873797536000039]]],[[[79.70451892100004,11.919119496000071],[79.70084887700006,11.919127079000072],[79.69842420500004,11.91911626900003],[79.69624346500007,11.919177025000062],[79.69611890100003,11.918056089000043],[79.69574007900007,11.915692576000016],[79.69551576300005,11.91388877200006],[79.69531271600005,11.911977040000057],[79.69534570500008,11.911163209000051],[79.69561960200008,11.91080894400004],[79.69573098400008,11.910171208000044],[79.69583864900005,11.909550332000036],[79.69561816900006,11.908688434000045],[79.69553151200006,11.907906522000076],[79.69775337500005,11.907565594000049],[79.69767774900005,11.906187202000064],[79.69756152200006,11.90511607900004],[79.69756058300004,11.904758520000037],[79.69789097800003,11.904725491000017],[79.69770924700002,11.903391648000024],[79.69756265700005,11.902424940000051],[79.69566171900004,11.902411234000038],[79.69569037500008,11.900823631000033],[79.69554587200008,11.898491105000069],[79.69535755300005,11.894797688000029],[79.69324626600006,11.894974549000043],[79.69318004200005,11.89461820500002],[79.69184511600008,11.894732003000058],[79.68992146000005,11.894782140000066],[79.68828484100004,11.894581996000044],[79.68710996000003,11.894506601000034],[79.68713054200003,11.893203131000067],[79.68705244800003,11.892254472000058],[79.68686542800003,11.889596497000056],[79.68681572800006,11.88886823700005],[79.68432661200006,11.888839220000024],[79.68259130500006,11.88879305700004],[79.68268633500008,11.890371319000044],[79.68273936900005,11.891858681000029],[79.68131530600004,11.891756643000063],[79.67868388300006,11.891605669000043],[79.67619820500005,11.891436714000063],[79.67441309300006,11.89155882000005],[79.67380678900008,11.891588431000061],[79.67387024500005,11.890330785000048],[79.67382626000006,11.888992448000065],[79.67371629400003,11.886193630000031],[79.67375729600008,11.88497737300003],[79.67387291900009,11.883271733000065],[79.67392007300003,11.881756718000075],[79.67397047900005,11.880662436000025],[79.67590335400007,11.880734472000027],[79.67680279000007,11.880702851000025],[79.68038032100003,11.88082635400002],[79.68503747600006,11.880962744000044],[79.68505868300008,11.882437134000043],[79.68507230900008,11.883405020000055],[79.68524420000006,11.883946900000074],[79.68547080600007,11.884297937000026],[79.68555057500004,11.88466464200007],[79.68552507600003,11.885026260000078],[79.68541229000006,11.885334586000047],[79.68512802500004,11.88555667600001],[79.68472967100008,11.885753234000047],[79.68471181800004,11.885862344000026],[79.68481331100007,11.885956469000064],[79.68565061000004,11.886219275000004],[79.68703411500007,11.886484148000028],[79.68810392400007,11.886469873000067],[79.68877812500006,11.886281148000013],[79.68938855000005,11.886346279000065],[79.68979742700003,11.886480331000019],[79.69279674400008,11.88647011800004],[79.69488116600007,11.886524043000076],[79.69651653300009,11.88665641700005],[79.69660875000004,11.887723702000073],[79.69675780300008,11.888057686000023],[79.69684665400008,11.888500100000044],[79.69703035900005,11.888540278000047],[79.69794056400008,11.888621480000028],[79.69879378400003,11.88861717000005],[79.69949736900008,11.88865894500003],[79.69959140600008,11.88906535100005],[79.70041287700008,11.889111274000072],[79.70170257500007,11.889097050000014],[79.70741967400005,11.88914147200005],[79.70871884600007,11.889108163000051],[79.70945887700003,11.889231677000057],[79.7097162680001,11.88924820700003],[79.70995429700007,11.889188861000038],[79.71004121300008,11.889057169000068],[79.71005448400007,11.888808130000024],[79.70986601400004,11.887876905000038],[79.71007151000005,11.887776436000012],[79.71070933200008,11.887570107000037],[79.71054527700005,11.887032890000055],[79.71027529000008,11.88618382500004],[79.71003110200007,11.885922770000029],[79.70965221400007,11.885635873000064],[79.70954688900007,11.885495463000046],[79.70946676800008,11.885215608000058],[79.70940043200005,11.884863793000019],[79.70938193500007,11.88369507900006],[79.71010073300005,11.883576895000026],[79.71172376300007,11.88452543500004],[79.71336315800005,11.88455166600005],[79.71386938200004,11.882253385000052],[79.71450161600008,11.881828160000056],[79.71568862600003,11.88171743400004],[79.71773515700005,11.88142531100004],[79.71877565700004,11.882285517000067],[79.72198896500004,11.883114943000072],[79.72494643300008,11.88348684600003],[79.72646210400005,11.883445545000024],[79.72761032500006,11.884584847000053],[79.73091398700006,11.887318149000059],[79.73235091300008,11.886912374000065],[79.73345044400008,11.888092599000057],[79.73425256400003,11.88841208300004],[79.73568150600005,11.888495624000022],[79.73692467700005,11.888454406000037],[79.73841744700007,11.888415997000031],[79.74046490700005,11.888632207000049],[79.74139482800007,11.888769835000057],[79.74278801200006,11.888869658000027],[79.74303782700008,11.888648036000058],[79.74577217300003,11.888243428000065],[79.74622668400008,11.888250594000048],[79.74726863300003,11.888612131000055],[79.74800085700008,11.888795097000065],[79.75002616000006,11.888895782000084],[79.75182434200008,11.887959778000042],[79.75221815900005,11.885280630000072],[79.75208405900007,11.884934538000028],[79.75117304400004,11.882854064000062],[79.75072468900004,11.88112598400004],[79.75119466800004,11.879611981000032],[79.75123102200007,11.87927647100002],[79.75123697900004,11.878908905000062],[79.75113006700008,11.877804247000023],[79.75121883000008,11.876213214000083],[79.75132642800008,11.875296895000071],[79.75072417800004,11.874093109000052],[79.75188495800005,11.87361627600006],[79.75266368100006,11.873327406000032],[79.75372885000007,11.872885146000037],[79.75448744800008,11.872070412000024],[79.75480328500004,11.871799071000044],[79.75703115500005,11.868207185000063],[79.75861777200004,11.868511752000058],[79.75868747400006,11.87050558300006],[79.75871136400008,11.871649504000052],[79.75868984600004,11.871776604000042],[79.75818407600008,11.87175626800006],[79.75801016800006,11.871747902000028],[79.75771402000004,11.872360143000034],[79.75754550000005,11.873364594000055],[79.75741465300007,11.873809138000066],[79.75736921600001,11.874849358000066],[79.75735754900006,11.87528787900004],[79.75736141900006,11.876111217000076],[79.75790700700009,11.875935947000075],[79.75888936500007,11.875800228000067],[79.75966907800006,11.875733505000035],[79.76002729800008,11.875744757000069],[79.76022939300003,11.875780629000072],[79.76041418500006,11.876037273000064],[79.76061077800006,11.876768898000014],[79.76064838900004,11.876921738000018],[79.76152125000004,11.876972625000048],[79.76254996600005,11.876944745000051],[79.76325687200006,11.876990768000045],[79.76392291200006,11.877014721000016],[79.76419912600005,11.876217190000029],[79.76446607100007,11.875497332000055],[79.76509623800007,11.875828601000007],[79.76550301600008,11.876237576000047],[79.76571067500004,11.87635472700003],[79.76587501300008,11.876317823000027],[79.76632826400004,11.87611626700003],[79.76686114100005,11.876018581000045],[79.76743428600007,11.875980166000025],[79.76821027400008,11.876002432000066],[79.76846270300005,11.875970284000053],[79.76868958400007,11.875461816000046],[79.76887638700002,11.875166999000044],[79.76908672100006,11.874904127000033],[79.76964146300008,11.874656779000079],[79.77002630000004,11.874650377000028],[79.77002262700007,11.874593931000051],[79.77258687900007,11.875204559000046],[79.77266625300007,11.875823816000027],[79.77261773800006,11.875850127000033],[79.77254079600004,11.876862800000028],[79.77300453100008,11.878647410000042],[79.77329347800007,11.880549982000042],[79.77334781500008,11.882159066000032],[79.77348705700007,11.883329638000065],[79.77194588800006,11.883676676000047],[79.77095847200007,11.883483090000022],[79.77077725600003,11.884071235000016],[79.77183376100004,11.885097095000052],[79.77195573300008,11.885417039000057],[79.77171248700006,11.886445199000041],[79.77102945100006,11.887547709000044],[79.77084558900003,11.888371537000051],[79.77078471300008,11.889095780000039],[79.77092462700006,11.889510747000028],[79.77100543700004,11.890112012000024],[79.77046783700007,11.89092807600002],[79.77155398000008,11.896743267000028],[79.77201726500004,11.89920133200007],[79.77279720700005,11.899056711000053],[79.77281771200006,11.900490552000061],[79.76913223400004,11.900707167000055],[79.76918814500004,11.901788544000055],[79.76977625500007,11.902820706000066],[79.77154342000006,11.902749007000072],[79.76776428600004,11.904939058000007],[79.76673177500005,11.90454960300002],[79.76594295300004,11.904176355000063],[79.76536808600007,11.903745541000045],[79.76455175600006,11.903160942000044],[79.76415833300005,11.902913424000065],[79.76320882900006,11.902988803000015],[79.76270777400003,11.903734390000064],[79.76213244300004,11.90532134900007],[79.76160918300008,11.907300512000077],[79.76094435300007,11.90960569100002],[79.76052999700006,11.912712248000044],[79.76136435300003,11.913743829000039],[79.76002400900006,11.913902177000063],[79.75905165900008,11.913827161000023],[79.75752924400007,11.913982632000035],[79.75540169000004,11.91394924800005],[79.75443435500006,11.913635158000027],[79.75393987400008,11.91375710300003],[79.75326187400005,11.91382427800005],[79.75202600300008,11.914108265000031],[79.75127259000003,11.914164093000053],[79.75054426000008,11.914792173000013],[79.74927347300007,11.915109426000079],[79.74850912900007,11.915838444000029],[79.74747985000006,11.91602413300006],[79.74645384600005,11.916007966000036],[79.74550147700008,11.915689538000034],[79.74544426100005,11.914981421000046],[79.74524914900006,11.914371517000058],[79.74398383700003,11.914351558000025],[79.74261331000008,11.914532954000027],[79.74165110300002,11.914820045000063],[79.74078750100006,11.915311716000064],[79.73965575100004,11.915529568000071],[79.73924190800005,11.915692215000048],[79.73886523400006,11.915752807000047],[79.73840277400006,11.916789964000028],[79.73799338000003,11.916749650000028],[79.73786643500006,11.916175776000038],[79.73749207800007,11.917147777000018],[79.73605181900008,11.916546346000079],[79.73565621600005,11.914187208000046],[79.73525075800006,11.912362568000043],[79.73463566500004,11.911803525000053],[79.73515996400003,11.911329081000062],[79.73617468200007,11.91042025900004],[79.73729021900004,11.909438586000013],[79.73784696000007,11.90886990500007],[79.73875567200008,11.90771689600005],[79.73976792700006,11.906464011000022],[79.74033483500007,11.90583232600004],[79.74064997300007,11.90546961100007],[79.73959829500005,11.904714218000025],[79.73891828900007,11.90441472500003],[79.73829693100004,11.904241353000018],[79.73787877700005,11.904108414000062],[79.73696403300006,11.904017241000071],[79.73617865900007,11.903999169000029],[79.73474664500003,11.904023859000063],[79.73400214200005,11.904027852000059],[79.73341967200008,11.903998317000063],[79.73339830800006,11.90362351900006],[79.73250772300008,11.90345600400008],[79.73127925400006,11.903150033000033],[79.7311447800001,11.901988432000044],[79.73067648500005,11.901981000000044],[79.73066363000004,11.90108638600002],[79.73062137000005,11.898278436000048],[79.73049736100006,11.893746982000037],[79.73050101000007,11.891703381000072],[79.72946837300002,11.891613675000025],[79.72911036400006,11.890747446000024],[79.72887800300003,11.890250890000056],[79.72872682400003,11.890251871000038],[79.72849666600007,11.890180545000014],[79.72817523200007,11.890158520000043],[79.72784890500003,11.890155589000052],[79.72762851700008,11.890256976000039],[79.72742232800005,11.89033039100007],[79.72727639200008,11.890430705000039],[79.72672223200004,11.89070385400003],[79.72611311400004,11.891046054000068],[79.72586576300006,11.891115429000028],[79.72570915400007,11.891098276000038],[79.72556704100002,11.891035112000047],[79.72542341600008,11.890854628000055],[79.72529375200007,11.890660832000027],[79.72513223300007,11.890593975000057],[79.72497647400007,11.890594880000036],[79.72482525600002,11.890668039000044],[79.72471166800005,11.890890672000067],[79.72466762000005,11.89120238300006],[79.72463173500007,11.89150520100002],[79.72459642200005,11.891773066000045],[79.72450975900004,11.891890110000059],[79.72437685700004,11.891963561000075],[79.72421186300005,11.891968829000058],[79.72398270200007,11.891906533000054],[79.72369657300004,11.891826412000064],[79.72352279000006,11.891808983000026],[79.72326066600004,11.891801426000015],[79.72293983700007,11.891812106000025],[79.72275512400006,11.89176292200005],[79.72267679500004,11.891651146000067],[79.72264444700005,11.891528824000012],[79.72264367700006,11.891366402000083],[79.72273817600006,11.891120910000039],[79.72308016100004,11.890658303000063],[79.72328092800008,11.89042690900005],[79.72330370100008,11.890295315000056],[79.72330322600004,11.890114853000062],[79.72324260700005,11.889970653000033],[79.72398064900005,11.889867365000041],[79.72444017000004,11.889778813000015],[79.72467778900005,11.889674323000055],[79.7248195160001,11.88955138900006],[79.72490206000003,11.889406084000017],[79.72491489700006,11.889251775000048],[79.72485420300006,11.889112085000017],[79.72462840900005,11.888914504000075],[79.72430197900007,11.888708555000052],[79.72409459400006,11.88864547800005],[79.72383712900006,11.88863348500006],[79.72362137700001,11.888661629000065],[79.72317639000005,11.888771837000036],[79.72250328900003,11.889105105000056],[79.72225641800001,11.889215084000051],[79.72207352900006,11.889333976000042],[79.72203236400003,11.88946978800004],[79.72206028000006,11.889583017000067],[79.72211118500007,11.889690972000036],[79.72227285000008,11.889748812000045],[79.72245604600005,11.889820528000014],[79.72196682500004,11.890043941000043],[79.72156788400008,11.890209015000028],[79.72090385700005,11.890546933000037],[79.72068765600004,11.890602134000064],[79.72031636300005,11.890617643000038],[79.71996666000007,11.890573720000075],[79.71954461100007,11.890472250000066],[79.71916693500003,11.890388404000015],[79.71893773600004,11.890398282000021],[79.71876361800008,11.890471069000037],[79.71853047100007,11.890721112000051],[79.71822986700005,11.89124301700003],[79.71796642600003,11.891872661000045],[79.71787083400005,11.892044823000038],[79.71741482100002,11.892476276000016],[79.71708546000009,11.892727039000018],[79.71683277900007,11.89284142800004],[79.71658090200003,11.892837405000021],[79.71636441000004,11.892770788000051],[79.71622088300006,11.892654582000029],[79.71609706000004,11.892524030000065],[79.71593912500003,11.89223954500005],[79.71576325600007,11.892001015000053],[79.71557430500008,11.891861527000051],[79.71531176600007,11.89174003500004],[79.71509162000007,11.891686892000056],[79.71478360800006,11.891684225000061],[79.71451280100005,11.891717115000047],[79.71429213500005,11.891695542000024],[79.71410421300003,11.891632761000034],[79.71401163200005,11.891552332000053],[79.71390085200005,11.891394918000064],[79.71376234200005,11.891182924000068],[79.71361968400002,11.891083648000059],[79.71344483300004,11.891061679000062],[79.71328932600005,11.891116712000048],[79.71314226400007,11.891284664000073],[79.71304752600008,11.891543680000039],[79.71288727500007,11.891747512000054],[79.71269093400008,11.89184813300005],[79.71250739900006,11.891866626000015],[79.71233251700005,11.891776983000064],[79.71223510500005,11.891642339000034],[79.71216951700006,11.891452939000033],[79.71203987500007,11.89105048000004],[79.71189611900007,11.890879003000066],[79.71173527500007,11.890771540000038],[79.71150482800005,11.890718226000038],[79.71113323600008,11.890751752000021],[79.71087254000008,11.890866001000068],[79.71038241300005,11.891212296000045],[79.70971452900005,11.891712512000018],[79.70956425200006,11.891866875000055],[79.70950891600006,11.891958472000058],[79.70948747000006,11.892147607000021],[79.70944742800003,11.892492087000045],[79.70933888700006,11.89275426400008],[79.70910524400006,11.89296368400005],[79.70914736400005,11.893117747000067],[79.70825288900005,11.893330110000015],[79.70673107700003,11.89366662100001],[79.70525256200004,11.893877491000072],[79.70547168400003,11.895377675000061],[79.70558133700007,11.896087733000055],[79.70582570200008,11.898347390000023],[79.70590285300004,11.899084001000057],[79.70604228000008,11.899309558000025],[79.70673702600004,11.899681624000028],[79.70696380800007,11.899888279000038],[79.70703767900005,11.899992101000082],[79.70703206400003,11.900747691000046],[79.70730236800006,11.900746386000037],[79.70730515400003,11.901270896000032],[79.70746856300008,11.90170888000005],[79.70836768100008,11.90170412000003],[79.70848316500009,11.901784923000026],[79.70862690900005,11.902096267000049],[79.70898250100004,11.903311063000055],[79.70894039700005,11.904265714000067],[79.70845934100002,11.90447568800004],[79.70747407700001,11.904702392000045],[79.70660730800007,11.905104685000019],[79.7066391260001,11.906713584000043],[79.70665337900004,11.90772216100003],[79.70656653700006,11.910689440000057],[79.70654078000007,11.912109083000075],[79.70655783800004,11.913502349000053],[79.70843580500006,11.913529076000023],[79.71018081400007,11.913561544000055],[79.71266932300006,11.913445722000066],[79.71399627800008,11.913408291000053],[79.71687495300006,11.913316680000039],[79.71792695400006,11.913352649000052],[79.71807318800006,11.914211083000055],[79.71823346400005,11.916096167000028],[79.71860190600007,11.918974925000041],[79.71681557300008,11.919082894000034],[79.71398337600004,11.919196682000054],[79.70979520700006,11.919297725000039],[79.70779858200005,11.919307465000024],[79.70704007900008,11.919252441000028],[79.70674008200007,11.918969025000015],[79.70451892100004,11.919119496000071]]]]},"properties":{"FID":2819,"OBJECTID":2844,"ST_CODE":"34","ST_NAME":"PUDUCHERRY","DT_CODE":"02","DIST_NAME":"Pondicherry","AC_NO":4,"AC_NAME":"Mangalam","PC_NO":1,"PC_NAME":"PONDICHERRY","PC_ID":3401,"STATUS":" ","Shape_Leng":0.479336218625,"Shape_Area":0.00197015498304,"dtcode11":"635","dtname11":"Puducherry"}},{"type":"Feature","id":2820,"geometry":{"type":"Polygon","coordinates":[[[79.82479506400006,11.88996383100004],[79.81830728200003,11.889554821000043],[79.81723263800006,11.889731276000065],[79.81692143500003,11.89087803500008],[79.81579907500003,11.89095675800007],[79.81452260100006,11.891513572000065],[79.81365090200006,11.891164150000055],[79.81266902300007,11.891629588000061],[79.81154211900008,11.891995805000017],[79.81131038600006,11.894344929000049],[79.81042616300003,11.894715985000053],[79.80959838200005,11.89470330500006],[79.80817985700007,11.894969165000068],[79.80745698300007,11.894477619000051],[79.80652617700008,11.894752070000036],[79.80526862500007,11.894107945000025],[79.79649010700007,11.894865041000058],[79.79554886500006,11.890965123000061],[79.79459849100004,11.886706466000014],[79.79452672700006,11.885313638000072],[79.79367774300005,11.884549418000057],[79.79337512500007,11.883704533000065],[79.79336644400007,11.882882231000043],[79.79316608900007,11.882231782000083],[79.79282336000006,11.881749433000033],[79.79205863200009,11.880369611000045],[79.79188457000004,11.879578598000025],[79.79174362200006,11.878002034000078],[79.79251834300004,11.87788881500007],[79.79230635200007,11.876890840000042],[79.79023083700008,11.876861029000047],[79.79017374800002,11.877354113000026],[79.78952117900009,11.877203052000029],[79.78914164600008,11.875654386000058],[79.7888463880001,11.875356599000028],[79.78818281200004,11.874962892000035],[79.78803479900004,11.873760657000037],[79.78717906500003,11.873498178000023],[79.78670931600004,11.871506048000066],[79.78692783400004,11.870224919000062],[79.78666709300006,11.868697295000072],[79.78506296400009,11.862958220000053],[79.78230223200006,11.86283196700003],[79.78224018900006,11.863275327000052],[79.78116747800004,11.863412052000065],[79.78102637900008,11.862856149000025],[79.78060829900005,11.862795528000037],[79.7783791350001,11.86322214100005],[79.77836412300007,11.866591569000029],[79.77771292800007,11.866644601000079],[79.77836100100006,11.867644830000078],[79.77851040600005,11.868110654000075],[79.77853524900009,11.868489963000055],[79.77877426600008,11.868579386000008],[79.77914219300004,11.868626828000059],[79.77943509000005,11.870357963000062],[79.77984503300007,11.872431508000032],[79.77980833100008,11.873222628000068],[79.77997633600006,11.87553265100007],[79.77946763300008,11.876553281000028],[79.77946560700009,11.87710924500004],[79.77960774800005,11.877958416000055],[79.77913396200005,11.87786985600008],[79.77889845600004,11.877631619000043],[79.77818368400006,11.877861857000028],[79.77699260500002,11.878446706000025],[79.77613785200002,11.878265372000037],[79.77498258400004,11.877615838000038],[79.77382886200007,11.876585130000015],[79.77341916600005,11.875357369000026],[79.77266625300007,11.875823816000027],[79.77258687900007,11.875204559000046],[79.77002262700007,11.874593931000051],[79.76994171400008,11.873429939000053],[79.76995279100004,11.872883146000042],[79.76987660300006,11.87128279300002],[79.76986309100005,11.870627356000055],[79.76973703800007,11.868425147000039],[79.76966499900006,11.867706778000073],[79.76914136200007,11.86765913600004],[79.76919427500007,11.867287807000025],[79.76921084900006,11.865117170000067],[79.7697786350001,11.864910632000031],[79.77018720800005,11.864850470000022],[79.77014069400008,11.863683671000052],[79.77013635400004,11.862956220000058],[79.77026949300006,11.862864696000031],[79.77047111200005,11.862786644000034],[79.77058506400003,11.86267790400005],[79.77066632700007,11.862537079000049],[79.77075657300009,11.86219340300005],[79.77078187900008,11.86175849700003],[79.77081216400006,11.861369906000052],[79.77074749500008,11.861261765000052],[79.77047154500008,11.861263100000018],[79.77026089100006,11.861191023000057],[79.77011176300005,11.860852637000052],[79.77007335400003,11.86046410400007],[79.76995116600006,11.860016751000039],[79.76966659800007,11.858987222000048],[79.76943811700004,11.858314926000048],[79.76874030000005,11.858350272000047],[79.76820327600007,11.858425339000064],[79.76809110700003,11.857996187000015],[79.76727392500004,11.85804996000006],[79.76689729100008,11.858047459999998],[79.76684464900006,11.857690283000057],[79.76635284100007,11.856521066000031],[79.76596204400003,11.855691739000058],[79.76577497300008,11.85500881500007],[79.76568488700006,11.854417624000057],[79.76541864100007,11.853532736000032],[79.76517414200003,11.852435058000033],[79.7650668570001,11.85198794600007],[79.76485002300006,11.851802999000027],[79.76423918800003,11.851841937000076],[79.76331212600007,11.851896223000042],[79.76313272000004,11.85187537200004],[79.76308443200007,11.851390842000047],[79.76210510000004,11.848439049000032],[79.76310828000003,11.847922492000057],[79.7636935720001,11.847549371000067],[79.76395439800007,11.847348216000054],[79.76426478100007,11.846913282000047],[79.76450004000003,11.846238110000055],[79.76480800100006,11.845526863000035],[79.76501531300005,11.84473849000004],[79.76511931400006,11.844393927000045],[79.76516482800008,11.843344796000059],[79.76519470700003,11.842911119000057],[79.76524260600007,11.842353684000043],[79.76541299900002,11.841724867000032],[79.76576392800007,11.841116917000033],[79.76609178400008,11.840590923000027],[79.76666735200007,11.840108268000048],[79.7681254920001,11.838844414000054],[79.76928248800004,11.838011115000027],[79.77060988700003,11.837258274000014],[79.77121964400004,11.836997154000063],[79.77237084300005,11.836665536000059],[79.77354957700004,11.836615117000063],[79.77390000400004,11.836749123000061],[79.77441739600005,11.83739315900005],[79.77492480700003,11.837874661000054],[79.77544019000004,11.838287500000023],[79.77581293400004,11.838457935000058],[79.77632196900004,11.839124390000059],[79.77641534200006,11.839512620000045],[79.77639888300007,11.839896886000066],[79.77635820000005,11.840792723000055],[79.77636181400004,11.842353433000019],[79.77640484400007,11.843668936000018],[79.77638438400004,11.844017062000022],[79.77649441400007,11.844151836000023],[79.77661461200006,11.844223620000035],[79.77654871200008,11.844907079000057],[79.77665204100003,11.845245855000032],[79.77694458500008,11.845850318000029],[79.77723037100003,11.846233655000038],[79.77755457300003,11.846720206000043],[79.77783227800006,11.847107928000069],[79.77837200700004,11.847647446000046],[79.77908966100006,11.84794277000003],[79.78009135400004,11.848159054000053],[79.78022528600007,11.849090331000074],[79.78029674900004,11.84963272300006],[79.78044395000006,11.850450316000039],[79.78060902300007,11.851367424000037],[79.78118428800008,11.854412079000033],[79.78138707100004,11.855334295000032],[79.78150381200004,11.855694714000045],[79.78166908500003,11.855812303000038],[79.78221687200005,11.855922296000085],[79.78333221900004,11.855908020000069],[79.78421377900008,11.85590815500006],[79.78572295400005,11.855751109000032],[79.78700398500007,11.855685242000046],[79.78866907100007,11.855514791000067],[79.78954600500003,11.85537386000004],[79.79026605200006,11.855307182000034],[79.79330826800003,11.854930165000043],[79.79454198400003,11.854815009000035],[79.79478725800004,11.855158228000036],[79.79625640500007,11.855069243000058],[79.79917707700008,11.85513566600002],[79.80060534100005,11.855314397000024],[79.80119050600007,11.854727979000076],[79.80147239000007,11.854351156000066],[79.80210698200005,11.854546983000027],[79.80262773900006,11.854050914000041],[79.80262868000005,11.853196144000025],[79.80320902200003,11.852768651000071],[79.8030287220001,11.850778914000042],[79.80506440300007,11.849393833000011],[79.80509251500006,11.848629707000029],[79.80522509500008,11.84770254900007],[79.80652606200005,11.84716658300004],[79.80767704200008,11.846776028000026],[79.80813768400004,11.845299100000023],[79.80786811300004,11.844753695000055],[79.80772856600004,11.844383942000023],[79.80705793200006,11.843428688000076],[79.80646136900002,11.842640334000068],[79.80617872200008,11.84212630400001],[79.80609365000004,11.84171453800007],[79.80606844000005,11.84048503000002],[79.80616266100002,11.83915925700006],[79.80626431800005,11.838449285000015],[79.80649256100008,11.837117685000083],[79.80684936700005,11.836922444000033],[79.80770926000008,11.836402272000042],[79.80794883800007,11.837395995000076],[79.80821046700004,11.838370889000027],[79.80846392300003,11.83928364000007],[79.80878665900009,11.840448918000055],[79.80907627800009,11.841319380000078],[79.80928064600005,11.841861522000045],[79.80946519900003,11.84213611100006],[79.80967536900006,11.842746001000025],[79.80993294600006,11.843761443000048],[79.81019500400005,11.844638256000055],[79.81040083400006,11.845233425000048],[79.81059699000008,11.846006615000027],[79.81093815500003,11.847094389000054],[79.81111179800007,11.84784355800002],[79.81125635200004,11.84825962300004],[79.81149832000004,11.848886925000029],[79.81154564000008,11.849080481000044],[79.81161054800003,11.849175071000026],[79.81170801600007,11.84938292500003],[79.81181000400004,11.849739702000019],[79.81222173900005,11.850999973000054],[79.81231493600006,11.851406234000011],[79.81245108300004,11.851920282000023],[79.81262705000006,11.852159787000064],[79.81272081800006,11.852529972000069],[79.81292658900009,11.853202962000049],[79.81314038500007,11.853802777000052],[79.81332180900006,11.854204753000031],[79.81346224000004,11.854738041000054],[79.81376428000004,11.85547791400006],[79.81394745300008,11.856132520000079],[79.81422245200008,11.856990390000016],[79.81455255600008,11.857838955000041],[79.81483271700006,11.85873299400004],[79.81513643200003,11.859585670000053],[79.81545796800003,11.860470196000055],[79.81609014500003,11.861986479000048],[79.81629972600007,11.862564816000042],[79.81652699400007,11.863110720000071],[79.81684774600006,11.863755037000042],[79.8171878300001,11.86462632200004],[79.81766147600005,11.865668807000086],[79.81811098900005,11.866498913000047],[79.81828380400003,11.86701354100007],[79.81859600600006,11.867911473000053],[79.81882087500009,11.868684023000066],[79.81907784700007,11.869672463000036],[79.81939818300003,11.870344976000059],[79.81959018400006,11.870877946000057],[79.82012777500006,11.87178834600006],[79.82041839500005,11.872239368000072],[79.82074303300004,11.872784512000072],[79.82108177700007,11.873379493000073],[79.82161844400008,11.874204171000036],[79.82198491800006,11.875002573000074],[79.82236105100003,11.875769546000058],[79.82263662400004,11.87652371100005],[79.82284271700007,11.87732756900004],[79.82293746900007,11.877856811000065],[79.82303944100005,11.878144819000058],[79.82309210800008,11.87858319900005],[79.82328929600004,11.880174120000039],[79.82341130700009,11.880571831000053],[79.82368369800008,11.883428167000027],[79.82414095000007,11.886618920000043],[79.82479506400006,11.88996383100004]]]},"properties":{"FID":2820,"OBJECTID":2845,"ST_CODE":"34","ST_NAME":"PUDUCHERRY","DT_CODE":"02","DIST_NAME":"Pondicherry","AC_NO":20,"AC_NAME":"Manavely","PC_NO":1,"PC_NAME":"PONDICHERRY","PC_ID":3401,"STATUS":" ","Shape_Leng":0.281346057619,"Shape_Area":0.00174477626933,"dtcode11":"635","dtname11":"Puducherry"}},{"type":"Feature","id":2821,"geometry":{"type":"MultiPolygon","coordinates":[[[[79.67966061700007,11.81451069900003],[79.67893549000007,11.814410977000025],[79.67775108300002,11.814398503000055],[79.67595100200003,11.814311740000054],[79.67583730300004,11.813651406000082],[79.67541447800005,11.810673471000028],[79.67508793100006,11.808576597000059],[79.67490523400005,11.807731368000075],[79.67479438100007,11.80669675900003],[79.67457225900006,11.80355979800003],[79.67554438700004,11.80243796400004],[79.67595117500008,11.801929313000075],[79.67739472300008,11.799580538000045],[79.67844890000005,11.79840817000007],[79.67982958700001,11.797145264000045],[79.68130823800004,11.796319145000028],[79.68166740400007,11.797014986000008],[79.68221611800004,11.79807920500001],[79.68287999500006,11.79964927900004],[79.68388877300005,11.802155130000084],[79.68560802800005,11.801726346000072],[79.68567106200004,11.802476024000043],[79.68744217100004,11.802300615000044],[79.68962616300007,11.802140880000008],[79.69005037500006,11.804364401000054],[79.69027594400005,11.80538956700008],[79.69059928200005,11.80783021900003],[79.69053892200003,11.808500117000039],[79.68967238700003,11.808852557000026],[79.68926592900006,11.809274444000033],[79.68892562300005,11.810053699000028],[79.68857154800008,11.810697430000051],[79.68811959600002,11.81220101300005],[79.68655483100008,11.812280555000022],[79.68577446000008,11.812474260000055],[79.68451720800006,11.812575672000042],[79.68416506000005,11.812690613000024],[79.68265653600008,11.813240080000075],[79.68102212000008,11.813993830000072],[79.67966061700007,11.81451069900003]]],[[[79.65372108200006,11.842768964000074],[79.65359292200003,11.842968712000085],[79.65258305400005,11.842978067000047],[79.65192915700003,11.843464627000055],[79.65151271700006,11.843787063000034],[79.64919131500005,11.844042098000056],[79.64731887200008,11.844217655000017],[79.64717589500003,11.842252041000046],[79.64593690800007,11.842271110000068],[79.64537513900005,11.839080748000066],[79.64575630300004,11.83894832500006],[79.64571563900006,11.837161469000023],[79.64586211500006,11.836084733000058],[79.64591488800005,11.83574054600006],[79.64579732900006,11.835045116000073],[79.64528855600008,11.834333095000037],[79.64459708300006,11.833662040000034],[79.64448110000006,11.832537016000055],[79.64432707700007,11.83196728500007],[79.64429428300008,11.831741221000069],[79.64425081500008,11.831402219000042],[79.64415857500006,11.831104136000025],[79.64398043100005,11.830471991000033],[79.64379202800006,11.82950026700007],[79.64358568100006,11.828506827000066],[79.64339839600007,11.82773922300003],[79.64341906500005,11.827196060000066],[79.64333649200006,11.826396359000034],[79.64323891500004,11.826143296000044],[79.64297288600004,11.825968643000056],[79.64244321000007,11.82568139100005],[79.64226289800007,11.825447260000029],[79.64205902000003,11.825118023000078],[79.64183301800006,11.824810972000018],[79.64162643600007,11.82470833600006],[79.64101839800009,11.824452487000018],[79.64098928000004,11.824145303000012],[79.64094715600002,11.822852394000048],[79.64133171200007,11.822720048000074],[79.64244654700006,11.822587344000045],[79.64364858100004,11.822374884000036],[79.64432771700007,11.822218069000028],[79.64446075200003,11.82132609100005],[79.64513869400008,11.820902018000025],[79.64499285000005,11.820188116000054],[79.64596470700008,11.819913212000065],[79.64697405200008,11.819722359000018],[79.64692914100004,11.819130773000035],[79.64678690500006,11.818136173000024],[79.64648484500002,11.817387009000068],[79.64633075700004,11.816754165000082],[79.64628653200003,11.81625731200006],[79.64787823900008,11.816010646000045],[79.64796268300006,11.815417815000023],[79.65019820800006,11.815271921000043],[79.65149115300005,11.814958289000048],[79.65237912500004,11.81449705100004],[79.65314954300003,11.814354101000045],[79.65437554100004,11.81434378300002],[79.65557300600005,11.814193170000054],[79.65755989200005,11.813925819000083],[79.65838838200006,11.81359662100003],[79.65924379400008,11.812892388000027],[79.65962007100008,11.812841045000017],[79.66000619800008,11.81295222900006],[79.66059715900008,11.813609112000039],[79.66139474000005,11.813483477000021],[79.66272044100003,11.813125180000037],[79.66343607500005,11.81303991200002],[79.66363417700006,11.813238216000064],[79.66404978400004,11.813910259000053],[79.66465107200008,11.814634950000023],[79.66512535300006,11.814949391000019],[79.66536412200007,11.81497584300007],[79.66746631700005,11.814997762000068],[79.67122518800007,11.81485384200004],[79.67118209300008,11.817354052000043],[79.67126195800007,11.82357728400006],[79.67037688600004,11.823729743000056],[79.66832265800008,11.824183364000021],[79.66691405400007,11.824361088000039],[79.66492368500008,11.824691669000062],[79.66357131800002,11.825131880000066],[79.66261937000007,11.825651922000075],[79.66199375200006,11.82630133200007],[79.6606729680001,11.827718536000075],[79.66014447800006,11.828512738000027],[79.65971992800007,11.828980508000027],[79.65943703000005,11.829465257000038],[79.65938406600003,11.829822969000077],[79.65971859100006,11.830621157000056],[79.66017308000005,11.831569027000043],[79.66066536200003,11.832855803000028],[79.66097486600006,11.83405276500002],[79.66119575700004,11.83520994200006],[79.66151779400008,11.836275185000034],[79.66179792800004,11.837313809000024],[79.66185878000005,11.83845823200005],[79.66172425400002,11.839308530000038],[79.66091385900006,11.839710245000047],[79.65929205100008,11.840301648000048],[79.65631701200004,11.841305000000034],[79.65476295300004,11.841746360000048],[79.65415372000007,11.842029554000016],[79.65372108200006,11.842768964000074]]],[[[79.63066579200006,11.881208817000065],[79.62966890800004,11.881312968000032],[79.62989035800007,11.883432430000033],[79.62994224900005,11.884685177000042],[79.62982649400004,11.885495296000048],[79.62958612900007,11.887097348000042],[79.62958476800003,11.887847339000066],[79.62974906400007,11.888620379000022],[79.62723004200006,11.888933866000057],[79.62699249800004,11.888962631000018],[79.62493149700002,11.889211497000073],[79.62491051000006,11.890772093000065],[79.62117169000003,11.890557672000048],[79.61908501000006,11.887161955000048],[79.61892279400007,11.886805112000038],[79.61888856100006,11.886330850000023],[79.61850758400004,11.886309842000056],[79.61835924700006,11.886011878000033],[79.61841239700004,11.885650729000078],[79.61843855500008,11.88526093400003],[79.61835832500003,11.88493139800005],[79.61816471900005,11.884602230000045],[79.61791962300003,11.884404160000026],[79.61756216700007,11.884347451000057],[79.61747741300007,11.883881374000053],[79.61663662600006,11.88296284300002],[79.61534485000004,11.881634158000056],[79.61411924800007,11.880653937000034],[79.61167339400005,11.878851456000053],[79.60952748200003,11.87745545700006],[79.60850051100005,11.876980394000032],[79.60817028200006,11.876873367000044],[79.60794078100008,11.877100727000027],[79.60759106200004,11.877924938000035],[79.60745540300007,11.87835461800006],[79.60725913800007,11.878513737000048],[79.60678796900004,11.878810359000047],[79.60650933000007,11.879164337000088],[79.60590673700005,11.879976422000022],[79.60536786200004,11.880679048000053],[79.60484195400005,11.881160839000051],[79.60381698400003,11.881762837000043],[79.60286384800008,11.882183325000023],[79.60180926800007,11.882576167000018],[79.60081837300004,11.882861798000013],[79.60010282800005,11.882918586000061],[79.59932711500005,11.882945036000027],[79.59958676500008,11.881505782000037],[79.59972099000004,11.879836611000036],[79.59986025400008,11.877081458000061],[79.60000559100006,11.875828656000055],[79.60052380500008,11.875659163000014],[79.60130288500005,11.871196045000035],[79.60149067500004,11.871195812000055],[79.60270125400007,11.871710086000054],[79.60293245800005,11.870058384000059],[79.60309007700005,11.868556579000021],[79.60310776300008,11.867466326000054],[79.60299346700003,11.866327625000068],[79.60290790400006,11.864917621000073],[79.60254367300007,11.863466863000044],[79.60243881100007,11.862644105000069],[79.60241744600008,11.86215768800001],[79.60239280700007,11.861595659000036],[79.60212422500007,11.859182308000065],[79.60197174300004,11.857802793000076],[79.60342008500005,11.858398840000065],[79.60423851600007,11.858675319000044],[79.60471164500007,11.858659565000034],[79.60523005600002,11.858607353000007],[79.60564872400005,11.858695563000028],[79.6060953990001,11.85895227200006],[79.60717839200004,11.85995491400008],[79.60763398300008,11.860093357000036],[79.60988836700007,11.860160388000049],[79.61043007800004,11.860284473000036],[79.6101748440001,11.86061176100002],[79.61103140300008,11.861069278000048],[79.61242472000005,11.86167334200007],[79.61220869700009,11.862583205000016],[79.61395890400009,11.862742119000062],[79.61404293300006,11.863049140000047],[79.61553400300005,11.862830426000079],[79.61697437500003,11.862630022000067],[79.61941706700003,11.862668465000061],[79.61956544800006,11.86383025900004],[79.61959778800008,11.867017831000046],[79.6196565050001,11.868601061000039],[79.61914904300005,11.870148933000042],[79.62235662200004,11.86965985800003],[79.62438922900002,11.869447796000042],[79.62556094400009,11.869627405000077],[79.62743977700006,11.86983678700005],[79.62849054300005,11.86979106600006],[79.62836907900002,11.868389492000057],[79.62850673100007,11.867235819000026],[79.62851585100003,11.865295101000061],[79.62726010900008,11.864808503000058],[79.62729246200007,11.863853837000018],[79.62705159100005,11.860530898000045],[79.62687891500008,11.858777794000043],[79.62677738000006,11.856814998000056],[79.62654230600003,11.85563150300003],[79.62639623800004,11.85480020800003],[79.62685282700005,11.854277765000068],[79.62860982600006,11.853899820000047],[79.63076700700003,11.853686366000035],[79.63320214500004,11.853285772000046],[79.63513915100003,11.85309228900007],[79.63691016700005,11.85276296700005],[79.63911146800007,11.852242255000016],[79.64178870400008,11.85160531700007],[79.64406804700008,11.851071159000062],[79.64704610800004,11.85071762300004],[79.64708493000006,11.850048413000025],[79.64985873100005,11.850262069000053],[79.65198436700005,11.850351129000043],[79.65273375500004,11.850515674000059],[79.65377344200006,11.850912775000053],[79.65375920500009,11.85175492900004],[79.65467730700004,11.851827507000046],[79.65680478900003,11.85208004200007],[79.65690325700007,11.85255416100007],[79.65780732800005,11.852644533000035],[79.65784327600005,11.853295805000071],[79.65806097700005,11.85382826400008],[79.65958413500006,11.856312741000067],[79.66072718800007,11.858256464000029],[79.66109840800003,11.859191781000042],[79.66170565200008,11.859302082000056],[79.66155281900006,11.861101692000027],[79.66337631400006,11.861193535000032],[79.66345768100008,11.862821058000058],[79.66345873800003,11.864050313000062],[79.66330970400008,11.865421471000046],[79.66274464400004,11.86545621600004],[79.66267486200007,11.86722000700007],[79.66051233900005,11.86726583200005],[79.66002728100005,11.867580432000072],[79.65960146600008,11.86770879200003],[79.65932634300003,11.867727971000019],[79.65916474200003,11.868619638000043],[79.65777360400007,11.868684818000077],[79.65771558600005,11.870019140000064],[79.65465439200005,11.870187739000063],[79.65040870600006,11.870387559000033],[79.64853522400006,11.870468404000066],[79.64859719600008,11.871879140000027],[79.64858882400006,11.875008597000017],[79.64850578500004,11.876935755000035],[79.64850671300007,11.878029734000055],[79.64841646800004,11.880314310000083],[79.64636481100007,11.88056250000006],[79.64513507600005,11.880623452000057],[79.64439537500003,11.880553748000061],[79.64222829800009,11.88045035600003],[79.64046941600002,11.880584870000066],[79.64070462000007,11.882645887000022],[79.64096863500004,11.885033335000065],[79.64112015800005,11.885955017000061],[79.64111825700007,11.886605746000038],[79.64020590900003,11.886922273000026],[79.63766647100005,11.887765688000048],[79.63595494600008,11.888072366000074],[79.63540451100005,11.88831815500002],[79.63477843100002,11.88876908700007],[79.63476740900006,11.888407995000028],[79.63485689100008,11.887995557000067],[79.63479107900008,11.886616250000035],[79.63468193300008,11.884957658000067],[79.63449782600003,11.88097904200004],[79.63066579200006,11.881208817000065]]]]},"properties":{"FID":2821,"OBJECTID":2846,"ST_CODE":"34","ST_NAME":"PUDUCHERRY","DT_CODE":"02","DIST_NAME":"Pondicherry","AC_NO":22,"AC_NAME":"Nettapakkam (SC)","PC_NO":1,"PC_NAME":"PONDICHERRY","PC_ID":3401,"STATUS":" ","Shape_Leng":0.411388645783,"Shape_Area":0.00215562719654,"dtcode11":"635","dtname11":"Puducherry"}},{"type":"Feature","id":2822,"geometry":{"type":"MultiPolygon","coordinates":[[[[79.73769538200008,11.842942004000076],[79.73759956500004,11.843272017000064],[79.73745762600004,11.844254211000061],[79.73720280400005,11.844717028000053],[79.73683068800005,11.844650243000043],[79.73676489100006,11.844262415000056],[79.73677218900008,11.843814852000035],[79.73688898500008,11.84247930700007],[79.73700079400004,11.841940934000034],[79.73753704200003,11.839944475000024],[79.73810464200005,11.837779380000025],[79.73810611900007,11.837056593000058],[79.73808672600006,11.836911950000069],[79.73660909400007,11.836968622000034],[79.73502569400006,11.83705292000007],[79.73305639400007,11.837144613000014],[79.73191228300004,11.837036253000058],[79.73132438900006,11.836935586000044],[79.73036173400004,11.837071406000067],[79.72955850600005,11.83718832700003],[79.72947163700009,11.837040355000056],[79.73974216700003,11.836199543000081],[79.74076916700004,11.834852486000042],[79.74160280700005,11.832513459000033],[79.74219162000009,11.83129028700005],[79.74214027500005,11.827480457000021],[79.74376305400006,11.82560046400005],[79.74444531800005,11.824188229000075],[79.74482614100005,11.823152361000028],[79.74531432600008,11.821143973000064],[79.74546037100004,11.819129074000038],[79.74547309600007,11.818345625000074],[79.74511798900005,11.816813322000026],[79.74420477000007,11.813916919000059],[79.75129442800005,11.81361257800005],[79.75680911800005,11.813594376000024],[79.75750557000003,11.81270891800006],[79.75933576100005,11.812065616000035],[79.76195034500005,11.812106581000025],[79.76604149100007,11.812282210000035],[79.76882760800004,11.81233249600006],[79.77150131100008,11.81225581900002],[79.77539168900006,11.81074804300004],[79.78085569200005,11.810384234000018],[79.78425562700005,11.80983601800006],[79.78726391300006,11.80944402100005],[79.78830304100006,11.808515252000063],[79.78939806800008,11.808028198000041],[79.79093345600006,11.807988798000048],[79.79218462000006,11.80977268100003],[79.79416356400003,11.810054673000014],[79.79639966500008,11.810215448000058],[79.79838447100006,11.810056614000072],[79.80041423700004,11.809949182000008],[79.80052528500005,11.810308312000073],[79.80088442500004,11.812129141000069],[79.80121302900005,11.813566151000046],[79.80153263100004,11.815066170000033],[79.80203661100006,11.816560012000018],[79.80245259700007,11.817973579000059],[79.80287381300006,11.819418804000069],[79.80342032100003,11.821337278000042],[79.80378953700006,11.822597924000043],[79.80420642300004,11.82417389900008],[79.80455536000005,11.82584919200001],[79.80473508700004,11.826861133000016],[79.80487639400008,11.827552254000068],[79.80528106600008,11.828527062000033],[79.80570247000009,11.829312694000063],[79.80597543100005,11.829785961000034],[79.80603754700007,11.830056408000086],[79.80621819800007,11.83035912000001],[79.80641282800008,11.83086388600001],[79.80644151300004,11.83093198200003],[79.80672513900004,11.831744820000038],[79.80689508400008,11.832652890000068],[79.80698747400004,11.833470691000054],[79.80618465200007,11.833567749000052],[79.80593120000003,11.833597687000067],[79.80456388500005,11.833559778000051],[79.80340686000005,11.83361529600006],[79.80218736400008,11.83392919400006],[79.80131980000004,11.83471645300004],[79.80096633200002,11.83571233500003],[79.80069448600005,11.836469292000055],[79.80035673000003,11.837701093000012],[79.79979073200006,11.838310319000065],[79.79901639900005,11.838629920000072],[79.79821901300006,11.838742806000024],[79.79776237500005,11.838374931000017],[79.79761293700005,11.83790917500005],[79.79815704200007,11.835722085000038],[79.79837400300005,11.835106368000025],[79.79807373300007,11.834695803000052],[79.79757639200005,11.834369027000035],[79.79701029600005,11.834191162000023],[79.79662437500008,11.83412883300002],[79.79519939500005,11.833829469000015],[79.79377565300007,11.833596638000069],[79.79357161400003,11.832390335000063],[79.79398546000004,11.832423785000056],[79.79461021600008,11.832511231000067],[79.79594526500006,11.833282807000042],[79.79742962600005,11.833518805000038],[79.79861714000003,11.833345406000028],[79.79950429200005,11.832767075000051],[79.79958838300007,11.832083916000048],[79.79979839700007,11.831761273000028],[79.80063731900003,11.83068605400006],[79.80078579500008,11.830129053000066],[79.80060831500003,11.829482468000036],[79.80046372300006,11.829072056000022],[79.80002129100008,11.828748395000046],[79.79915860400007,11.82807434900007],[79.79833512000003,11.827599358000041],[79.79829769800006,11.825773233000062],[79.79803616200007,11.825014858000037],[79.79746926500007,11.824601325000046],[79.79664249500007,11.824479208000074],[79.79592754300006,11.824739930000028],[79.79545247100002,11.825031409000081],[79.79500183000005,11.825730319000055],[79.79518252000007,11.826172861000025],[79.79618754000008,11.826964134000033],[79.79609900400003,11.827493859000061],[79.79591654200004,11.827811279000061],[79.79609268100005,11.828108295000048],[79.79600209200004,11.828334670000057],[79.79573670000008,11.828540308000074],[79.79529232200008,11.82862817200003],[79.79475924000008,11.828535379000071],[79.79297363100005,11.827739934000014],[79.79229380900004,11.827589615000015],[79.79161016100005,11.827823739000042],[79.78938086300008,11.829014964000052],[79.78878677500006,11.828656223000054],[79.78819364600008,11.829386744000024],[79.78732126600006,11.829395793000055],[79.78642068900007,11.831029264000046],[79.78535244200003,11.831260787000073],[79.78472903600004,11.831376290000048],[79.78407627200005,11.831107952000016],[79.78369129900005,11.831345545000032],[79.78306054300005,11.831777782000058],[79.78252736800006,11.83169057900005],[79.78220083400004,11.831565988000019],[79.78178863400007,11.831716328000013],[79.78119173300007,11.831891990000033],[79.78015470500003,11.831888292000032],[79.77831264100007,11.83176157000002],[79.77795795500003,11.831465136000078],[79.77727892800003,11.830550245000037],[79.77616265400007,11.828706182000065],[79.77606169500005,11.828720398000025],[79.77463819900004,11.82869147700008],[79.77408032300008,11.827219183000055],[79.77431755200007,11.82698721200006],[79.77390551600007,11.826342585000061],[79.77325400200006,11.826427153000045],[79.77328669400003,11.824817482000077],[79.77308516700003,11.82382320700002],[79.77296907800007,11.822711871000024],[79.77107260300004,11.822702606000066],[79.77097914600006,11.823319055000068],[79.7699702720001,11.823490494000062],[79.77006290500002,11.822640626000064],[79.76774908200008,11.82274658200004],[79.76768380200008,11.823389403000023],[79.76492411800007,11.824171658000067],[79.76501056800004,11.82484504300003],[79.76516260700004,11.826847746000057],[79.76525804900007,11.831939193000037],[79.76513809700002,11.832848422000032],[79.76481286800004,11.832927907000048],[79.76448333300004,11.833132489000022],[79.76444840300009,11.833453311000023],[79.76436301000007,11.833780110000081],[79.76389029300003,11.83377722600005],[79.76308674800003,11.83391688100005],[79.76210254300008,11.834469791000057],[79.76064711000004,11.835281432000041],[79.75962131000006,11.835644237000054],[79.75792782800004,11.83595484200003],[79.75777921500008,11.836367475000028],[79.75727081700005,11.836659447000036],[79.75563779500003,11.836911211000034],[79.75563261500008,11.837585449000082],[79.75286844800007,11.838481335000026],[79.75265919300006,11.838042781000068],[79.75070292000004,11.83867280100003],[79.75076871100003,11.839133911000026],[79.74858168100008,11.840649980000013],[79.74665179500005,11.841202561000035],[79.74591356200006,11.841264218000038],[79.74478484200006,11.841333243000044],[79.74321664200006,11.841888101000052],[79.74235541700006,11.842191370000021],[79.74128932000008,11.84206965700002],[79.74025758500005,11.842228135000024],[79.73954266900006,11.842404021000048],[79.73927231200008,11.842626403000047],[79.73916575600003,11.843405051000046],[79.73881388100006,11.843641931000041],[79.73825131600007,11.843038758000024],[79.73793813700007,11.842868038000065],[79.73769538200008,11.842942004000076]]],[[[79.74303782700008,11.888648036000058],[79.74278801200006,11.888869658000027],[79.74139482800007,11.888769835000057],[79.74046490700005,11.888632207000049],[79.73841744700007,11.888415997000031],[79.73692467700005,11.888454406000037],[79.73568150600005,11.888495624000022],[79.73425256400003,11.88841208300004],[79.73345044400008,11.888092599000057],[79.73235091300008,11.886912374000065],[79.73091398700006,11.887318149000059],[79.72761032500006,11.884584847000053],[79.72646210400005,11.883445545000024],[79.72494643300008,11.88348684600003],[79.72198896500004,11.883114943000072],[79.71877565700004,11.882285517000067],[79.71773515700005,11.88142531100004],[79.71568862600003,11.88171743400004],[79.71450161600008,11.881828160000056],[79.71386938200004,11.882253385000052],[79.71336315800005,11.88455166600005],[79.71172376300007,11.88452543500004],[79.71010073300005,11.883576895000026],[79.70938193500007,11.88369507900006],[79.70937447900008,11.883244962000049],[79.70921801900003,11.882317650000063],[79.70912827700005,11.881649678000016],[79.70890921200004,11.879312745000052],[79.70870332300007,11.877495954000027],[79.70854282900007,11.875773507000087],[79.70851709200008,11.874281041000078],[79.70823738400009,11.869516248000018],[79.70823502300004,11.869104579000062],[79.70916158800003,11.868950266000063],[79.70955995200006,11.868609301000056],[79.70973234400003,11.868292908000056],[79.70992895100005,11.868174260000046],[79.71086984100003,11.867984079000047],[79.71105275600006,11.867793034000053],[79.71113810000008,11.867408710000047],[79.71124559800005,11.866861218000057],[79.71254814800007,11.86661027900003],[79.71266511000005,11.866252399000064],[79.71267912200005,11.865402305000028],[79.71271962400004,11.865098463000042],[79.71315686000008,11.864481818000048],[79.71346207800008,11.863955536000029],[79.71352880000006,11.863588962000035],[79.71355752400007,11.862887971000067],[79.71346096700006,11.861799295000024],[79.71339985800006,11.860713446000018],[79.71376146600005,11.860377529000047],[79.71440504400005,11.859605183000049],[79.71477403600005,11.859029180000046],[79.71539784000004,11.857927224000038],[79.71586531800006,11.856862243000023],[79.71628882200008,11.856173214000016],[79.71661538300003,11.855461211000025],[79.71735439700007,11.854522363000058],[79.71809480800005,11.853776371000045],[79.71875343000005,11.853339189000044],[79.71962040600005,11.853041779000016],[79.71965397800005,11.853506924000035],[79.71953831600007,11.855180837000036],[79.71949574900005,11.855750775000049],[79.71946381000004,11.856718964000043],[79.71972519100007,11.857603874000054],[79.72004138700004,11.858497554000042],[79.72057867600006,11.860290171000019],[79.72092087600004,11.861622958000055],[79.72108516500003,11.862495055000066],[79.72232147600005,11.86257903900002],[79.72335777400008,11.862501945000087],[79.72457843600006,11.862283429000055],[79.72557908100003,11.862215901000067],[79.72672267500009,11.862228453000048],[79.72882629900005,11.862416389000016],[79.73108076000005,11.862482638000063],[79.73254973500008,11.862552182000067],[79.73263416000003,11.865513823000068],[79.73376329100006,11.865572326000057],[79.73597730900008,11.864892421000041],[79.73680430800005,11.864801764000049],[79.73885170700004,11.864719134000033],[79.73988302300008,11.86459673200006],[79.74031915900008,11.864391612000077],[79.74079392900005,11.86392321300002],[79.74120947300007,11.863505752000048],[79.74185329400007,11.862850564000036],[79.7420260630001,11.862505953000039],[79.74204689100003,11.861999933000046],[79.74204811700008,11.861361661000048],[79.74220606200004,11.860872469000077],[79.74244321100008,11.860581879000044],[79.74314329000003,11.859986222000028],[79.74333422000007,11.859650921000016],[79.74333590600008,11.859054387000072],[79.74374412100008,11.858030103000033],[79.74376846300004,11.856532894000045],[79.74394858000005,11.854890423000018],[79.74401622400006,11.85382807400003],[79.74402628900005,11.85292720900002],[79.74304733400004,11.852792221000076],[79.74298232500007,11.851721020000065],[79.74240763000006,11.851578878000039],[79.74273818700004,11.849908366000008],[79.74308000400003,11.848460191000061],[79.74382462000005,11.84850126500004],[79.74616801900004,11.84892840700006],[79.74822508900009,11.849081488000015],[79.74862054100002,11.849051631000066],[79.74947486100007,11.84832871500002],[79.75033124500004,11.847972319000064],[79.75097452100005,11.848050102000057],[79.75182192000007,11.84838932800005],[79.75253120100007,11.848915827000027],[79.75323668300008,11.849535861000051],[79.75365513400004,11.849782632000021],[79.75385950800006,11.850170381000057],[79.75403434200007,11.851110229000026],[79.75403280700006,11.851771026000048],[79.75380399300008,11.85268085500008],[79.75364725300005,11.853523031000051],[79.75359855800008,11.853843657000024],[79.75369121800009,11.854060502000047],[79.75391271000005,11.854239903000064],[79.75392302300007,11.854593033000056],[79.75383144500006,11.855511794000043],[79.75372400100008,11.855996143000024],[79.75360923700003,11.856932587000074],[79.75355983400004,11.85722614200006],[79.75368164800004,11.857551707000015],[79.75361611700005,11.858275793000077],[79.75358713200005,11.858864002000072],[79.75365692800005,11.859998451000012],[79.75419852300007,11.860773808000022],[79.75425538900004,11.861080313000048],[79.75430991500008,11.861885235000038],[79.75385501000005,11.861978455000035],[79.75366329600006,11.862151367000026],[79.75367406600003,11.864244599000072],[79.75435326000007,11.864159413000033],[79.75438367200009,11.86475646200006],[79.75445060900005,11.86528980400005],[79.75450429900008,11.865863538000038],[79.75380174700007,11.865976552000065],[79.75483765800004,11.86726830000003],[79.75542974700004,11.867401650000014],[79.75542857300007,11.867898967000015],[79.75703115500005,11.868207185000063],[79.75480328500004,11.871799071000044],[79.75448744800008,11.872070412000024],[79.75372885000007,11.872885146000037],[79.75266368100006,11.873327406000032],[79.75188495800005,11.87361627600006],[79.75072417800004,11.874093109000052],[79.75132642800008,11.875296895000071],[79.75121883000008,11.876213214000083],[79.75113006700008,11.877804247000023],[79.75123697900004,11.878908905000062],[79.75123102200007,11.87927647100002],[79.75119466800004,11.879611981000032],[79.75072468900004,11.88112598400004],[79.75117304400004,11.882854064000062],[79.75208405900007,11.884934538000028],[79.75221815900005,11.885280630000072],[79.75182434200008,11.887959778000042],[79.75002616000006,11.888895782000084],[79.74800085700008,11.888795097000065],[79.74726863300003,11.888612131000055],[79.74622668400008,11.888250594000048],[79.74577217300003,11.888243428000065],[79.74303782700008,11.888648036000058]]]]},"properties":{"FID":2822,"OBJECTID":2847,"ST_CODE":"34","ST_NAME":"PUDUCHERRY","DT_CODE":"02","DIST_NAME":"Pondicherry","AC_NO":21,"AC_NAME":"Embalam (SC)","PC_NO":1,"PC_NAME":"PONDICHERRY","PC_ID":3401,"STATUS":" ","Shape_Leng":0.457120415645,"Shape_Area":0.00246109244829,"dtcode11":"617","dtname11":"Cuddalore"}},{"type":"Feature","id":2823,"geometry":{"type":"MultiPolygon","coordinates":[[[[75.54199851300005,11.698735552000068],[75.54181081800004,11.698734962000064],[75.54166807800004,11.69887516300002],[75.54166748100006,11.699060147000068],[75.54180922500007,11.699802091000036],[75.54223775300005,11.701244033000016],[75.54223669600003,11.701660265000047],[75.54242867400006,11.702355977000023],[75.54275822900009,11.702727367000023],[75.54360511900006,11.70341997200006],[75.54429427400005,11.704624387000033],[75.54441045600004,11.704809013000052],[75.54393707700007,11.705043704000042],[75.54304680100006,11.705652140000032],[75.54215533400003,11.70648276400004],[75.54111750200008,11.707506449000045],[75.53947715300006,11.709275668000009],[75.53843957400005,11.70987516700006],[75.53749952000004,11.709978168000065],[75.53585313700006,11.709934124000034],[75.53443660700002,11.709281105000063],[75.53406733300005,11.70826370900005],[75.53322632900006,11.70606973000002],[75.53226544100005,11.704974785000038],[75.53055591500004,11.704027560000052],[75.53015471500002,11.70308205400005],[75.53005879800007,11.702291397000064],[75.53009632900006,11.702002038000046],[75.53028977600007,11.701830300000038],[75.53067926900007,11.701578319000083],[75.53140886600005,11.701298873000026],[75.53194569600004,11.701078381000055],[75.53221750700006,11.70087070500006],[75.53242020900008,11.700451196000065],[75.53259496300007,11.699845408000048],[75.53277448200004,11.699579403000017],[75.53310078200009,11.699209488000061],[75.53365196800007,11.698803503],[75.53388569900005,11.698626817000044],[75.53413381300004,11.69833797000007],[75.53454794400005,11.697556883000058],[75.53483760800002,11.696793854000077],[75.53496753100008,11.696535757000053],[75.53508639900008,11.69626926300002],[75.53526635100006,11.695944617000054],[75.53542721200007,11.695587519000066],[75.53579565100006,11.695000659000076],[75.53625487600003,11.69445513500006],[75.53658682900006,11.693938823000046],[75.53930713600005,11.695865746000038],[75.54011262700004,11.696462852000005],[75.54114438400006,11.696600893000038],[75.54161736200007,11.696275953000045],[75.54180505400008,11.696276544000042],[75.54166183500007,11.697066513000022],[75.54180795700006,11.697763525000033],[75.54161930900005,11.697808016000067],[75.54166919000005,11.698088916000073],[75.54185693700003,11.69808838000006],[75.54199851300005,11.698735552000068]]],[[[75.53821831900007,11.762709882000031],[75.53794956500008,11.762800407000045],[75.53767978100008,11.762642643000051],[75.53747780600008,11.762553392000031],[75.53700722400004,11.762576109000053],[75.53680486700006,11.76264255500007],[75.53660326700005,11.762643589000051],[75.53633385800003,11.762576109000053],[75.53613169700003,11.762441712000054],[75.53595188500003,11.762171793000055],[75.53595180200007,11.761903237000062],[75.53595258100006,11.761567017000058],[75.53595221800003,11.761230747000068],[75.53586179300004,11.76098405600003],[75.53559291800008,11.760782323000067],[75.53532351300004,11.760714842000027],[75.53485275100007,11.760692408000061],[75.53453867400003,11.760625160000076],[75.53393202100006,11.760176821000067],[75.53296695800003,11.75972805200007],[75.53218142400004,11.759481484000046],[75.53157625700004,11.759099777000074],[75.53126155600006,11.758628541000062],[75.53146414400004,11.75809046000006],[75.53180265400006,11.75768265400007],[75.53234081600004,11.757413648000059],[75.53359785000004,11.757076760000077],[75.53391202500006,11.756920600000054],[75.53427118900004,11.756315136000076],[75.53449490200006,11.755888591000028],[75.53447229600006,11.75416232800007],[75.53447286500005,11.753511302000037],[75.53460743200003,11.75288439500003],[75.53514613600004,11.75196436000005],[75.53612993500008,11.751223563000043],[75.53731777000007,11.750772945000065],[75.5375522240001,11.750557887000056],[75.53753401000006,11.748687433000047],[75.53890160400005,11.749244629000037],[75.53926174100008,11.749281228000022],[75.53976541300005,11.748669893000049],[75.54055743400005,11.748579338000077],[75.54086279900008,11.746619727000041],[75.54098919800003,11.745577245000046],[75.54117118400006,11.744988602000031],[75.54149430800005,11.744467268000037],[75.54169253800006,11.74340660400002],[75.54190918400009,11.742147069000046],[75.54169289700008,11.741086854000052],[75.54136847700005,11.739791583000045],[75.54160290800007,11.738838632000062],[75.54108089700003,11.738713484000076],[75.54073743600003,11.736917536000018],[75.54025252100007,11.734741747000035],[75.53773290000002,11.734634547000049],[75.53613122000006,11.734435710000069],[75.53613123700006,11.733501511000036],[75.53291043700006,11.734436597000066],[75.53192076800008,11.734544102000019],[75.53111103500005,11.731774789000047],[75.53091949000003,11.730971825000026],[75.52993026200005,11.730972149000026],[75.52940849500003,11.730449827000019],[75.52823891400004,11.729137717000068],[75.52796886900006,11.727735488000057],[75.52726713500005,11.726997413000054],[75.52683449200005,11.72660210400005],[75.52663646500008,11.726135066000039],[75.52676247900007,11.725397273000048],[75.52692482700007,11.725181241000028],[75.52688872800007,11.724409026000043],[75.52696108400005,11.724085120000028],[75.52730338500004,11.723545547000057],[75.52742755400004,11.722650854000054],[75.52715695200006,11.72175181300004],[75.52766102700008,11.721572705000023],[75.52715720100008,11.720691304000056],[75.52739110600002,11.719971952000035],[75.52809357600006,11.718533734000047],[75.52809376700003,11.717670669000029],[75.52793173900005,11.717094716000064],[75.52791331000003,11.716189069000038],[75.52821966500005,11.71602695300004],[75.52838100600007,11.71622492800002],[75.52856160100004,11.716746439000072],[75.52881363800002,11.71688985700005],[75.52904715800008,11.716890283000057],[75.53039710300004,11.716026318000045],[75.53122447800007,11.716008512000018],[75.53192620700008,11.715739065000035],[75.53229229600004,11.714049826000052],[75.53091780700004,11.713697635000079],[75.53077075500005,11.711204474000061],[75.53046464600006,11.710183153000056],[75.52876120700006,11.709717893000049],[75.52871623100005,11.709332279000026],[75.52927273800003,11.709083349000023],[75.53049876700004,11.708935820000033],[75.53064627900004,11.708742817000019],[75.53116885100009,11.708435935000068],[75.53190725400003,11.708901463000077],[75.53093059300005,11.710354305000065],[75.53247426600008,11.710195197000075],[75.53282586500006,11.710388240000043],[75.53417773900003,11.710954866000058],[75.53616481200004,11.711352798000062],[75.53666879800006,11.71193630700003],[75.53702065000004,11.71205038000005],[75.53754375200003,11.71217445700004],[75.53760052900003,11.71235640600002],[75.53713467100005,11.712527116000047],[75.53722494600004,11.71292380600005],[75.53724852700003,11.713253173000048],[75.53702055800005,11.713502338000067],[75.53680466200007,11.713467749000058],[75.53620330400008,11.713229565000061],[75.53593146200008,11.71324095400007],[75.53522643000008,11.713729135000051],[75.53471650400007,11.713297652000051],[75.53458015300004,11.713717932000074],[75.53414767200007,11.713786352000058],[75.53406876600008,11.713956520000059],[75.53328521400006,11.714115093000025],[75.53342124600005,11.71436493900007],[75.53292157000004,11.71496620100004],[75.53271448900006,11.715381023000056],[75.53250210200008,11.715811399000073],[75.53277172500003,11.716314371000063],[75.53388808100004,11.716728192000058],[75.53444591100003,11.717016314000023],[75.53462501500007,11.717447495000046],[75.53469784700007,11.717825352000036],[75.53516577200007,11.71827411900005],[75.53586706000004,11.718849652000058],[75.53658716900004,11.719389931000018],[75.53704813900005,11.719398380000023],[75.53722825900009,11.719218120000033],[75.53744461400004,11.718948116000028],[75.53748013800003,11.718480392000048],[75.53749796500006,11.716844188000053],[75.53776871500008,11.716045270000054],[75.53877688200005,11.716422568000027],[75.5393522830001,11.71633352100002],[75.54066568200005,11.71588411200002],[75.54142131500004,11.715685877000036],[75.54165536800008,11.715650205000028],[75.54219600100005,11.71586531300006],[75.54251964700006,11.716782496000054],[75.54300490100007,11.716441158000054],[75.54334700900006,11.716297549000044],[75.54354457400007,11.716603193000026],[75.54390501300009,11.71645928300007],[75.54413893000003,11.717017028000033],[75.54437290100002,11.717573647000041],[75.54538051400006,11.717717339000046],[75.54601040100005,11.717466011000052],[75.54608265800005,11.716872464000048],[75.54694611200004,11.716891170000055],[75.54723449100004,11.715884318000068],[75.54746770500003,11.715595886000077],[75.54788132500006,11.715416011000062],[75.54818735200007,11.715506552000022],[75.54827786500005,11.715775763000064],[75.54829546900004,11.716603518000058],[75.54850492700008,11.717072151000023],[75.54918894300006,11.717306120000043],[75.55008906100005,11.71732420700004],[75.55086234900004,11.71842075300003],[75.55151019300007,11.719211534000062],[75.55196087300004,11.719392084000049],[75.55415550000002,11.719391862000055],[75.55471360800004,11.71962576400005],[75.55469531800003,11.72029057500005],[75.55550572400004,11.721747549000042],[75.55505673900007,11.723649757000038],[75.55509225000003,11.724314749000023],[75.55536230500007,11.724909094000052],[75.55550660700004,11.726239006000075],[75.55577670200005,11.727695321000041],[75.55331098400006,11.729313634000041],[75.55082670200007,11.730837435000058],[75.54758709800005,11.731934455000035],[75.54504999500006,11.732671652000018],[75.54472603400006,11.73434375400007],[75.54456431200003,11.734595944000038],[75.54328633900008,11.734379097000042],[75.54280960700004,11.736061224000007],[75.54237733700005,11.736960092000048],[75.54241320900007,11.737247167000023],[75.54275589200006,11.73846991100004],[75.54279169600005,11.73942266800003],[75.54306159500004,11.740339750000047],[75.54351137100008,11.741598938000042],[75.54340316700006,11.74227553400005],[75.54315082500005,11.74285084000008],[75.54331320500006,11.74317523000006],[75.54358246700008,11.743515735000068],[75.54390714600004,11.744756870000057],[75.54424834000008,11.745889310000038],[75.54453675300006,11.746285968000048],[75.54475269000004,11.747255917000077],[75.54487802400006,11.748155204000053],[75.54502451200004,11.749411997000035],[75.54513210000006,11.750274383000038],[75.54491631400002,11.75124514500003],[75.54427916700007,11.752239745000056],[75.54439708700005,11.752978490000022],[75.54457407500007,11.753825969000046],[75.54499858800006,11.754497332000028],[75.54576349000007,11.755285625000038],[75.54618840900008,11.755874636000039],[75.54628271600006,11.75606281700003],[75.54623518100004,11.756346141000055],[75.54609436200008,11.756616224000025],[75.54596435100007,11.75687551100003],[75.54575903400007,11.75710431600002],[75.54528790500008,11.757508417000055],[75.54495059700008,11.757866660000047],[75.54468124600004,11.758314856000016],[75.54421082500005,11.758875829000036],[75.54362705500007,11.759190210000037],[75.54295327700004,11.759347063000066],[75.54198894600006,11.759324910000018],[75.54138246200006,11.759413712000027],[75.54070976800006,11.759817715000048],[75.53983438100003,11.760467560000041],[75.53925078200007,11.760827068000024],[75.53918316500005,11.760557716000053],[75.53904892400006,11.760243601000056],[75.53891410400009,11.76006486300002],[75.53868979900005,11.760086312000052],[75.53851058200009,11.760221508000027],[75.53839850600009,11.760759182000085],[75.53848825600005,11.761364662000059],[75.53842116800007,11.762239499000028],[75.53835271900004,11.762553476000058],[75.53821831900007,11.762709882000031]]]]},"properties":{"FID":2823,"OBJECTID":2848,"ST_CODE":"34","ST_NAME":"PUDUCHERRY","DT_CODE":"03","DIST_NAME":"Mahe","AC_NO":29,"AC_NAME":"Mahe","PC_NO":1,"PC_NAME":"PONDICHERRY","PC_ID":3401,"STATUS":" ","Shape_Leng":0.246183935461,"Shape_Area":0.000734332680547,"dtcode11":"636","dtname11":"Mahe"}},{"type":"Feature","id":2824,"geometry":{"type":"MultiPolygon","coordinates":[[[[79.70034787500003,11.821662257000074],[79.69256126900005,11.822476033000045],[79.69195775900006,11.814165202000027],[79.70259985900005,11.813470707000013],[79.70034787500003,11.821662257000074]]],[[[79.75750557000003,11.81270891800006],[79.75680911800005,11.813594376000024],[79.75129442800005,11.81361257800005],[79.74420477000007,11.813916919000059],[79.74511798900005,11.816813322000026],[79.74547309600007,11.818345625000074],[79.74546037100004,11.819129074000038],[79.74531432600008,11.821143973000064],[79.74482614100005,11.823152361000028],[79.74444531800005,11.824188229000075],[79.74376305400006,11.82560046400005],[79.74214027500005,11.827480457000021],[79.74219162000009,11.83129028700005],[79.74160280700005,11.832513459000033],[79.74076916700004,11.834852486000042],[79.73974216700003,11.836199543000081],[79.72947163700009,11.837040355000056],[79.72942932800004,11.836967515000039],[79.73060657500008,11.835609381000037],[79.73234516300003,11.833452778000035],[79.73225956300007,11.832106180000041],[79.73200822700005,11.829483899000007],[79.73188043100004,11.827847987000034],[79.73161884600006,11.825153416000035],[79.73163875800003,11.824425316000022],[79.73265276300003,11.82429369200003],[79.73282625400003,11.82320269600006],[79.73295392400007,11.819520965000036],[79.73292497100003,11.818210286000054],[79.73399642200008,11.817711986000052],[79.73450439200009,11.817375008000042],[79.73468200100007,11.817152313000067],[79.73479104300003,11.816852986000065],[79.73478915900006,11.816477483000018],[79.73436942600006,11.815195579000017],[79.73428800200008,11.814504234000024],[79.73441332000003,11.813838719000035],[79.73459091800004,11.813476213000062],[79.73478690500008,11.813249302000015],[79.73533902000008,11.812590552000064],[79.73601614100005,11.812126590000043],[79.73588386900008,11.810552724000054],[79.73570339800006,11.809337781000064],[79.73389091400007,11.809382344000019],[79.73238003900008,11.809389951000078],[79.72979997000004,11.809271194000067],[79.72977193100007,11.810075798000069],[79.72777082500005,11.81017591800002],[79.72446185300004,11.81039613400003],[79.72428225800007,11.808365995000033],[79.72428119500006,11.807244103000071],[79.72435325200007,11.806828072000028],[79.72441207100007,11.806661010000026],[79.72489618200008,11.806242519000016],[79.72551377100007,11.805849829000053],[79.72533480800007,11.804059891000064],[79.72527885500006,11.80293488700005],[79.72318131600008,11.802989432000064],[79.7228653000001,11.802091424000027],[79.72270457200005,11.801354867000034],[79.72258687300008,11.799809465000058],[79.72265903500006,11.79959639400005],[79.72352855300005,11.799053272000018],[79.72278953900008,11.797989563000039],[79.72280034800006,11.796493581000044],[79.72155871500007,11.796978898000074],[79.72051352300008,11.797209148000023],[79.71898565600003,11.797492571000017],[79.71691997800008,11.797493411000056],[79.71687967800007,11.79674299900006],[79.71675890600004,11.796432143000047],[79.71569835300005,11.796274262000052],[79.71392126700006,11.796263887000059],[79.71364317200005,11.79556942800002],[79.71294885200005,11.79346575000005],[79.71239685800003,11.791545881000053],[79.71286688200007,11.790870170000058],[79.71400889400007,11.78990080000005],[79.71580967100005,11.788327500000031],[79.71799969000006,11.786462762000047],[79.71982838400004,11.784925956000047],[79.72188971900005,11.786851779000074],[79.72336221200004,11.784913522000055],[79.7242931310001,11.783760342000045],[79.72490084500004,11.783196163000078],[79.72574301700007,11.782708995000045],[79.72691068300009,11.782259697000029],[79.72851947800007,11.781844459000077],[79.72928579700005,11.781655958000025],[79.73000045000003,11.78140800800001],[79.73053979200007,11.781034383000076],[79.73132350300007,11.780831492000063],[79.73228252100006,11.780754266000026],[79.73331971500005,11.780654598000075],[79.73580243200007,11.780606017000023],[79.73810780300005,11.780907464000032],[79.73965494400005,11.780972529000051],[79.74061401900008,11.780750940000067],[79.74168069500007,11.780315712000055],[79.74430845300003,11.778945710000087],[79.74572301400006,11.778225077000043],[79.74659315900006,11.777699907000054],[79.74862136600008,11.776745409000055],[79.74971487700003,11.776133551000038],[79.75117187000006,11.775615343000018],[79.75259562700008,11.775735822000042],[79.75410965400006,11.775510473000043],[79.7550311190001,11.775275801],[79.75588960800007,11.775397513000033],[79.75664815700003,11.778446602000027],[79.75667317000006,11.77973109700002],[79.75720069800008,11.781429351000028],[79.75743313100008,11.782978674000056],[79.7575278610001,11.783489750000058],[79.75806127200008,11.783549980000032],[79.75833346100006,11.783842868000018],[79.75829325000007,11.784986564000077],[79.75927131700006,11.785927514000033],[79.75991889500006,11.78706847300002],[79.76089639000008,11.786982323000064],[79.76100859200005,11.788184792000035],[79.7609507270001,11.788650642000048],[79.76156942700004,11.789384146000028],[79.76193054800007,11.790834050000056],[79.76308663400005,11.790602985000017],[79.76350143700006,11.791066091000054],[79.76463097500003,11.791133370000065],[79.76477474800004,11.791372382000072],[79.76536635800005,11.791373741000033],[79.76584244300005,11.791869368000052],[79.76875184900007,11.790773849000049],[79.76879368400007,11.78916790500006],[79.76929751000006,11.788934499000062],[79.77059434600004,11.789556785000059],[79.77102376400006,11.788184634000052],[79.77063717200008,11.787887727000053],[79.77046042900008,11.787563653000062],[79.77030745500008,11.787184706000065],[79.77055111700008,11.786477103000042],[79.77055401700005,11.786011523000063],[79.77034824600008,11.78542881900005],[79.77005976900006,11.784581011000052],[79.77008859600005,11.783997460000018],[79.77015546800004,11.783467493000046],[79.77047984100005,11.783148987000056],[79.77080464300008,11.78308866400005],[79.77077526000005,11.782709396000028],[79.77130591000008,11.78237155900007],[79.77187010800002,11.782224775000016],[79.77276139700007,11.782373957000061],[79.77373850300006,11.782238109000051],[79.77471465000008,11.78194778600004],[79.77492429900008,11.782503478000033],[79.77706293000004,11.781719392000078],[79.77860729100007,11.78117294100001],[79.78041552700006,11.781154814000047],[79.78117582600004,11.784344779000046],[79.78241561200008,11.784527497000056],[79.78301468500007,11.784991140000047],[79.78392615100006,11.786315336000019],[79.78436794100008,11.787385345000079],[79.78793008600006,11.786675006000053],[79.79237936800007,11.78601549200004],[79.79576496700008,11.785536738000069],[79.79597463200008,11.787178111000065],[79.79618341700007,11.788370764000032],[79.79648722300004,11.790281933000063],[79.79667468500008,11.791881275000032],[79.79684761900006,11.793386824000038],[79.79681706400002,11.793725714000063],[79.79708788300006,11.794543907000042],[79.79737536100004,11.796043342000063],[79.79755140300006,11.79728175100008],[79.79794660000005,11.798989186000034],[79.79831475800006,11.80088675600007],[79.79845312800008,11.802047936000061],[79.79868342700007,11.802969254000065],[79.79893983100004,11.80383234700002],[79.79906764100008,11.804505171000072],[79.79919883000008,11.804892794000066],[79.79919931400008,11.80515099700004],[79.79940509400006,11.80588703700004],[79.79948612000004,11.806406933000071],[79.79972530200007,11.80741860000006],[79.80012455800005,11.809017910000023],[79.80041423700004,11.809949182000008],[79.79838447100006,11.810056614000072],[79.79639966500008,11.810215448000058],[79.79416356400003,11.810054673000014],[79.79218462000006,11.80977268100003],[79.79093345600006,11.807988798000048],[79.78939806800008,11.808028198000041],[79.78830304100006,11.808515252000063],[79.78726391300006,11.80944402100005],[79.78425562700005,11.80983601800006],[79.78085569200005,11.810384234000018],[79.77539168900006,11.81074804300004],[79.77150131100008,11.81225581900002],[79.76882760800004,11.81233249600006],[79.76604149100007,11.812282210000035],[79.76195034500005,11.812106581000025],[79.75933576100005,11.812065616000035],[79.75750557000003,11.81270891800006]]]]},"properties":{"FID":2824,"OBJECTID":2849,"ST_CODE":"34","ST_NAME":"PUDUCHERRY","DT_CODE":"02","DIST_NAME":"Pondicherry","AC_NO":23,"AC_NAME":"Bahour","PC_NO":1,"PC_NAME":"PONDICHERRY","PC_ID":3401,"STATUS":" ","Shape_Leng":0.346424856432,"Shape_Area":0.00253399834094,"dtcode11":"635","dtname11":"Puducherry"}},{"type":"Feature","id":2825,"geometry":{"type":"Polygon","coordinates":[[[79.74810744400008,10.99637622500007],[79.74837320100005,10.995914447000082],[79.74852413500008,10.99572796700006],[79.74855380300005,10.995370943000065],[79.74832692300004,10.994765918000027],[79.74800969100005,10.993767688000045],[79.74797241700008,10.992695756000035],[79.74817554700007,10.992025584000023],[79.74823710700008,10.99145547600005],[79.74835961000008,10.990423737000073],[79.74834403400007,10.990120527000043],[79.74813951200008,10.989470338000046],[79.74796819000005,10.98901852800003],[79.74765950900007,10.98861794400006],[79.74733836500008,10.98842513400006],[79.74728712300004,10.988357436000049],[79.74743283700008,10.988211912000038],[79.74753748300003,10.988143306000048],[79.74835359200006,10.988333821000017],[79.7486235200001,10.988386986000013],[79.74949013500003,10.988550188000024],[79.75065218000002,10.988526379000064],[79.75135136300007,10.988278294000043],[79.75183655900007,10.988176344000072],[79.75253225100005,10.988073777000073],[79.75286836800007,10.987691806000043],[79.75293773300007,10.986777838000023],[79.75283754000003,10.985231677000046],[79.75282129700008,10.98292524500004],[79.75501489500004,10.982991295000033],[79.75528075100004,10.983084852000053],[79.75560369000004,10.983589618000053],[79.75579770500008,10.983905184000037],[79.75640241200006,10.98401082000003],[79.75674509600002,10.983855463000054],[79.75703142700007,10.983596359000046],[79.75712262500008,10.983514608000055],[79.75805792700004,10.983650171000013],[79.75838187300008,10.98359849800005],[79.75848742200003,10.983543951000065],[79.75861333300008,10.983072670000066],[79.75850817500003,10.981336480000044],[79.75836814800005,10.979858300000046],[79.75562877300007,10.979563941000034],[79.75551588900004,10.978027179000028],[79.75465947400006,10.977940620000028],[79.75261730700004,10.977801637000027],[79.75276878200002,10.976945766000016],[79.75360592700008,10.97702753600003],[79.75407834700007,10.97623405400004],[79.7547145490001,10.975231260000042],[79.75487817000004,10.974185614000026],[79.75485252600004,10.973588876000068],[79.75457635300006,10.973219193000025],[79.75444542700006,10.972731522000053],[79.75447578700005,10.972400955000069],[79.75447370300003,10.972106972000052],[79.75469712100005,10.971938507000056],[79.75508701200005,10.972099212000034],[79.75563367400008,10.97248551800003],[79.75627678100004,10.972817136000058],[79.75666233500004,10.972964842000055],[79.75714469100006,10.972541345000021],[79.75744601000008,10.972268437000023],[79.75775152700004,10.972158587000017],[79.75820420700006,10.971952695000025],[79.7585237850001,10.971888028000027],[79.75896899400004,10.972075447000057],[79.75923109200005,10.972259985000056],[79.75936783600007,10.972245836000072],[79.75950403600007,10.97198269200003],[79.75978951400003,10.970502263000071],[79.76006258500009,10.969297607000042],[79.76028312500006,10.968600212000066],[79.76050080400005,10.968151194000027],[79.76103463300007,10.96784990100002],[79.76167907600006,10.967602613000047],[79.76241681500007,10.966929641000032],[79.76272261600008,10.966588792000035],[79.76220840500008,10.965528594000029],[79.76173661700005,10.96635861100003],[79.76166840500008,10.96642667000002],[79.76157401700004,10.965929475000054],[79.76161983700007,10.965060733000033],[79.76167410500005,10.964798556000062],[79.76210724200008,10.963683551000031],[79.76259283800005,10.962772264000007],[79.76269977300007,10.962134921000034],[79.76400366000007,10.961269078000047],[79.76864153500003,10.963320103000052],[79.77096193500005,10.964754743000066],[79.77328482200005,10.965041164000063],[79.78295484200005,10.965356620000016],[79.78390994900008,10.961526102000054],[79.78517031400007,10.951875179000055],[79.79000412800008,10.952115462000043],[79.79487076200007,10.950212626000047],[79.80207556900007,10.948181624000009],[79.80677452100008,10.946145447000044],[79.80729095900004,10.946142156000054],[79.80528865500008,10.950139682000039],[79.81140395300008,10.950838451000031],[79.80910309800005,10.960149824000037],[79.81053837800005,10.962699285000042],[79.82191695200004,10.962864674000052],[79.82691374300003,10.964059952000063],[79.83198647200004,10.963817431000052],[79.83456333700008,10.964602420000066],[79.83634572400007,10.965125763000046],[79.84017614300005,10.965256937000033],[79.84978593500006,10.96498524900005],[79.85425816200006,10.964585623000046],[79.85417501900008,10.965994490000062],[79.85414001100008,10.96708485800002],[79.85429143700003,10.968847979000035],[79.85419306800003,10.970137488000022],[79.85396304700004,10.971554290000029],[79.85405617700009,10.972671340000042],[79.8542701520001,10.975026711000053],[79.8542005770001,10.975850185000073],[79.85400819800003,10.976669563000023],[79.85397184200009,10.977551996000052],[79.85393770100005,10.977995502000065],[79.85403382100003,10.978845086000028],[79.85412141700004,10.979731079000038],[79.85424899100009,10.981344979000022],[79.85436081400007,10.983316684000037],[79.85186471300005,10.983904094000017],[79.85183037300004,10.985171033000016],[79.85137162500007,10.985924032000062],[79.85089040900003,10.986731776000054],[79.85059271200004,10.987443365000042],[79.85058021200007,10.987737140000027],[79.85071115100004,10.988320298000088],[79.85079190000005,10.988690798000052],[79.85081592900008,10.988903063000063],[79.85058626200004,10.989776999000071],[79.85062132200005,10.990306442000072],[79.85120554200006,10.991524284000022],[79.85151467600008,10.99198872700002],[79.85168495400008,10.992308870000029],[79.8517778870001,10.992480020000066],[79.85180595500003,10.992651878000048],[79.85173582900006,10.993140957000026],[79.85145195800004,10.993988235000074],[79.85118366200004,10.994342239000042],[79.85111061700007,10.994356876000024],[79.85060728000008,10.994458330000038],[79.84851092800005,10.994491898000035],[79.84813528000006,10.994503089000034],[79.84773262600004,10.994568393000074],[79.84667521500006,10.995329224000034],[79.84624448700004,10.995223226000057],[79.84504350800006,10.994967307000024],[79.84337160800004,10.994776761000029],[79.84290544000004,10.994828725000046],[79.84275413200004,10.99497426400006],[79.84255187200006,10.995617604000069],[79.84233806300006,10.995831333000075],[79.83936279600005,10.995896987000043],[79.83957621700006,10.997248118000078],[79.83994410300005,10.998544263000037],[79.84005653400004,10.999878137000042],[79.84019704500008,11.002115741000065],[79.83943516700003,11.001717466000061],[79.83825828500005,11.001592257000027],[79.83767209200005,11.001604724000053],[79.83631877800008,11.001996205000063],[79.83468744400005,11.002411555000043],[79.83319621000004,11.002817214000055],[79.83186963200006,11.002878543000067],[79.83028252400004,11.002352991000068],[79.82933379600007,11.00219071000003],[79.82890673200006,11.001849191000067],[79.82872582900006,11.00148331700006],[79.82836066600004,11.000748145000033],[79.82817778400005,10.999925816000017],[79.82832751000007,10.99893487000002],[79.82823864100004,10.998577708000033],[79.82811855700004,10.998325183000079],[79.82785212500005,10.998190717000046],[79.82607254900006,10.99826363400007],[79.82571134000005,10.998369419000031],[79.82530918000003,10.998620160000021],[79.82480007900006,10.999160998000034],[79.82419440800004,10.999910585000062],[79.82374852400005,11.000410229000073],[79.82337408700003,11.000633847000069],[79.82291721100007,11.000817421000013],[79.82231729600005,11.000761601000013],[79.82195932100007,11.000441916000057],[79.82173514300005,10.999570607000065],[79.82161689500002,10.998910583000042],[79.82145855200008,10.998486027000068],[79.82128400300006,10.99829730500004],[79.82104496200003,10.998230696000057],[79.82060145200006,10.998214920000061],[79.81982441000008,10.998571770000064],[79.81924694800006,10.999189673000043],[79.81803556600005,11.001195255000026],[79.81783160700009,11.001503537000072],[79.81749723000007,11.00243713100002],[79.81663762000005,11.003558294000056],[79.81577411400006,11.003839045000056],[79.81516529900006,11.003769567000061],[79.81404778900009,11.002834509000005],[79.81451461800003,11.00194567300001],[79.81480037700004,11.001500934000026],[79.81459993600004,11.000932385000048],[79.81424303300008,11.00011074000002],[79.81393514000007,10.999791242000075],[79.8137507150001,10.999579874000057],[79.81309433200005,10.99920781100008],[79.81242088200008,10.999125526000048],[79.81112271000006,10.99940800200005],[79.80987872600008,10.999789667000071],[79.80891410800007,10.999916489000043],[79.80807174300008,10.99993894800002],[79.80696147700007,10.999487925000041],[79.80641449200004,10.999178784000046],[79.80588763800006,10.999036332000045],[79.80488677600003,10.998503226000025],[79.80419637500007,10.997692726000013],[79.80358307800005,10.996899715000046],[79.80315704600008,10.996065184000027],[79.80305402100004,10.995599870000026],[79.80317665100006,10.995255512000025],[79.80337992700004,10.99484775700005],[79.80481379100009,10.994112155000035],[79.80561667000006,10.993705203000044],[79.80603116200007,10.993323182000042],[79.80619431700006,10.993005867000011],[79.80609219900003,10.992699082000057],[79.80589323900006,10.992183960000034],[79.80562626700004,10.991941526000051],[79.80545001800004,10.992367682000067],[79.80527789900005,10.992748373000039],[79.80503161400003,10.992853625000063],[79.80456864000007,10.992774546000026],[79.80392519600008,10.992307095000054],[79.80375004000007,10.992158816000043],[79.80372679400006,10.991973532000026],[79.80396818400004,10.991673726000043],[79.80431424900009,10.991373848000023],[79.80451929600008,10.991214003000033],[79.80459617600006,10.991028576000078],[79.80447977700003,10.990617588000072],[79.80426408400007,10.990514776000051],[79.80394314000006,10.990520510000058],[79.80381386200007,10.990204877000062],[79.80368134200006,10.989445713000066],[79.80357483400007,10.989129308000024],[79.80360164300004,10.989088690000077],[79.80412201000007,10.988918530000037],[79.80405523700006,10.987381348000039],[79.80403967600006,10.987141664000033],[79.80398919600005,10.987023975000056],[79.80386545800008,10.98693438500003],[79.80378673300004,10.986948348000055],[79.80365075000003,10.98713005000008],[79.80350230200007,10.987669040000078],[79.80329945600005,10.988122318000032],[79.80289791900003,10.98847698100009],[79.80239392500005,10.98847483000003],[79.80200436000007,10.98828727200003],[79.80176087300002,10.988143559000044],[79.80132747100005,10.987489924000037],[79.80109622900005,10.987147425000035],[79.80079350700004,10.98693647300007],[79.80025717900008,10.986748893000032],[79.79981634700006,10.98663810400006],[79.79948666700004,10.986477320000063],[79.79915992000008,10.986203041000062],[79.79900334900003,10.985959494000042],[79.79891434100006,10.98561638000005],[79.79894039500005,10.985335747000025],[79.79907505800008,10.984878054000035],[79.79939410100008,10.98290450500001],[79.79881716300008,10.98291189400003],[79.79770790600008,10.982551334000048],[79.79646922700005,10.982892469000028],[79.79614871800005,10.982943719000046],[79.79565468600003,10.983032191000051],[79.79461075900008,10.983000864000092],[79.79420831800009,10.983053090000043],[79.79384733800003,10.98314530100002],[79.79305861600007,10.983737310000024],[79.79189104900007,10.984471270000034],[79.79153977600004,10.984740117000056],[79.79128721200004,10.98552816000006],[79.79118845700003,10.985872303000075],[79.79115189400005,10.985953799000061],[79.79076023000006,10.986186608000022],[79.79011734600005,10.986692061000038],[79.78993049400003,10.986923548000055],[79.78980259700005,10.987096370000067],[79.78965785300007,10.987255440000073],[79.7894197510001,10.987346738000037],[79.78857284300005,10.98730155900006],[79.78819831300007,10.987529570000044],[79.78847206700004,10.988202128000067],[79.7879979670001,10.988466815000033],[79.78695266000005,10.989163863000043],[79.78633257900005,10.989664600000022],[79.78602798800006,10.990072998000066],[79.78597011900007,10.990349205000028],[79.78598521100008,10.990616428000065],[79.78607364000004,10.990851067000035],[79.78634395400007,10.990881122000074],[79.78721716700004,10.990632753000044],[79.78757823600006,10.990608006000068],[79.78816070300007,10.990899213000025],[79.78896440100003,10.991302333000016],[79.78897667300004,10.991962410000024],[79.78877381600006,10.992556197000054],[79.78844903200007,10.993376301000069],[79.78810960400007,10.994115239000049],[79.78707776900006,10.995608434000085],[79.78687456300008,10.99608024800006],[79.78688531000006,10.996477815000041],[79.78691029400005,10.996767120000081],[79.78673776700003,10.997098325000023],[79.78646839900006,10.997294248000065],[79.78599748400006,10.997428019000033],[79.78550342600005,10.997371440000048],[79.78502188100003,10.997315054000078],[79.78448076000006,10.997141386000063],[79.78404952500006,10.99692670600006],[79.78348132100007,10.996739123000062],[79.78377510100006,10.996082107000062],[79.78389258400006,10.995778155000032],[79.78397805500003,10.995483823000015],[79.78399025000004,10.995289529000045],[79.78402109400007,10.995067420000058],[79.78393883100006,10.994945853000049],[79.78380564000008,10.994878579000035],[79.78351270200004,10.994839736000062],[79.78292362600008,10.995177383000044],[79.78212014500008,10.995760137000044],[79.78125744200007,10.996203128000039],[79.78024258200008,10.996412162000064],[79.77934634500008,10.996674188000036],[79.77886679700003,10.996920782000066],[79.77876265100008,10.997029892000043],[79.77899336300004,10.997331961000038],[79.77938895600005,10.997854693000006],[79.77985392600004,10.998236857000052],[79.77997413800006,10.998475936000034],[79.77978684200008,10.99866188300007],[79.77900983100005,10.998724535000054],[79.77852855200007,10.998722655000048],[79.77810200500005,10.998570983000013],[79.77738073100005,10.99813591400004],[79.77671529100007,10.997696091000023],[79.77625665200003,10.997630477000031],[79.77555215000007,10.997570579000069],[79.77422065700006,10.99772685100003],[79.77243139600006,10.99804739500006],[79.77194649000006,10.998058926000043],[79.77152425200008,10.997780831000064],[79.77099049600008,10.997290203000034],[79.77065574600005,10.997233254000028],[79.77001529100005,10.99729518200006],[79.76919194700008,10.997480155000058],[79.76878123500006,10.99769013300005],[79.76834759400003,10.997981817000031],[79.76775220600007,10.997858387000065],[79.76748176300002,10.997764776000043],[79.76703641400007,10.997509352000053],[79.76672970600004,10.99740674100007],[79.76661051500008,10.997389134000061],[79.76648915200008,10.997932467000036],[79.76588108600005,10.998102808000048],[79.76489406000007,10.998347583000056],[79.76486486700009,10.998890114000051],[79.76478302700008,10.99902654600004],[79.76406350800006,10.998980408000017],[79.76319022000007,10.99915669400002],[79.76284410500006,11.00030244800007],[79.76279990800002,11.000786851000043],[79.7627378000001,11.001040510000053],[79.76246411100004,11.00129028500004],[79.76206620800008,11.00140994900004],[79.76170874800005,11.001208160000038],[79.76132100600006,11.000554524000053],[79.76103759800004,10.99992276300003],[79.76061745200008,10.999232645000045],[79.76025501500004,10.999057757000056],[79.75998965500008,10.999072698000075],[79.75986730600005,10.999322034000034],[79.75988954900004,11.000131812000049],[79.75976883700007,11.000562173000036],[79.75940558700005,11.00121525000003],[79.75917817900007,11.001487669000026],[79.75880483800006,11.001919118000037],[79.75813884700007,11.002293125000046],[79.75766837300006,11.002467284000033],[79.75725195200003,11.002464666000034],[79.75706834300006,11.002560708000019],[79.75698283300005,11.002783082000057],[79.75674409300007,11.00347577900003],[79.75626907400004,11.003790391000042],[79.75574788000004,11.003792864000042],[79.75525702900005,11.003677770000012],[79.75484809600006,11.003422313000037],[79.75445080300005,11.002727468000044],[79.75429551000006,11.002619907000053],[79.75403811500007,11.002634400000028],[79.75356808800007,11.002921538000061],[79.75296560000004,11.003096412000039],[79.75240193700007,11.003121812000066],[79.75165899600006,11.002904361000052],[79.75080782700007,11.002835843000069],[79.75001591000006,11.002903162000058],[79.74950790000007,11.00300531500005],[79.74862565000008,11.003240395000034],[79.74825926100004,11.003169402000028],[79.74773710400007,11.003090887000031],[79.74711418300006,11.002980985000017],[79.74671818800005,11.00263015100006],[79.74689833200006,11.002045595000025],[79.74738990800005,11.001482264000057],[79.74850748000006,10.997953611000062],[79.74820290000008,10.997579499000045],[79.74804657400006,10.996481500000073],[79.74810744400008,10.99637622500007]]]},"properties":{"FID":2825,"OBJECTID":2850,"ST_CODE":"34","ST_NAME":"PUDUCHERRY","DT_CODE":"04","DIST_NAME":"Karaikal","AC_NO":24,"AC_NAME":"Nedungadu (SC)","PC_NO":1,"PC_NAME":"PONDICHERRY","PC_ID":3401,"STATUS":" ","Shape_Leng":0.406240411556,"Shape_Area":0.00360708567432,"dtcode11":"637","dtname11":"Karaikal"}},{"type":"Feature","id":2826,"geometry":{"type":"Polygon","coordinates":[[[79.85425816200006,10.964585623000046],[79.84978593500006,10.96498524900005],[79.84017614300005,10.965256937000033],[79.83634572400007,10.965125763000046],[79.83456333700008,10.964602420000066],[79.83198647200004,10.963817431000052],[79.82691374300003,10.964059952000063],[79.82191695200004,10.962864674000052],[79.81053837800005,10.962699285000042],[79.80910309800005,10.960149824000037],[79.81140395300008,10.950838451000031],[79.80528865500008,10.950139682000039],[79.80729095900004,10.946142156000054],[79.80777998900004,10.945062238000052],[79.80822156100004,10.943817494000022],[79.80872149400005,10.942260630000021],[79.80916222700006,10.941068148000056],[79.80944736300006,10.939716487000048],[79.80951853200008,10.93851833300004],[79.81181075900008,10.937041296000075],[79.81463797900005,10.938068695000014],[79.81647989600003,10.936727980000056],[79.81679967200006,10.936498540000057],[79.81712313000008,10.936034255000042],[79.81850494100007,10.93378677600004],[79.81902439100008,10.933442941000058],[79.82103955000008,10.931127042000075],[79.82224616500008,10.929894021000052],[79.82305096900006,10.929045974000072],[79.82538828400006,10.92888610900008],[79.8272644560001,10.927959420000022],[79.83017275500004,10.925457571000027],[79.85259366900004,10.923378122000027],[79.85252464800003,10.923871586000072],[79.85268093700006,10.925019734000044],[79.85277648100003,10.925756192000055],[79.8528045400001,10.926665275000058],[79.85267374000006,10.927846196000068],[79.85285637100003,10.930310281000057],[79.85300671800006,10.932729507000017],[79.85320621400007,10.937346210000037],[79.85319614400004,10.939843445000053],[79.85337412700005,10.94305331400005],[79.85333283300008,10.945731652000067],[79.85335798200003,10.948526789000026],[79.85347385300008,10.949642961000057],[79.85350392700008,10.951086051000054],[79.85340251600009,10.952646872000054],[79.85345095400002,10.955554833000065],[79.85341398800006,10.958173790000046],[79.85359371600003,10.960018209000049],[79.85355851800006,10.96119453800003],[79.85358450000008,10.962460592000077],[79.85358676400006,10.962904059000039],[79.85427956500007,10.964230185000067],[79.85425816200006,10.964585623000046]]]},"properties":{"FID":2826,"OBJECTID":2851,"ST_CODE":"34","ST_NAME":"PUDUCHERRY","DT_CODE":"04","DIST_NAME":"Karaikal","AC_NO":26,"AC_NAME":"Karaikal North","PC_NO":1,"PC_NAME":"PONDICHERRY","PC_ID":3401,"STATUS":" ","Shape_Leng":0.165656603818,"Shape_Area":0.00157578373132,"dtcode11":"637","dtname11":"Karaikal"}},{"type":"Feature","id":2827,"geometry":{"type":"MultiPolygon","coordinates":[[[[79.7397067350001,10.92015123200001],[79.73971075700008,10.920744139000009],[79.73946858000005,10.921021266000016],[79.73944800000005,10.921378332000062],[79.73910449600004,10.921312192000066],[79.73926148500004,10.920678569000065],[79.73881239900005,10.92053152000005],[79.73882803600003,10.920128860000032],[79.7397067350001,10.92015123200001]]],[[[79.7222955060001,10.937355812000018],[79.72222710100004,10.93826961300004],[79.72162365800006,10.938308857000035],[79.72154387500007,10.937137550000035],[79.72025881800005,10.93719791900002],[79.72017983200004,10.936117668000051],[79.72155691800003,10.93599302100006],[79.72162485100006,10.935038759000054],[79.72200547100005,10.935131950000034],[79.72200160100004,10.936063634000051],[79.72260113300007,10.93612379600006],[79.72262004200007,10.937123284000052],[79.7222955060001,10.937355812000018]]],[[[79.73089621300005,10.970503730000079],[79.73033789500005,10.97048809400006],[79.72982027500007,10.969441756000032],[79.72684331100004,10.969152621000042],[79.72601592100006,10.96938278300006],[79.72575272100005,10.96885082700003],[79.72468207800006,10.968860151000065],[79.72483652700004,10.969642168000055],[79.72382018400003,10.969669777000037],[79.72341691700007,10.96859039800006],[79.72314414000004,10.969062088000042],[79.72240250100002,10.969056981000044],[79.72184907800005,10.968186527000055],[79.72136383100008,10.968224856000065],[79.72153392200003,10.969092555000026],[79.72085595000006,10.969159275000031],[79.72054172200006,10.96841010700007],[79.71922800700008,10.968466086000031],[79.71922428300007,10.967860148000055],[79.71947720900005,10.967003716000018],[79.72032073300005,10.96634389500002],[79.72063897400005,10.965944321000048],[79.72064921200007,10.964415755000052],[79.72047298100007,10.96295109700003],[79.72033641700006,10.962259867000066],[79.72043899000003,10.961553356000008],[79.72013092700007,10.96042887500005],[79.71992204400004,10.95804144400006],[79.71889211100006,10.957029066000072],[79.71921253400006,10.956217588000069],[79.71870431600007,10.955994201000069],[79.71931286200002,10.95502323100003],[79.71946563400007,10.954515932000046],[79.71972158600003,10.95451497000005],[79.71953138400006,10.956682419000055],[79.72078546700006,10.956649092000024],[79.72077376000004,10.956182995000054],[79.72033373300006,10.956171460000041],[79.72042262100008,10.955605811000051],[79.72119670100005,10.955570422000035],[79.72120494300003,10.953607452000032],[79.71958481600007,10.953628741000045],[79.71956831000006,10.95310862000002],[79.71977008000005,10.952248607000046],[79.72059096500004,10.951715472000032],[79.72071280300008,10.952194001000072],[79.72110644400004,10.95211993100002],[79.72122140700003,10.95135069900003],[79.72191201200008,10.952174962000074],[79.72225060000005,10.951363783000033],[79.72350542900007,10.95142092900006],[79.72363142300003,10.95185456100006],[79.72418822900006,10.95167968000005],[79.72437030100008,10.951466216000032],[79.72443276300004,10.951054703000063],[79.72491395000003,10.951052271000032],[79.72492975200004,10.951477398000053],[79.72539008000007,10.951289732000017],[79.72558438400006,10.951650268000028],[79.72631899200006,10.951244423000059],[79.72662468600005,10.951749484000057],[79.72711799000007,10.951701715000056],[79.72720739700004,10.95117204800005],[79.72840652200006,10.951157450000041],[79.72932890000006,10.95158241300004],[79.72960738600005,10.951454780000061],[79.72926518200006,10.950886201000062],[79.72961673700007,10.950672060000036],[79.73014201100005,10.951384055000068],[79.73101479200004,10.951153485000084],[79.73163080200004,10.951602779000044],[79.73235698300005,10.951224308000054],[79.73249965700006,10.952381496000053],[79.73230553900004,10.95480178300004],[79.73240501900005,10.955398535000024],[79.73342395400005,10.954995487000069],[79.73368437600004,10.955907839000089],[79.73312669000006,10.955996759000064],[79.73315354700003,10.956792435000066],[79.73452265700007,10.956890081000036],[79.73450288900005,10.957545638000038],[79.73651969100007,10.95719664300003],[79.73627814700006,10.95288331100005],[79.73727915000006,10.95246197000005],[79.73668924500004,10.950755352000028],[79.73659987100007,10.950235768000022],[79.73662000200005,10.949697130000049],[79.73686716600008,10.94897664000007],[79.73134970700005,10.947492902000015],[79.73133173900005,10.946710882000051],[79.73048104800006,10.945936959000038],[79.73061991600008,10.94432569900004],[79.72962122700005,10.944258648000076],[79.72912820000005,10.943663515000019],[79.72779843600006,10.943950846000067],[79.72707950800005,10.943886553000018],[79.72650194100004,10.943663221000053],[79.72589576500008,10.943380985000024],[79.72517613900004,10.943081198000076],[79.72464177800005,10.942441557000047],[79.72434086700008,10.94171516400008],[79.72398886000008,10.941888253000062],[79.72380729800007,10.941305948000023],[79.72437852500008,10.94108128800002],[79.72430429200006,10.940751905000079],[79.72457796600008,10.940569699000035],[79.72505615500008,10.941096605000038],[79.72509882400004,10.94050383400002],[79.72462873900008,10.939759573000062],[79.72511551700006,10.939273367000052],[79.72494592800007,10.938306307000051],[79.72596430100003,10.938767087000018],[79.72708610300003,10.937839182000065],[79.72696431100007,10.937287629000021],[79.72464270600005,10.937095468000056],[79.72421769700007,10.936238417000022],[79.72302675500005,10.936108119000032],[79.72302066800006,10.934950364000018],[79.72388133000004,10.934968611000045],[79.72387935400008,10.935506946000036],[79.72451124500003,10.93553558400004],[79.72472460100005,10.936190315000028],[79.72534784000004,10.93619183700002],[79.72520719600004,10.935541639000071],[79.72648799100006,10.935462614000064],[79.72657933400006,10.936276680000061],[79.72908372700005,10.936418335000042],[79.72922710400007,10.934042930000025],[79.72764899000003,10.934082396000052],[79.72741997900005,10.935082980000066],[79.72675641700005,10.93511341800007],[79.72624394300004,10.934179680000051],[79.72546093300008,10.934142455000025],[79.72526848600006,10.932207910000045],[79.72461234200006,10.931994003000067],[79.72477913700004,10.930486678000007],[79.72449283500005,10.92998140100008],[79.72476320200009,10.929025896000033],[79.72541766600004,10.929063320000063],[79.72698440100005,10.928463429000033],[79.72741916900004,10.928443390000043],[79.72778576400003,10.928558818000058],[79.72880732600004,10.928680754000018],[79.72913116300003,10.928489232000064],[79.72932131900006,10.928126430000079],[79.73000433800007,10.928435149000045],[79.72959811900006,10.927541352000055],[79.73012224200004,10.927272099000053],[79.73066852700002,10.928364247000045],[79.7312353170001,10.928198505000056],[79.73107052900008,10.927493440000026],[79.73139180800007,10.927528339000048],[79.73177186200007,10.927585528000053],[79.73221266800006,10.927822945000054],[79.73259777500004,10.928128596000029],[79.73282344500007,10.92830807800006],[79.73384272100003,10.928081530000052],[79.73442635700009,10.927509191000073],[79.73553755800003,10.927503816000062],[79.7353319250001,10.926581757000067],[79.73503176200008,10.926017846000022],[79.73502197000006,10.925850792000057],[79.73523584000003,10.92472804900006],[79.73809627900005,10.924781918000068],[79.73726321100008,10.925658814000021],[79.73807687000004,10.926256723000037],[79.73909788100008,10.926342048000036],[79.73912395100008,10.925156751000028],[79.73839486400003,10.924043204000029],[79.73836901600004,10.923324068000051],[79.73908666400006,10.923320848000055],[79.73908886300006,10.923745712000008],[79.73936860400005,10.923817022000035],[79.73928153100007,10.924627089000058],[79.73988586400003,10.924809194000035],[79.74130584600005,10.924906451000025],[79.74191839300005,10.924862776000047],[79.74256252500004,10.924624603000035],[79.74288204200008,10.92434700700004],[79.74303744300005,10.92282828800006],[79.74341838800007,10.919110923000048],[79.74202993700004,10.918896182000022],[79.74165536500004,10.918011383000009],[79.74237679700008,10.917632836000053],[79.74304001800004,10.91754781600002],[79.74353108400004,10.91875307000004],[79.74438705500006,10.918844171000046],[79.74458682800007,10.919358694000035],[79.74527291300006,10.919336961000045],[79.74507358300008,10.918935395000066],[79.74483921800004,10.918660834000038],[79.74468464000006,10.918023966000028],[79.74481587300005,10.916802160000012],[79.74477634200007,10.916083390000038],[79.74325626400008,10.91606325300006],[79.7430434650001,10.91473935700003],[79.74492800200005,10.914583201000026],[79.74588905900002,10.914503445000033],[79.74739322600004,10.914170414000075],[79.74849532300003,10.914088374000066],[79.74864287100009,10.914105878000038],[79.74945803900005,10.914327792000053],[79.74995256100004,10.914406967000044],[79.75187913200006,10.914252508000054],[79.75368620900008,10.914103444000038],[79.75409272500008,10.915761348000048],[79.75418623800005,10.916167971000041],[79.75431868700008,10.916275701000064],[79.75529399600003,10.916370303000063],[79.75630649300007,10.916415472000033],[79.75682816500004,10.916362998000057],[79.75727140700008,10.916378967000082],[79.75819248300009,10.916663750000053],[79.75888841400007,10.916665146000069],[79.75967798900007,10.916217908000016],[79.76021920800008,10.915586384000042],[79.76052507000009,10.915376536000045],[79.76111405100005,10.915098088000033],[79.76187614300005,10.914732449000041],[79.76234593700008,10.914440324000047],[79.76293715100007,10.913668537000039],[79.76296461700008,10.91358692800002],[79.76298184100007,10.91350572000005],[79.76298264500006,10.913455721000036],[79.76288529900006,10.91335698100004],[79.76281603200005,10.913280034000016],[79.76271113400009,10.913226690000045],[79.76236756700006,10.913165102000061],[79.76158312700005,10.912870134000059],[79.76148064800003,10.91280783700005],[79.76173017400005,10.912565075000021],[79.76381326500005,10.910946312000005],[79.76397387100006,10.912274956000036],[79.76486094300003,10.911347665000045],[79.76462350700007,10.910412846000035],[79.76718907500003,10.909690562000034],[79.76828847400003,10.909915695000054],[79.76914304400003,10.90909801200007],[79.77415448400005,10.907877823000021],[79.77560645200003,10.90909512000007],[79.77593462500005,10.908269179000062],[79.77543843600007,10.906444226000081],[79.77688243100005,10.905454215000074],[79.77916421800006,10.905333032000046],[79.77917256700005,10.906092856000035],[79.77804762400007,10.906329296000022],[79.77822914300002,10.906925498000005],[79.77698563900003,10.90718031100006],[79.77733849400005,10.909010332000037],[79.77927962800004,10.909005202000047],[79.77982750200005,10.908876073000032],[79.78003322400006,10.90873936400004],[79.78021902200003,10.908425904000064],[79.78044853900009,10.907723723000064],[79.78089382500006,10.907038953000033],[79.78152190100008,10.90644300100007],[79.78173706200005,10.906355885000037],[79.78204375000007,10.90630503100003],[79.78338101700007,10.906587691000032],[79.78506261500007,10.907026845000077],[79.78581047000004,10.90733515700002],[79.78642156500007,10.907734616000013],[79.78703644600006,10.908039170000052],[79.78798487800003,10.90839160500008],[79.78888260900005,10.908499942000047],[79.78924416500007,10.908502743000042],[79.78968718900008,10.908387683000065],[79.79035910700003,10.90810816100003],[79.79095136200003,10.907689173000056],[79.79176809200004,10.907097224000035],[79.79233110600006,10.90637041600007],[79.79268072800005,10.905762798000069],[79.79337973500003,10.904705452000037],[79.79532366800004,10.90279587600003],[79.79524516900005,10.902726672000034],[79.79627912000007,10.901985235000035],[79.80172531300008,10.904596787000065],[79.80281677000005,10.909721900000019],[79.80658245300003,10.91083294700007],[79.80639636000006,10.91261247400008],[79.80367620200008,10.912115413000038],[79.8037375740001,10.919471369000055],[79.80608814100003,10.91990543100007],[79.80605414100006,10.922063295000044],[79.80694595200004,10.923781383000064],[79.80747385300005,10.92680039700003],[79.80643294400004,10.927181671000023],[79.80561900900005,10.92773726700005],[79.80486036100007,10.92846454300006],[79.80461815400008,10.929255971000025],[79.80697312400008,10.929348996000048],[79.80738438400004,10.930532054000016],[79.80816073100004,10.932220313000071],[79.81009320800007,10.932641151000045],[79.81009866000005,10.934753083000018],[79.80848215900004,10.93441521500006],[79.80820959800009,10.934534654000052],[79.80691911900004,10.936027041000044],[79.80694956100007,10.937488063000043],[79.80917359400007,10.93694850800005],[79.81181075900008,10.937041296000075],[79.80951853200008,10.93851833300004],[79.80944736300006,10.939716487000048],[79.80916222700006,10.941068148000056],[79.80872149400005,10.942260630000021],[79.80822156100004,10.943817494000022],[79.80777998900004,10.945062238000052],[79.80729095900004,10.946142156000054],[79.80677452100008,10.946145447000044],[79.80207556900007,10.948181624000009],[79.79487076200007,10.950212626000047],[79.79000412800008,10.952115462000043],[79.78517031400007,10.951875179000055],[79.78390994900008,10.961526102000054],[79.78295484200005,10.965356620000016],[79.77328482200005,10.965041164000063],[79.77096193500005,10.964754743000066],[79.76864153500003,10.963320103000052],[79.76400366000007,10.961269078000047],[79.76269977300007,10.962134921000034],[79.76277025800005,10.961712825000053],[79.76278646200007,10.961341582000047],[79.76301856300006,10.961055785000058],[79.76328293000006,10.96081489400006],[79.76380329400007,10.960499899000071],[79.76396234600008,10.96030006800005],[79.76396099200007,10.96010109200006],[79.76388244900005,10.959821098000088],[79.7637078640001,10.959713261000047],[79.76353781900008,10.959606057000018],[79.76309410500005,10.959752523000073],[79.76266566800007,10.960080760000032],[79.76238305200008,10.96025392000006],[79.76184774300003,10.960224718000042],[79.76157137700005,10.960009058000026],[79.76116782200005,10.95978015800006],[79.76079240500007,10.95978212700004],[79.76044506700003,10.959806456000019],[79.75995123300004,10.960098249000051],[79.75958742200004,10.960439296000063],[79.75924084200007,10.96069912000006],[79.75878780300008,10.960647033000042],[79.75842914800006,10.960314296000027],[79.75812043700006,10.959917712000047],[79.75757082200005,10.959929296000043],[79.75711719800006,10.959913726000032],[79.75681000100008,10.959847068000041],[79.75650505800007,10.959287555000047],[79.75633399700007,10.958890887000042],[79.75613173400006,10.958665706000044],[79.75568224900007,10.95846416900002],[79.75539785100005,10.958465310000056],[79.75464906700006,10.958695180000067],[79.75396746900003,10.95892048500002],[79.75345513800005,10.958877563000026],[79.75314767800006,10.958756940000045],[79.75266907200006,10.95831607800005],[79.75239393400005,10.958095924000082],[79.75176085500003,10.957922952000047],[79.75109334200005,10.957980422000048],[79.7504529270001,10.958191186000011],[79.74963514900008,10.958466587000038],[79.74930102300004,10.958518074000029],[79.74903506000004,10.95829356200004],[79.74864389200008,10.957933312000023],[79.74824938800003,10.957709016000027],[79.74735662100005,10.95762746400004],[79.74663672000008,10.957337322000052],[79.74634162300003,10.95694542700005],[79.74629712300003,10.956321451000058],[79.74504398600004,10.956648387000016],[79.74520331900004,10.96275387900005],[79.74601391700008,10.962853817000049],[79.74580621600006,10.964370255000063],[79.74615807400006,10.965051381000022],[79.74463058400005,10.96615802100006],[79.74398343000007,10.965939262000065],[79.74336597000007,10.966064373000048],[79.74296562400008,10.966550374000064],[79.74233034700006,10.965879921000058],[79.74159302600003,10.966521320000009],[79.74026801200006,10.965382992000057],[79.74015469100006,10.964515105000029],[79.73912044400004,10.96459705500006],[79.73918050100008,10.965592241000023],[79.73880503700008,10.965666092000042],[79.73882597200003,10.966968657000056],[79.73843900300005,10.967400342000074],[79.73752069500006,10.967766825000071],[79.73685661400003,10.967819790000007],[79.73597737300007,10.96760236600004],[79.73486340200004,10.967408745000073],[79.73423929700006,10.967941189000028],[79.73484977800007,10.968385912000015],[79.73493319600004,10.969411836000061],[79.73294027700007,10.96919129800006],[79.73223970400007,10.969877644000075],[79.7322002480001,10.969366682000047],[79.73158692000004,10.969306336000038],[79.73132443000003,10.969986162000064],[79.73086190600003,10.969956316000024],[79.73089621300005,10.970503730000079]]]]},"properties":{"FID":2827,"OBJECTID":2852,"ST_CODE":"34","ST_NAME":"PUDUCHERRY","DT_CODE":"04","DIST_NAME":"Karaikal","AC_NO":25,"AC_NAME":"Thirunallar","PC_NO":1,"PC_NAME":"PONDICHERRY","PC_ID":3401,"STATUS":" ","Shape_Leng":0.47093738361,"Shape_Area":0.00379945682587,"dtcode11":"637","dtname11":"Karaikal"}},{"type":"Feature","id":2828,"geometry":{"type":"Polygon","coordinates":[[[79.85259366900004,10.923378122000027],[79.83017275500004,10.925457571000027],[79.8272644560001,10.927959420000022],[79.82538828400006,10.92888610900008],[79.82305096900006,10.929045974000072],[79.82224616500008,10.929894021000052],[79.82103955000008,10.931127042000075],[79.81902439100008,10.933442941000058],[79.81850494100007,10.93378677600004],[79.81712313000008,10.936034255000042],[79.81679967200006,10.936498540000057],[79.81647989600003,10.936727980000056],[79.81463797900005,10.938068695000014],[79.81181075900008,10.937041296000075],[79.80917359400007,10.93694850800005],[79.80694956100007,10.937488063000043],[79.80691911900004,10.936027041000044],[79.80820959800009,10.934534654000052],[79.80848215900004,10.93441521500006],[79.81009866000005,10.934753083000018],[79.81009320800007,10.932641151000045],[79.80816073100004,10.932220313000071],[79.80738438400004,10.930532054000016],[79.80697312400008,10.929348996000048],[79.80461815400008,10.929255971000025],[79.80486036100007,10.92846454300006],[79.80561900900005,10.92773726700005],[79.80643294400004,10.927181671000023],[79.80747385300005,10.92680039700003],[79.80694595200004,10.923781383000064],[79.80605414100006,10.922063295000044],[79.80608814100003,10.91990543100007],[79.8037375740001,10.919471369000055],[79.80367620200008,10.912115413000038],[79.80639636000006,10.91261247400008],[79.80658245300003,10.91083294700007],[79.80683899300004,10.90804589300005],[79.80541749900003,10.906970993000073],[79.80568929400005,10.903289115000053],[79.80362287200006,10.902520064000036],[79.80226818700004,10.90060334700007],[79.80252895100006,10.897552948000046],[79.80429744500005,10.896948659000016],[79.80573326200006,10.900498868000057],[79.80795467500008,10.90153323200008],[79.80989685900006,10.900659019000042],[79.81067500900008,10.900343398000075],[79.81380992200008,10.899830213000028],[79.82151543600008,10.903692700000025],[79.82541480200008,10.902722320000056],[79.83034956400006,10.902142392000023],[79.83087308300009,10.904958717000058],[79.83432981600002,10.908100640000043],[79.83634285300008,10.906539918000012],[79.83747385200007,10.906931878000018],[79.84020445000004,10.908002707000039],[79.84247407600003,10.908224211000054],[79.84453035900003,10.910034332000066],[79.84532537200005,10.913697662000075],[79.84634906800004,10.91493025300002],[79.84785762000007,10.91532728800007],[79.85317800600006,10.915203581000062],[79.85319382600005,10.91572640500003],[79.85322273500003,10.916875407000079],[79.85302477700003,10.919020099000019],[79.85292074200004,10.921047094000071],[79.85259366900004,10.923378122000027]]]},"properties":{"FID":2828,"OBJECTID":2853,"ST_CODE":"34","ST_NAME":"PUDUCHERRY","DT_CODE":"04","DIST_NAME":"Karaikal","AC_NO":27,"AC_NAME":"Karaikal South","PC_NO":1,"PC_NAME":"PONDICHERRY","PC_ID":3401,"STATUS":" ","Shape_Leng":0.179023403592,"Shape_Area":0.00109936221411,"dtcode11":"637","dtname11":"Karaikal"}},{"type":"Feature","id":2829,"geometry":{"type":"MultiPolygon","coordinates":[[[[79.80952708200005,10.87805057200006],[79.80994632500006,10.878428396000064],[79.81018592200007,10.879602963000014],[79.80967754500006,10.880482865000046],[79.80909704900006,10.880671147000038],[79.80735378800004,10.880698262000072],[79.80673521100005,10.880416806000024],[79.80596658300004,10.879701537000066],[79.80587224200008,10.879123069000062],[79.80686714100005,10.877670293000058],[79.80729178800004,10.877559966000016],[79.80952708200005,10.87805057200006]]],[[[79.76269029200006,10.90907436800006],[79.76364360400002,10.90954448400003],[79.76381326500005,10.910946312000005],[79.76173017400005,10.912565075000021],[79.76148064800003,10.91280783700005],[79.76089056200004,10.912448488000042],[79.75996941800008,10.911462453000068],[79.75940224400004,10.910669100000057],[79.75844035300008,10.909602067000025],[79.75808123000007,10.909165429000037],[79.75781795800003,10.908637585000072],[79.75748504500007,10.907915348000067],[79.75743368700006,10.906938505000037],[79.75748071400005,10.906277882000033],[79.75764302700009,10.905589855000065],[79.75813818700004,10.905062716000032],[79.75851578500004,10.904562945000052],[79.75905588300003,10.90357463000004],[79.75913733200008,10.903388798000034],[79.75941336200003,10.901922091000072],[79.75918841900005,10.900991426000068],[79.75862679200002,10.901057323000037],[79.75865554500008,10.901319618000052],[79.75830736000006,10.901334930000058],[79.75834670600005,10.901786751000024],[79.75780705700004,10.901970428000029],[79.75753028600008,10.898751481000023],[79.75729142100005,10.89783914700006],[79.75694633000006,10.896533509000045],[79.75748629000003,10.896399853000053],[79.75791753200008,10.89842830900005],[79.75893748100003,10.898355579000063],[79.75953268200004,10.898393035000023],[79.75974886400007,10.898595905000029],[79.75987913800004,10.898979477000067],[79.75986363100002,10.899590008000065],[79.76013372400008,10.89969314800003],[79.76023962300007,10.899683575000028],[79.76020654600008,10.900538255000066],[79.76063640500007,10.90046410000001],[79.76072926300003,10.899780613000075],[79.76114622600005,10.899801213000053],[79.76136134200004,10.899858535000016],[79.76149438800007,10.89985781600006],[79.76156603300007,10.89964486200005],[79.76128098300006,10.89941113100002],[79.76085501900008,10.89931397200007],[79.76088582500006,10.899024521000063],[79.76122007400005,10.899026964000031],[79.76166927500005,10.899305416000047],[79.76225930400007,10.90008953300003],[79.76243143800009,10.90048668500004],[79.76113207400005,10.900610678000016],[79.76086658500003,10.90071607500004],[79.76080841400005,10.901010155000053],[79.76128443400007,10.901813279000065],[79.76164527800006,10.901788607000075],[79.76182330200004,10.901607102000073],[79.76194357200005,10.90098641200006],[79.76223981000004,10.900736528000033],[79.76296642700002,10.900592295000017],[79.76331361700005,10.900355570000041],[79.76350361800009,10.899852850000054],[79.76348857000004,10.899798672000035],[79.76284736100006,10.89965206500005],[79.76271253200008,10.899268424000065],[79.76220544200004,10.899266640000063],[79.76230459400006,10.89804946000004],[79.76143467200006,10.898126257000055],[79.76080771500006,10.89808381500005],[79.76028437900004,10.897819929000034],[79.75995426100008,10.897631564000045],[79.75987506800004,10.89732409000004],[79.75987408200007,10.897102691000045],[79.75976672200007,10.896849840000081],[79.75951987500007,10.896715601000052],[79.75924616800006,10.896978754000033],[79.75900300000006,10.896898512000064],[79.75859334900007,10.89727190300004],[79.75836672100007,10.896870521000032],[79.75875763300007,10.896248485000044],[79.75881086800008,10.89604929100005],[79.75870461800008,10.895868941000058],[79.75855858600005,10.895828997000017],[79.75791788900005,10.895863866000067],[79.75778341800003,10.895529676000017],[79.75773421600007,10.894842844000038],[79.75719786700006,10.894682131000023],[79.75732637600004,10.895527539000046],[79.75577921500006,10.894662038000028],[79.75579864600007,10.89387964500003],[79.75609471300004,10.893710688000056],[79.75636322100007,10.893487918000057],[79.75666894800008,10.89314268200006],[79.75673925400008,10.892730809000065],[79.75633783500007,10.892099681000053],[79.75620825900005,10.89181501700005],[79.75778632800007,10.891535889000068],[79.75827754400007,10.892804469000055],[79.75992478300003,10.892678673000027],[79.76096769200007,10.892660232000033],[79.76196986900004,10.89270014000004],[79.76250519100006,10.892570889000064],[79.76302551000003,10.892243059000064],[79.76345460200008,10.89207336700002],[79.76382949300006,10.892021941000051],[79.76420521500006,10.892060427000038],[79.76441609800008,10.892168245000056],[79.76448135100003,10.89235300300004],[79.76443141000006,10.892489317000063],[79.76396090900005,10.892617906000048],[79.76415848700005,10.892775523000072],[79.76592525700005,10.892852686000024],[79.76715489900006,10.892746666000036],[79.76751645400003,10.892605121000035],[79.76786336000004,10.89252627500003],[79.76776871300007,10.893607529000068],[79.76716504400008,10.893673922000072],[79.76693654200005,10.893742823000022],[79.76684218500002,10.894096451000069],[79.76653638900007,10.89430573400006],[79.76520972500003,10.894434388000036],[79.7650688560001,10.896339768000077],[79.7723551110001,10.896606158000044],[79.77400622300007,10.896453288000032],[79.77503661300004,10.896579513000054],[79.77691765700008,10.896624050000069],[79.77692620900007,10.89822499600007],[79.77692779700004,10.898410443000042],[79.77662067900008,10.905468111000062],[79.77688243100005,10.905454215000074],[79.77543843600007,10.906444226000081],[79.77593462500005,10.908269179000062],[79.77560645200003,10.90909512000007],[79.77415448400005,10.907877823000021],[79.76914304400003,10.90909801200007],[79.76828847400003,10.909915695000054],[79.76718907500003,10.909690562000034],[79.76462350700007,10.910412846000035],[79.76501391600004,10.908972609000042],[79.76397200800005,10.90736324700002],[79.76378925000006,10.906635519000073],[79.76381768800007,10.905997641000042],[79.76440335800004,10.90592254700004],[79.76440174000004,10.905456703000029],[79.76595181100004,10.905372009000082],[79.76587815500005,10.904363926000032],[79.7662856950001,10.90348420000004],[79.76701161500004,10.903951280000063],[79.76731528500007,10.90337953100004],[79.76701119700004,10.903055606000068],[79.76711520400005,10.902738640000038],[79.76752269700005,10.902854035000079],[79.76780176300008,10.901830699000076],[79.76700356500004,10.901617031000056],[79.76592966000004,10.901011891000053],[79.76552679600007,10.901742217000049],[79.76462025000006,10.90183250800004],[79.76433998000005,10.901512887000031],[79.76389649700008,10.901514917000036],[79.76388973200005,10.902148629000072],[79.76526401900009,10.902245487000075],[79.76515595900008,10.903594033000031],[79.76417227000007,10.90353083700006],[79.76407605600006,10.902653889000023],[79.76353143100005,10.902652084000064],[79.76342943800006,10.901639631000029],[79.76209750700008,10.901596238000025],[79.76221296000006,10.903468608000017],[79.76279831400007,10.903483421000013],[79.76277775900007,10.903913513000072],[79.76499491200009,10.90420566400007],[79.76496946500004,10.904657595000055],[79.76359624600008,10.904705159000063],[79.76362144500007,10.905189352000033],[79.76319186100005,10.905245541000047],[79.76294402200004,10.90687061200004],[79.76238715200003,10.906285351000049],[79.76269029200006,10.90907436800006]],[[79.75807972200005,10.899865930000026],[79.75808420500005,10.900576233000042],[79.75855080100007,10.900550985000045],[79.75854715400006,10.899859237000035],[79.75807972200005,10.899865930000026]],[[79.76710268000004,10.901250544000053],[79.76752920500007,10.901384216000054],[79.76821177000005,10.901647202000037],[79.76900039700006,10.901819694000034],[79.76885864000006,10.901015650000039],[79.76921998400009,10.900959500000063],[79.76940117000005,10.901573678000045],[79.77034802000009,10.901451398000066],[79.77018901300005,10.900801046000026],[79.76946224400007,10.90081326800003],[79.76926561500005,10.90002747300002],[79.76787519800007,10.900228766000051],[79.76686384600004,10.90026123900003],[79.76684473200005,10.90003505900006],[79.76780984300007,10.899908026000043],[79.76773942100003,10.898768532000082],[79.76654994200005,10.898706624000052],[79.76648055200008,10.899417450000035],[79.76597734300002,10.89952811900002],[79.76607497100008,10.900671977000068],[79.76680182000007,10.90065471600007],[79.76710268000004,10.901250544000053]],[[79.77060646900001,10.900862083000042],[79.77067146100006,10.900992897000043],[79.77095018800003,10.901054572000016],[79.77119254300004,10.901044316000043],[79.77140696300006,10.900790323000011],[79.77146898400008,10.90039628300008],[79.77144902800006,10.900080187000071],[79.77134821200006,10.899985336000043],[79.77113713500006,10.89995955900003],[79.77103700400005,10.90017713000003],[79.77087416600004,10.90047631800007],[79.77074199400005,10.900635513000049],[79.77060646900001,10.900862083000042]],[[79.77080621800008,10.898825544000031],[79.77097331500005,10.899254632000067],[79.77157576200005,10.899052786000022],[79.77143660200005,10.898583118000033],[79.77080621800008,10.898825544000031]],[[79.77026333900005,10.902763224000072],[79.77050045900008,10.902441034000057],[79.77044884400004,10.902255924000034],[79.77022866900006,10.90223000300005],[79.76973607700005,10.902458289000029],[79.76968620900004,10.902590116000054],[79.76970513600008,10.902757295000066],[79.76998974200006,10.90287806300006],[79.77026333900005,10.902763224000072]],[[79.76919668200003,10.90347867900005],[79.76859193100006,10.903468084000034],[79.76858402000005,10.903748910000045],[79.76919821100006,10.90380909900005],[79.76919668200003,10.90347867900005]]],[[[79.85271279500006,10.910491668000084],[79.85279299200005,10.911780212000048],[79.85245048400003,10.911795278000053],[79.85249391500008,10.912297159000044],[79.85240966900004,10.913851829000057],[79.85304481000009,10.914401965000016],[79.85316583600007,10.914812865000027],[79.85317800600006,10.915203581000062],[79.84785762000007,10.91532728800007],[79.84634906800004,10.91493025300002],[79.84532537200005,10.913697662000075],[79.84453035900003,10.910034332000066],[79.84247407600003,10.908224211000054],[79.84020445000004,10.908002707000039],[79.83747385200007,10.906931878000018],[79.83634285300008,10.906539918000012],[79.83432981600002,10.908100640000043],[79.83087308300009,10.904958717000058],[79.83034956400006,10.902142392000023],[79.82541480200008,10.902722320000056],[79.82151543600008,10.903692700000025],[79.81380992200008,10.899830213000028],[79.81067500900008,10.900343398000075],[79.80989685900006,10.900659019000042],[79.80795467500008,10.90153323200008],[79.80573326200006,10.900498868000057],[79.80429744500005,10.896948659000016],[79.80252895100006,10.897552948000046],[79.80226818700004,10.90060334700007],[79.80362287200006,10.902520064000036],[79.80568929400005,10.903289115000053],[79.80541749900003,10.906970993000073],[79.80683899300004,10.90804589300005],[79.80658245300003,10.91083294700007],[79.80281677000005,10.909721900000019],[79.80172531300008,10.904596787000065],[79.79627912000007,10.901985235000035],[79.79524516900005,10.902726672000034],[79.79461601200005,10.902175267000068],[79.79365501600006,10.902976260000061],[79.79247507700006,10.904031205000026],[79.79182632800007,10.904500451000036],[79.79127993400003,10.904896549000052],[79.79123581000005,10.90459581100003],[79.79117619400004,10.904196500000063],[79.79115177600005,10.903083563000058],[79.79153289600004,10.90142176700004],[79.79191570400008,10.900298298000065],[79.79223912700007,10.899979662000018],[79.79382129200008,10.898940516000026],[79.79377874100005,10.89875555800006],[79.79352759300008,10.898675252000041],[79.79292739600002,10.898737315000064],[79.79236328800003,10.898459430000061],[79.79205826900005,10.897832695000025],[79.79186222300007,10.89714584300003],[79.79128969500006,10.896180643000037],[79.79118417400008,10.896023365000056],[79.79099703500005,10.896137335000052],[79.79044561200004,10.896637287000017],[79.79009940400005,10.896815653000022],[79.78944478900007,10.896796507000046],[79.78904002000009,10.896581205000057],[79.78868154400004,10.89617164700007],[79.78839115600005,10.895770451000033],[79.78813880900005,10.895694613000039],[79.78776330000005,10.89557022500002],[79.78458312200007,10.895640486000035],[79.78288917200008,10.895486025000022],[79.78247692600007,10.895384088000071],[79.78236162400003,10.89519912000002],[79.78218537600004,10.894842954000056],[79.78225963400006,10.89424964200003],[79.78232720000005,10.89300557400003],[79.78222604600006,10.89214657800006],[79.78210707200003,10.891192913000054],[79.78203075700003,10.890487700000037],[79.78211650000003,10.890315417000064],[79.78269009700006,10.889851252000009],[79.78309097100005,10.889523740000072],[79.78341407300007,10.889010726000027],[79.78357626900004,10.888535101000047],[79.78374101200008,10.88847080200002],[79.78412559900005,10.88852341900001],[79.78426351400005,10.888644680000013],[79.78445819200005,10.889200023000056],[79.78528872800005,10.88880726900003],[79.78548552100007,10.888729420000066],[79.78614221000004,10.889259354000043],[79.78637998900005,10.88924956400007],[79.7868590290001,10.889726167000044],[79.78698259000004,10.889820795000047],[79.78873562900003,10.889830037000028],[79.78898753800009,10.889932835000023],[79.78910794400007,10.890226314000083],[79.78953418500004,10.890305410000057],[79.78988282000006,10.89040296600006],[79.78996964500003,10.890520058000053],[79.79010289600006,10.891365494000063],[79.78988198600007,10.893822515000066],[79.78990280800008,10.894301558000056],[79.79005091100005,10.894712903000036],[79.79027246800007,10.894937720000026],[79.79061097300007,10.894886221000032],[79.79121220700007,10.894399405000039],[79.79229868700008,10.893927974000054],[79.79272790300007,10.893676724000034],[79.79315901700005,10.893018703000045],[79.79356315800004,10.89155116900003],[79.79367668600008,10.89127480100006],[79.79519803600003,10.890910101000035],[79.79563062500006,10.889654837000014],[79.79540559600008,10.889361993000012],[79.79466220200005,10.888130676000062],[79.79462036300004,10.887972706000031],[79.79456857900004,10.887796603000023],[79.79460917600004,10.887602264000076],[79.79601067000003,10.887911629000024],[79.79720070900002,10.887932844000032],[79.79768125100009,10.88795713000008],[79.79812512600006,10.887855552000074],[79.79856675400003,10.88753649600006],[79.79892643400007,10.887222916000045],[79.79970564000007,10.887413063000055],[79.79983880700007,10.887475801000038],[79.79987405800006,10.888986638000054],[79.80068489700005,10.88919019300004],[79.80085977000003,10.889347968000033],[79.80100169900004,10.890151944000024],[79.80191218100005,10.890237915000053],[79.80211660000003,10.890684945000025],[79.80365389300005,10.89067719000008],[79.80425067900008,10.891117344000053],[79.80492519900008,10.890593401000048],[79.80542069900008,10.889957695000017],[79.80574706600004,10.889232295000047],[79.80598689600004,10.887937519000031],[79.80703318700006,10.887556954000038],[79.80782321300006,10.887349425000039],[79.80874889100005,10.887408054000044],[79.81067969000003,10.88832997900004],[79.81126590500008,10.888503051000047],[79.81176427900006,10.888405639000025],[79.81275427600008,10.887771890000062],[79.81372209400007,10.887246797000056],[79.81444302800008,10.886876917000055],[79.81520703700006,10.886804919000022],[79.81664792700008,10.886851732000016],[79.81755903000004,10.88682467700004],[79.81862362700008,10.886506676000064],[79.82014804100004,10.885865893000071],[79.82175869900004,10.884943801000064],[79.82319284000005,10.884330264000027],[79.82395148900008,10.884236226000041],[79.82524861900005,10.884532467000021],[79.82622036100008,10.884843958000015],[79.82705739500005,10.884753909000034],[79.82761436400006,10.884542718000034],[79.82849837300006,10.883846012000044],[79.82873070900008,10.883528173000041],[79.82882294800005,10.882935140000027],[79.82847131600005,10.88215442600005],[79.82798392900008,10.881768309000037],[79.82736012800007,10.881527314000037],[79.82536487800007,10.881455855000068],[79.82503326900007,10.881068735000039],[79.82475593900006,10.880554905000054],[79.82458133600005,10.880451669000008],[79.82446381800008,10.880624046000028],[79.82369775900008,10.881120817000058],[79.82347616900006,10.880896064000078],[79.82330126500005,10.880593927000067],[79.82306206600003,10.880404862000042],[79.82274086000007,10.880298259000028],[79.82199051700007,10.881025617000018],[79.82093045700003,10.88142011700005],[79.82037222100006,10.880622742000064],[79.82020102400007,10.880302117000058],[79.81994406000008,10.88015884700008],[79.81922548700004,10.880018062000033],[79.81812983300004,10.880507509000035],[79.81763163200003,10.880595953000054],[79.81693666600006,10.880689808000056],[79.81636320000007,10.88050291300005],[79.81569885100004,10.880311813000034],[79.81413026100005,10.880437766000052],[79.81342569900005,10.880491003000019],[79.81271900100006,10.88024586400007],[79.81199624500005,10.88029937700001],[79.81121934400005,10.880398126000046],[79.81102059500004,10.879951213000023],[79.81092871600003,10.879142429000074],[79.81072137900009,10.877940269000012],[79.81102475400007,10.875636332000056],[79.81323082200002,10.875670215000065],[79.81323422800006,10.875380921000037],[79.81470711500003,10.875264750000046],[79.81584047600006,10.87497874100007],[79.81666999200007,10.87449479500003],[79.81683448300004,10.874372027000042],[79.82025739200003,10.874376689000023],[79.82197811600008,10.874404133000041],[79.82232529700008,10.874302692000061],[79.82248750000008,10.873089928000068],[79.82248007200008,10.872547086000054],[79.82264109500005,10.871773100000034],[79.82285848900004,10.871247181000054],[79.82323663500006,10.870109644000019],[79.82354851700006,10.86950202200005],[79.82456423000008,10.869320337000028],[79.82472230600007,10.869098022000069],[79.82482439200004,10.864891003000013],[79.82410446700004,10.864623259000044],[79.82312732900004,10.864302704000066],[79.82270136000005,10.864210236000075],[79.82122823900005,10.864204004000037],[79.81969478300005,10.863985592000057],[79.81940097200004,10.863874350000055],[79.81916158500006,10.863626859000007],[79.81884092300004,10.863488239000045],[79.81817282400003,10.86354149100003],[79.81788911300004,10.863511302000054],[79.81711705100008,10.862944966000038],[79.81579823700008,10.861870797000046],[79.81347144800004,10.860634519000024],[79.81161824800006,10.859716724000064],[79.81078608500007,10.861602839000069],[79.81053853100008,10.862382195000064],[79.80984250000006,10.863055217000065],[79.80949013800006,10.86399308100005],[79.80951356500003,10.864960884000014],[79.80957309600007,10.865729239000077],[79.80900118300008,10.865881685000026],[79.80850743700006,10.865906675000067],[79.80840072400008,10.865680868000029],[79.80841393700007,10.865563652000043],[79.80740655100004,10.865505451000043],[79.80727511700007,10.86136287800001],[79.80721896100005,10.860092333000061],[79.80722664600006,10.859893010000066],[79.80741742100008,10.859688642000037],[79.80745978500006,10.859091535000065],[79.80776900600006,10.85865584200007],[79.80809700900005,10.857532234000072],[79.80808900900007,10.856740537000064],[79.80804581800004,10.856379199000049],[79.80782436800008,10.856077477000046],[79.80785450900004,10.855679066000032],[79.80801714900008,10.855311909000017],[79.80820372400008,10.855085006000019],[79.80896431200006,10.85442480300002],[79.80936914200004,10.853979911000076],[79.80999941800007,10.853004223000031],[79.81040481800005,10.85266720200008],[79.81168834700001,10.852144802000058],[79.81217081600005,10.85160447100004],[79.81240150100007,10.851101284000036],[79.81288333700009,10.850600830000074],[79.81367669100007,10.850022576000066],[79.81511791300007,10.850096374000035],[79.81556179600005,10.850058240000076],[79.81651137200005,10.84966438400004],[79.81659349700004,10.849573510000026],[79.81706005300003,10.849611559000042],[79.81752809900007,10.849772098000079],[79.81935115300007,10.849197229000032],[79.81917175000007,10.847443418000076],[79.8195456380001,10.847083988000055],[79.82055552400004,10.84602982500008],[79.82099717600005,10.845624802000028],[79.82162441900005,10.845707427000034],[79.82217422500007,10.845799539000044],[79.82363364900004,10.846597093000058],[79.82387215900008,10.846826571000065],[79.82437657500002,10.846987079000035],[79.82518221600002,10.847000506000024],[79.82613934800008,10.84815833200003],[79.82695502400009,10.84833032300002],[79.82703282500006,10.849098900000039],[79.82800606200004,10.849736197000032],[79.82843266400005,10.846432147000034],[79.82883695100007,10.845068709000028],[79.82936697600007,10.842492091000052],[79.83018712300003,10.838362723000051],[79.82927574000009,10.838209521000051],[79.82939974300008,10.837326646000069],[79.82999404600008,10.83733289300006],[79.82968405600008,10.835710322000065],[79.83017421300008,10.832333824000044],[79.83061610600004,10.829427930000065],[79.83097996800005,10.82744492800004],[79.83510429600005,10.827798656000022],[79.83879184400006,10.827738942000044],[79.84128673400005,10.828006527000065],[79.85070499200003,10.827897307000056],[79.85075263700008,10.828197430000035],[79.85079010800007,10.828420442000043],[79.85089286800007,10.829052259000028],[79.85155330900005,10.828820677000062],[79.85171147300008,10.829249982000018],[79.85227771500008,10.830852733000018],[79.85269890700005,10.833387484000065],[79.85283734000006,10.836055624000045],[79.85238828700004,10.839454768000044],[79.85235705600007,10.84030086700005],[79.85231645400006,10.841386138000079],[79.85252125100004,10.84358347600004],[79.85287464000004,10.84565330300007],[79.85208078400007,10.846055360000024],[79.85088664100005,10.84580758300006],[79.85085262000008,10.846391874000057],[79.85078228900005,10.846972248000034],[79.85185768400002,10.846960943000063],[79.85207706600005,10.846959758000006],[79.85264900100003,10.847092533000014],[79.85307989500006,10.847895625000033],[79.85321697000005,10.849694817000058],[79.85328120400004,10.85216425500005],[79.85304745100008,10.85722639300007],[79.85267100700008,10.860335893000064],[79.85245219500007,10.86140451400007],[79.85258611500007,10.864072308000061],[79.85248626500002,10.865239932000065],[79.85236215800005,10.866801028000046],[79.85263794100007,10.868599632000036],[79.85256420100006,10.86940080000005],[79.85270251600008,10.871268138000056],[79.85291080400003,10.874274813000056],[79.85347153400005,10.877207052000069],[79.85317737200006,10.878737565000048],[79.85280780900008,10.880733843000034],[79.85280508200003,10.881869294000076],[79.85307999900003,10.885201283000072],[79.85293357900008,10.886070515000023],[79.85243020200005,10.88620002000005],[79.85171009500004,10.885859914000028],[79.85103462700005,10.884542852000035],[79.85091967600006,10.885582234000019],[79.85108562200008,10.885806109000042],[79.85183406900006,10.886741091000019],[79.85230555200008,10.887647736000066],[79.85230007700005,10.88837133100004],[79.85187614800003,10.890278085000032],[79.85167566800003,10.891260576000034],[79.85178375300006,10.89272980900006],[79.85171875700007,10.89510049700005],[79.85237629200003,10.897362982000047],[79.85259616800005,10.898293401000036],[79.85272812100004,10.899690549000077],[79.85264277600004,10.900948451000025],[79.85279756600005,10.903371973000052],[79.85275506100004,10.906497164000022],[79.85271279500006,10.910491668000084]]]]},"properties":{"FID":2829,"OBJECTID":2854,"ST_CODE":"34","ST_NAME":"PUDUCHERRY","DT_CODE":"04","DIST_NAME":"Karaikal","AC_NO":28,"AC_NAME":"Neravy T.R. Pattinam","PC_NO":1,"PC_NAME":"PONDICHERRY","PC_ID":3401,"STATUS":" ","Shape_Leng":0.645010282784,"Shape_Area":0.00324105867427,"dtcode11":"637","dtname11":"Karaikal"}}]}