{"type":"FeatureCollection","crs":{"type":"name","properties":{"name":"EPSG:4326"}},"features":[{"type":"Feature","id":2800,"geometry":{"type":"Polygon","coordinates":[[[79.975417026000088,11.985712834000044],[79.975921330000091,11.985885625000055],[79.977688562000054,11.986680090000011],[79.979549682000055,11.987569217000058],[79.98024152400005,11.987825074000011],[79.981988356000073,11.988475529000038],[79.983152828000044,11.98905848700004],[79.985216651000059,11.990456877000053],[79.986733845000089,11.991281427000068],[79.988048959000054,11.991861777000015],[79.988778778000068,11.992114095000044],[79.992268047000067,11.99235080200005],[79.993969161000081,11.99263549500002],[79.99663224400004,11.993029136000043],[79.998106080000042,11.993495942000052],[80.000240329000036,11.994455135000027],[80.002428373000072,11.995598192000049],[80.004676572000079,11.99711710000004],[80.005343275000058,11.997762613000031],[80.005774732000049,11.998206314000029],[80.006922060000051,11.99899713200001],[80.009626014000077,12.000630475000055],[80.011019322000067,12.001621905000054],[80.011591974000083,12.002082444000017],[80.013045464000044,12.003454312000045],[80.014956014000035,12.005541804000018],[80.016500334000085,12.007187751000014],[80.017093695000042,12.007869951000046],[80.018015975000054,12.009241763000048],[80.018336358000084,12.009830819000012],[80.019364600000046,12.012916757000049],[80.019899323000089,12.014385398000019],[80.020583563000088,12.015881152000045],[80.021225863000069,12.017698157000051],[80.021549951000083,12.018848381000019],[80.021692801000071,12.019585259],[80.021733961000081,12.020457219000047],[80.021568755000061,12.021336480000016],[80.021203949000068,12.02207216100005],[80.02054160600008,12.022887337000064],[80.01978472100005,12.023857009000054],[80.019508461000072,12.024419918000056],[80.019465593000021,12.024863467000063],[80.019270413000058,12.02561135900006],[80.018584319000041,12.02746208500005],[80.017968240000059,12.028815486000063],[80.016817499000055,12.031349535000025],[80.015051784000065,12.035769611000052],[80.014065792000082,12.037767281000022],[80.013441787000062,12.039328728000051],[80.012981591000042,12.03883478100007],[80.012362474000071,12.038356022000027],[80.011597477000038,12.037887850000011],[80.01101977600004,12.037358710000056],[80.010700617000083,12.036801604000029],[80.010486476000068,12.035993974000007],[80.009813426000065,12.03525701000002],[80.008934069000048,12.034025568000022],[80.008224856000055,12.032485179000059],[80.006499523000087,12.030062224000019],[80.00521760500007,12.028056678000048],[80.004819281000081,12.027077987000055],[80.002816918000036,12.023201769000046],[80.002589820000054,12.022949638000004],[80.002061359000066,12.022655823000054],[80.001767658000091,12.022319248000059],[80.001244053000079,12.021527106000008],[80.000717232000085,12.020890407000046],[79.999822230000035,12.019472683000021],[79.997661011000076,12.01773173200003],[79.996827805000038,12.017459075000055],[79.995934264000056,12.01725739300003],[79.995112152000075,12.017179001000059],[79.994296255000066,12.017235455000062],[79.993326371000052,12.017388210000046],[79.990221737000041,12.01819768500004],[79.9883151830001,12.018516785000052],[79.987080643000041,12.018599143000024],[79.985302802000064,12.018645945000021],[79.983917093000088,12.018466834000055],[79.982782579000087,12.01816037600004],[79.981835154000038,12.017698124000052],[79.981343335000048,12.017309307000009],[79.980892644000079,12.01672840300002],[79.979599795000041,12.014343264000058],[79.97910985900009,12.013700714000052],[79.978627313000075,12.013193012000048],[79.978333962000036,12.012992402000016],[79.977746616000076,12.012862049000056],[79.976131105000064,12.012793007000035],[79.974629615000055,12.012806030000039],[79.973564754000066,12.012905108000048],[79.97295679800007,12.013149645000013],[79.972334538000055,12.013358776000011],[79.971921883000078,12.01340295000001],[79.971418748000048,12.013271277000015],[79.968808296000049,12.01204503400005],[79.96737245000007,12.011649849000051],[79.966010585000078,12.011485387000004],[79.965134267000082,12.011564642000017],[79.96410902500007,12.011916163000038],[79.96208193300005,12.012453421000043],[79.961212488000086,12.012406922000043],[79.960626735000091,12.012484506000032],[79.959615564000075,12.012759397000039],[79.957935894000087,12.013266288000018],[79.956736110000037,12.013528908000026],[79.95619409400004,12.013530969000058],[79.955283027000036,12.013426216000042],[79.954621089000071,12.013355327000014],[79.953775104000059,12.013167024000065],[79.953507147000067,12.01321433200004],[79.952592835000033,12.013281004000042],[79.951419944000037,12.013335527000059],[79.95078809900005,12.01350915200004],[79.950334128000037,12.013666481000051],[79.949483073000053,12.013958181000042],[79.947124332000058,12.014796364000027],[79.946077798000076,12.015220942000052],[79.945568302000055,12.015509780000009],[79.943940922000039,12.016125004000003],[79.9429914740001,12.016462543000053],[79.942191511000075,12.01682612500003],[79.941523110000077,12.017139204000063],[79.94103379200007,12.017446283000048],[79.940684489000063,12.017788568000029],[79.940323641000049,12.018316023000011],[79.939964932000024,12.018708611000033],[79.9396236760001,12.018904588000016],[79.939423285000061,12.018938049000059],[79.938456864000088,12.019077862000014],[79.938044226000073,12.019148227000034],[79.937670746000066,12.01922881600002],[79.937299736000085,12.019367689000056],[79.936958155000042,12.019375080000046],[79.936592989000047,12.019463654000059],[79.936054953000081,12.019729647000023],[79.935640216000053,12.01996458900005],[79.93503834200007,12.02035868600003],[79.934603262000081,12.020488508000035],[79.933233309000087,12.021195799000012],[79.931774207000075,12.021795778000023],[79.930573573000089,12.022339349000067],[79.928925826000039,12.022922444000031],[79.927855430000051,12.023334361000046],[79.927152324000048,12.023497708000047],[79.926318905000059,12.023761823000051],[79.925912171000078,12.023828716000043],[79.925423486000085,12.023828298000023],[79.925703313000071,12.025241688000008],[79.925867514000075,12.026298657000062],[79.926132977000037,12.02762521200005],[79.926265814000061,12.028353066000037],[79.926265335000068,12.028791955000045],[79.926212700000036,12.02925263900007],[79.926142325000086,12.029746493999991],[79.925941436000045,12.030956027000023],[79.925964853000067,12.031502320000033],[79.926029474000046,12.03185425200002],[79.926263976000072,12.03236365800003],[79.926497111000089,12.032759915000071],[79.926964739000056,12.033656434000036],[79.927220217000041,12.033929219000022],[79.927884521000053,12.034674574000018],[79.928239998000066,12.035164369000043],[79.928539513000075,12.035523950000037],[79.929069258000055,12.035944904000029],[79.929404342000083,12.036290716000021],[79.929749573000066,12.037037690000044],[79.930434068000039,12.038501931000059],[79.930649565000039,12.038979363000024],[79.930852718000068,12.039163072000022],[79.931121018000084,12.039287248000004],[79.931635007000054,12.039492199000005],[79.932109797000038,12.039664063000039],[79.932511027000075,12.039828038000014],[79.932736692000077,12.039993422000027],[79.933050615000056,12.040443271000036],[79.933175787000067,12.040812257000045],[79.933245305000042,12.041241907000046],[79.933216310000063,12.041639705000051],[79.9330629580001,12.04215999200002],[79.932649293000082,12.043085290000022],[79.932347284000087,12.044100714000027],[79.933809154000045,12.044306495000008],[79.934226683000048,12.04427613400005],[79.93539216700006,12.043886865000061],[79.936400388000067,12.043806435000036],[79.937735441000058,12.044079810000039],[79.938747429000088,12.044817729000055],[79.939929643000056,12.045889124000048],[79.939867413000073,12.046265263000016],[79.939463442000061,12.04729001200004],[79.938266923000043,12.048973225000019],[79.936868833000091,12.050739044000018],[79.93608997700008,12.051789523000018],[79.935602424000052,12.051816569000042],[79.935129670000066,12.051472116000028],[79.93460797600008,12.05094714600002],[79.934232018000074,12.050308793000024],[79.933945059000081,12.04968173400006],[79.933746046000039,12.048435040000037],[79.933354224000055,12.047524683000027],[79.932590814000065,12.047164670000047],[79.931975012000038,12.047106175000017],[79.930990803000071,12.047376274000058],[79.930728267000035,12.047880728000013],[79.929932439000069,12.048728886000067],[79.929428730000069,12.049026823000027],[79.929171575000083,12.049199801000064],[79.928650931000078,12.048571942000045],[79.928302484000056,12.048050120000038],[79.928002714000087,12.04754994200006],[79.927982098000072,12.047274514000051],[79.928041120000074,12.047092691000074],[79.928237923000054,12.047014673000053],[79.928369604000039,12.047013332999999],[79.928590458000059,12.047134158000024],[79.929237864000044,12.047657813000015],[79.929766191000084,12.047907330000061],[79.930090107000041,12.047935415000062],[79.93036162000007,12.047838994000028],[79.930553543000059,12.047678684999998],[79.930538475000077,12.047172366000066],[79.930178531000038,12.046153371000003],[79.929698516000059,12.044976828000028],[79.929440188000072,12.044427445000018],[79.929038557000041,12.044023437000039],[79.9281869070001,12.043365219000016],[79.927680628000047,12.042800206000052],[79.927676422000076,12.042401315000014],[79.927778052000036,12.042161139000044],[79.927990039000036,12.041940228000058],[79.928050238000054,12.041754976000011],[79.928034690000089,12.041677278000023],[79.927972777000051,12.041537928000029],[79.927806422000089,12.041367875000056],[79.927576117000086,12.041265352000057],[79.927293735000063,12.041236057000059],[79.927050610000066,12.041274137000027],[79.92670920000009,12.041422089000037],[79.926270749000068,12.041715342000046],[79.926051558000069,12.041883684000044],[79.925818074000091,12.042016615000037],[79.925619017000059,12.042165497000063],[79.925498171000044,12.042261685000053],[79.925291919000045,12.042362572000012],[79.925085529000086,12.042377736000045],[79.924856658000024,12.042429508000026],[79.924509252000036,12.04253974600007],[79.924149984000081,12.042651143000015],[79.923733999000063,12.042904351999997],[79.923608425000083,12.04301311900004],[79.923301734000034,12.043364461000021],[79.923134998000052,12.043699597000021],[79.922998101000047,12.044148987000035],[79.922939109000055,12.04435252300005],[79.922831264000052,12.044421260000053],[79.922653435000058,12.044494670000024],[79.922569209000045,12.044495936000043],[79.922281832000039,12.044312336000022],[79.920843045000069,12.042931429000035],[79.92039413600007,12.042618904000008],[79.919869086000077,12.042165903000019],[79.919298553000061,12.041451225000021],[79.919183019000087,12.041153076000022],[79.919082245000055,12.040430865000033],[79.919129174000062,12.039335836000049],[79.919100996000083,12.038762109000029],[79.918950676000037,12.038215989000033],[79.91856401600009,12.037490763000005],[79.918140819000058,12.036915317000037],[79.917526708000054,12.036382433000046],[79.916351089000074,12.035573749000033],[79.915673955000074,12.034932367000032],[79.914698586000071,12.033963376000031],[79.914954425000062,12.033712709000049],[79.915251586000039,12.033335116000053],[79.915408900000074,12.033040013000033],[79.915507770000062,12.032536976000024],[79.91542750000005,12.032018191000034],[79.916515343000043,12.031312595000038],[79.916629788000051,12.03091354500004],[79.915927849000042,12.029554438000055],[79.915037000000055,12.027983011000014],[79.913788465000067,12.025967484000038],[79.913528221000064,12.025652399000048],[79.913353716000046,12.025558922000023],[79.913190079000088,12.025592296000028],[79.912455097000048,12.02587448200002],[79.912085113000074,12.025935572000058],[79.9117789000001,12.025811417000007],[79.911077416000055,12.025495797000044],[79.910634984000041,12.025495265000025],[79.910088579000075,12.02576689200005],[79.909470732000074,12.025856890000014],[79.908658113000087,12.025782568000022],[79.907497906000089,12.025674427000034],[79.905775740000067,12.025752189000006],[79.904767655000086,12.02584612000005],[79.903535750000088,12.026190645000064],[79.90191144700006,12.026692260000015],[79.901181096000045,12.026914951000034],[79.900258517000083,12.027089887000066],[79.899135918000042,12.027578243000018],[79.89876115400007,12.027622161000046],[79.898342086000042,12.027371258000045],[79.897366387000062,12.026886771000033],[79.897060419000042,12.02692945400003],[79.896314580000052,12.027962483000021],[79.896020692000064,12.028164017000009],[79.895143065000056,12.028261144000002],[79.894269889000071,12.028145673000047],[79.89414014400009,12.027816672000039],[79.893925321000069,12.02686030600001],[79.893826983000082,12.025214606000034],[79.893792847000071,12.024541464000048],[79.893865847000058,12.023284150000006],[79.894199207000057,12.021603629000047],[79.894280499000075,12.021204646000012],[79.894311138000063,12.021059456000071],[79.895902870000072,12.021047143000047],[79.897526682000063,12.021074774000002],[79.899020114000081,12.021166559000012],[79.900597781000073,12.021271935000026],[79.90167702600003,12.021195083000016],[79.902911829000089,12.021243739000017],[79.902392857000081,12.019968927000043],[79.901806385000057,12.018761638000022],[79.901612136000068,12.018120719000045],[79.901493733000066,12.017433983000057],[79.901351598000034,12.015078632000062],[79.901358870000053,12.012696809000051],[79.902786167000087,12.012222906000044],[79.906241132000076,12.010653655000024],[79.908738680000084,12.009724518000052],[79.911743772000051,12.008777493000036],[79.91340725700006,12.008470024000015],[79.914796051000081,12.00846807500001],[79.915641964000073,12.008664602000021],[79.919758146000078,12.009165026000012],[79.921785020000044,12.009166661000013],[79.924046676000074,12.009139351000055],[79.925889387000069,12.008934336000056],[79.928219515000052,12.00871599600006],[79.930785852000071,12.008621836000039],[79.933161607000073,12.008747358000015],[79.936278634000033,12.008885406000065],[79.940285532000047,12.009236847000029],[79.9407966590001,12.009214322000055],[79.942162064000087,12.008713849000017],[79.945303488000079,12.007879064000011],[79.946989036000076,12.007354029000002],[79.950345989000056,12.004387305000037],[79.950763889000058,12.003972891000064],[79.953250348000054,12.001740143000017],[79.956189235000039,11.999228880000047],[79.960165219000075,11.996476933000018],[79.962597408000036,11.994548153000046],[79.965127730000034,11.992501455000045],[79.968407503000066,11.989878539000021],[79.970545896000061,11.988218742000019],[79.97333488600006,11.98637717600003],[79.974675918000088,11.985719897000042],[79.975417026000088,11.985712834000044]]]},"properties":{"FID":2800,"OBJECTID":2825,"ST_CODE":"34","ST_NAME":"PUDUCHERRY","DT_CODE":"01","DIST_NAME":"Yanam","AC_NO":30,"AC_NAME":"Yanam","PC_NO":1,"PC_NAME":"PONDICHERRY","PC_ID":3401,"STATUS":" ","Shape_Leng":0.40897183294,"Shape_Area":0.00265057181286,"dtcode11":"545","dtname11":"East Godavari"}},{"type":"Feature","id":2801,"geometry":{"type":"MultiPolygon","coordinates":[[[[79.62788161800006,12.031789055000036],[79.62638953500004,12.031895199000056],[79.62528511900007,12.031587997000033],[79.62527057000005,12.030362311000026],[79.62587679600006,12.030373503000003],[79.62572586500005,12.028542997000029],[79.62647797200003,12.028335442000065],[79.62652322400004,12.02716492600007],[79.62728169900004,12.02718766400005],[79.62714198800006,12.023829545000071],[79.62754988700003,12.02377312200002],[79.62835604300005,12.024090023000033],[79.62924499400005,12.018691999000055],[79.62905913100006,12.018299637000036],[79.62771180000004,12.016921022000066],[79.62624218600007,12.01525490200003],[79.62514162400005,12.014663437000026],[79.62381418200005,12.014469883000071],[79.62275240600007,12.014425161000066],[79.62097444500006,12.014301948000021],[79.62095659100002,12.013605468000042],[79.62107560000004,12.011411717000035],[79.62126345500008,12.010416274000022],[79.62112986500006,12.010252703000043],[79.62054275500003,12.009533224000043],[79.61991061700006,12.007831362000037],[79.61982262600003,12.004810550000068],[79.61955868900003,12.004228468000065],[79.61905493700003,12.003729274000031],[79.61883580700004,12.001939539000027],[79.61888462400002,12.001432622000028],[79.61887811100007,12.001277938000042],[79.61963613000006,12.001252194000063],[79.61962757800006,12.000414864000046],[79.62161704700003,12.000424267000023],[79.62466698900005,12.000347455000066],[79.62624687600004,12.00038158200003],[79.62613748300004,11.999608022000068],[79.62561685100009,11.997349600000057],[79.62481609300004,11.994852992000048],[79.62458347400008,11.99337900900001],[79.62439318800006,11.991842554000067],[79.62395766400005,11.990238851000067],[79.62359135200006,11.989278273000023],[79.62049939800006,11.989346458000053],[79.61710683100006,11.989568650000013],[79.61721308000006,11.987786676000045],[79.61783799200003,11.987766624000072],[79.61780507200005,11.986680716000013],[79.61741883000008,11.986683308000075],[79.61740314300005,11.986262218000034],[79.61738719700007,11.985656094000024],[79.61793829400006,11.985663017000045],[79.61795257300008,11.984898319000013],[79.61971697900003,11.984854360000025],[79.61971667500008,11.983937112000028],[79.62075943800005,11.983940924000025],[79.6207556130001,11.983028133000065],[79.62077976900008,11.982421556000064],[79.62435013500004,11.981776903000025],[79.62418643000007,11.980027720000061],[79.62378641500004,11.97996579200003],[79.62372470500003,11.978551132000055],[79.62411940700008,11.978521588000032],[79.62411301100006,11.977088674000075],[79.62450745800002,11.977073791000066],[79.62449831300006,11.976001859000068],[79.62194267100006,11.973679329000047],[79.62000075100008,11.972056298000028],[79.61855366600008,11.970846501000038],[79.61854044600007,11.970481883000055],[79.61852220900005,11.96994231600006],[79.62242163300004,11.969869561000047],[79.62248235900006,11.969268132000028],[79.62358875700005,11.969095862000078],[79.62511635400006,11.96875007400007],[79.62668590800007,11.968295534000049],[79.62746999300003,11.968075016000062],[79.62738060600003,11.967740727000045],[79.62688571700005,11.965992906000043],[79.6267598570001,11.965513612000041],[79.62660469500008,11.96480481800006],[79.62661533300007,11.964049140000027],[79.62668705800007,11.963741220000026],[79.62682317900004,11.963419703000051],[79.62706933900006,11.96289469100002],[79.62709834200005,11.962337874000063],[79.62718000000007,11.961984995000021],[79.62740705700008,11.961504794000057],[79.62787332300007,11.96090559600003],[79.62806298600003,11.960266838000056],[79.62817139000002,11.959890714000041],[79.62836263600008,11.95969533600004],[79.62866134000006,11.959514149000036],[79.62869215200003,11.957108385000021],[79.62869471600004,11.956958389000006],[79.62871476100007,11.956389025000014],[79.62868124500004,11.95406005900002],[79.62858581700004,11.950393300000016],[79.62843353800008,11.947237789000045],[79.62837528500005,11.945619169000045],[79.62848811500004,11.94518447900003],[79.63010094300006,11.944058335000024],[79.63197595900004,11.943476861000018],[79.63566084000007,11.942436851000021],[79.63834220600006,11.941929542000016],[79.64021401400004,11.941532913000062],[79.64301393600005,11.941395218000016],[79.64575086100007,11.94125643300004],[79.64790087000004,11.94276053600002],[79.64786819700004,11.944552483000056],[79.64708085100006,11.944502304000022],[79.64606513400008,11.94434006700003],[79.64515393700003,11.94402725700008],[79.64465198300006,11.943699750000063],[79.64268776700003,11.942117435000057],[79.64259967700009,11.943795657000058],[79.64254225900004,11.94521945300005],[79.64243266500006,11.947286524000036],[79.64184712900004,11.947831882000058],[79.64189244300007,11.949749234000018],[79.64221953800006,11.953894720000049],[79.64440520600004,11.953713017000034],[79.64727889000005,11.95342866400005],[79.64743541900005,11.955480997000063],[79.64700112100007,11.955957808000043],[79.64689264200005,11.956206463000054],[79.64687234800006,11.956795002000026],[79.64737347200008,11.957850134000068],[79.64763718900008,11.958446732000024],[79.64745756200006,11.959174797000056],[79.6473274940001,11.959885629000027],[79.64738940700005,11.960423634000053],[79.64775484100007,11.961778884000061],[79.64758181900004,11.963063236000039],[79.64757678500007,11.964103294000038],[79.64773775700007,11.964948662000031],[79.64797582300008,11.965774993000023],[79.64814774600006,11.966380251000029],[79.64824199100008,11.966768755000032],[79.64832302100007,11.967328521000072],[79.64790175300004,11.967643116000032],[79.64701272600007,11.968175646000086],[79.64594621000003,11.968768426000054],[79.64492393100005,11.969184807000026],[79.64365349900004,11.969706525000053],[79.64250264300006,11.970068876000019],[79.64133353000005,11.970426405000076],[79.64136771100004,11.970842134000065],[79.64099202700004,11.971169874000038],[79.64087799200007,11.972350314000042],[79.64084828000006,11.972884577000057],[79.64049192900006,11.97322053500005],[79.64037001400004,11.97378599600006],[79.64031757400005,11.975319454000042],[79.64027146600006,11.976211087000026],[79.63902472300002,11.976750092000042],[79.63637099600004,11.977815269000086],[79.63696194600004,11.97944963700007],[79.63730376900008,11.980977229000077],[79.63734549300007,11.982026023000055],[79.63738012000005,11.982482391000076],[79.63737196900009,11.98282636100004],[79.63776183600004,11.984628921000022],[79.63839928500005,11.986294550000022],[79.63912955000006,11.988163672000042],[79.63973486200007,11.988015710000061],[79.63998518700004,11.988525289000044],[79.63999797100006,11.990198676000027],[79.63976287400004,11.990208336000018],[79.63973269200005,11.991443264000056],[79.63963633800006,11.991448443000014],[79.63998666500004,11.992681758000053],[79.63947362500005,11.992995971000028],[79.63813501100003,11.993738828000048],[79.63747638400008,11.994189406000022],[79.63721284900002,11.994724360000083],[79.63665979900009,11.995300789000042],[79.63610508300007,11.995705694000026],[79.63599179000005,11.996032146000044],[79.63618510600008,11.997129760000055],[79.63644698100006,11.998037832000017],[79.63701084200005,11.997903858000026],[79.63719269800005,11.998396532000069],[79.63842330800007,11.99834577600005],[79.64002092900006,11.998211931000062],[79.64121150600005,11.998223673000028],[79.64148747100006,11.998372643000035],[79.64192145900006,11.998731820000048],[79.64232797600005,11.999291376000022],[79.64276465400008,12.00036930900006],[79.64293729100007,12.000866341000059],[79.64317418400003,12.001426488000055],[79.64432330200003,12.005500500000036],[79.64602374900005,12.005660507000078],[79.64662842000007,12.009202058000026],[79.64685438500004,12.012299628000049],[79.64746964200003,12.012381962000063],[79.64709794100008,12.013415038000055],[79.64843496700006,12.016289458000063],[79.64757530600008,12.016288862000057],[79.64778955400003,12.016902819000036],[79.64845030100008,12.019508885000056],[79.65141253900003,12.021317790000058],[79.65136154100009,12.022298628000044],[79.65082560600007,12.023485896000068],[79.65041395100008,12.023900017000068],[79.64984029400006,12.024065490000053],[79.64825917700006,12.024763919000062],[79.64720911800003,12.025307453000025],[79.64653286900007,12.025911294000034],[79.64517797600007,12.026921464000031],[79.64400529700002,12.027596111000035],[79.64288009800003,12.027837103000023],[79.64118185400008,12.02807089400006],[79.64009682400007,12.02797175300003],[79.63919952800005,12.027686134000012],[79.63838449100007,12.027282259000053],[79.63754202700005,12.026739135000064],[79.63620933900006,12.02852705100002],[79.63593468100004,12.028836205000049],[79.63575989200008,12.028868296000043],[79.63520382500008,12.029680575000034],[79.63487191200005,12.029582559000046],[79.63477666900008,12.029655458000025],[79.63437236600005,12.02970180700003],[79.63390317300008,12.029654553000048],[79.63387529200008,12.029608956000049],[79.63357285000006,12.029664886000027],[79.63300004600006,12.02997925800004],[79.63250127900005,12.030388511000062],[79.63244142600007,12.030469894000015],[79.63146637900007,12.031045033000048],[79.63032305500008,12.031203257000065],[79.62996908400002,12.03132264500004],[79.62931625400006,12.031153851000068],[79.62788161800006,12.031789055000036]]],[[[79.69503087900004,12.035557767000052],[79.69401874200008,12.035412816000084],[79.69275971400005,12.035293214000024],[79.69173495500007,12.031498792000033],[79.69117942700007,12.028648543000019],[79.68934871000005,12.029063565000056],[79.68868426200004,12.027525001000068],[79.68754017000002,12.027597908000072],[79.68746721900004,12.026748188000049],[79.68655323600007,12.026770646000047],[79.68644693100003,12.025721794000034],[79.68571916700006,12.02523272000008],[79.68503610800008,12.02357650700003],[79.68417671000003,12.021704185000027],[79.67920592500008,12.021601054000028],[79.67647713800007,12.021572550000023],[79.67480844100004,12.017659395000067],[79.67467022500006,12.015579876000064],[79.67327555700007,12.013923372000024],[79.67236968200007,12.009984333000034],[79.67222552900006,12.009695395000039],[79.67008546700002,12.009636856000048],[79.66918536100007,12.009794823000039],[79.66779239900008,12.010429925000052],[79.66699492300006,12.01082311300007],[79.66545874400003,12.01145360200007],[79.66398479200008,12.011655201000059],[79.66223657800003,12.01194369700005],[79.66153056800005,12.01221310800001],[79.66136067800007,12.01229608300002],[79.66045608300004,12.008573641000057],[79.66016870500005,12.006992696000047],[79.65933875200005,12.007204778000077],[79.65854429400007,12.004567350000052],[79.65831595300007,12.003768166000036],[79.65899053700008,12.003593041000034],[79.65879237600006,12.002567568000071],[79.65955000700006,12.002428777000029],[79.65917709300004,12.001435426000063],[79.65904269800005,12.00118162000007],[79.65844688900006,11.999542634000028],[79.65808942800004,11.998721040000014],[79.65759486900004,11.997127724000048],[79.65726630100006,11.995546160000067],[79.65690725100006,11.993598551000039],[79.65673135500003,11.992274490000046],[79.65693933200004,11.991563718000055],[79.65730088800007,11.991327068000027],[79.65805356800007,11.991138568000045],[79.65857192100002,11.991117720000032],[79.65873771700007,11.99100422600003],[79.65893768300003,11.990699489000061],[79.65929519100008,11.990566567000018],[79.66001133900005,11.990437256000062],[79.66055673500007,11.990239711000068],[79.66072634200005,11.990036017000008],[79.66069187300006,11.989701496000066],[79.66070066400005,11.989519993000034],[79.6606949950001,11.989244611000055],[79.66085972200005,11.989194279000062],[79.66115449600005,11.989315307000018],[79.66152340700006,11.989593244000043],[79.66172564300008,11.989629270000023],[79.66212945300003,11.989536586000039],[79.66252889400005,11.98949911400007],[79.66285981300007,11.989583499000044],[79.66336344900003,11.990163743000029],[79.66373150100003,11.990357043000072],[79.66518805500004,11.990494781000047],[79.66656782600006,11.990768896000077],[79.66725772300003,11.99090538500007],[79.66754871300002,11.991251987000048],[79.66808826300009,11.991742545000013],[79.66868251800007,11.992183222000042],[79.66908826600007,11.99245271600005],[79.66984304300007,11.992752718000075],[79.67035339800003,11.992867087000032],[79.67068937600004,11.993128671000024],[79.67122950300006,11.993654205000045],[79.67157769100002,11.994349235000053],[79.67205781200003,11.994763222000067],[79.67266389600006,11.994841909000058],[79.67294874900004,11.994872494000033],[79.67384995300006,11.995053007000017],[79.67398317200008,11.994148058000068],[79.67423041400008,11.99293582700005],[79.67456682000005,11.992147012000038],[79.67503967000005,11.991217130000052],[79.67618493900005,11.98962010800005],[79.67676000500006,11.988812611000077],[79.67731010100003,11.987648188000035],[79.67763660500005,11.986764450000061],[79.67796514000008,11.986238392000072],[79.67824814900007,11.985898880000036],[79.67964137100006,11.984408553000032],[79.68083491100003,11.983344830000014],[79.68093663800003,11.98349766000006],[79.68118382900006,11.984134594000064],[79.68138341900004,11.985562764000061],[79.68191650400007,11.985618791000036],[79.68280473100003,11.986984792000047],[79.68312270300004,11.98805047400004],[79.68320762100005,11.988661093000083],[79.68329756300005,11.989108200000024],[79.68397885800005,11.989417088000033],[79.68431113500003,11.989695500000048],[79.68497138000004,11.990510620000064],[79.6854135440001,11.991621193000068],[79.68678368000008,11.99096416000003],[79.68834286100008,11.990377866000062],[79.68969127700007,11.989991233000064],[79.69133876800005,11.989743676000048],[79.69266719400008,11.98986891100001],[79.69351707600003,11.989896158000022],[79.69353718100005,11.990272184000048],[79.69390004900004,11.990297215000048],[79.69395848100004,11.99105633100004],[79.69458775500006,11.991049553000032],[79.69467021800006,11.99194896000006],[79.69734310900002,11.991926580000047],[79.6983856670001,11.991876795000055],[79.70008018200008,11.991696459000025],[79.70020574800003,11.992071925000056],[79.70143545800005,11.991862661000011],[79.70161377100004,11.99341234600006],[79.70218338400008,11.99341021600002],[79.70221817600003,11.994146392000044],[79.70343052300007,11.994086887000039],[79.70541893300003,11.993946179000037],[79.70558304600007,11.994555810000067],[79.70615656700004,11.994525520000026],[79.70684975000006,11.994327910000042],[79.70719257100005,11.994041190000068],[79.70894738700008,11.993124970000048],[79.71138538000008,11.992059455000067],[79.71340144600003,11.991072904000069],[79.71357667200004,11.991010268000016],[79.71447013500006,11.990688335000067],[79.71582855700007,11.990455056000023],[79.71642556800003,11.990388998000057],[79.71790472700008,11.990409223000018],[79.71806229000003,11.990793080000056],[79.71816762500005,11.991565344000039],[79.71772297200005,11.991634969000081],[79.71776692900006,11.992237021000053],[79.71960396600008,11.992169295000041],[79.71963448900004,11.992891855000028],[79.71801358100004,11.99291790100006],[79.71825548600003,11.994444889000013],[79.71837385400005,11.99519142100007],[79.71741305300004,11.995982791000063],[79.71749514200008,11.997749822000054],[79.71540326800005,11.998185779000043],[79.71544954600006,11.999203084000035],[79.71503287300004,11.999381464000066],[79.71511446400007,12.000203018000036],[79.71310356000004,12.001216787000041],[79.71286521300003,12.00142283500002],[79.71144538800007,12.001411407000035],[79.71143260400004,12.002325106000049],[79.71103189000007,12.002299513000034],[79.71109883200006,12.003660163000054],[79.70925115900008,12.004292886000034],[79.70902931700005,12.006899071000012],[79.70734463400004,12.007028910000034],[79.70736631200002,12.007797629000038],[79.70556354600006,12.008344155000026],[79.70555694200004,12.009782639000044],[79.70482250100008,12.009767470000055],[79.70478348700004,12.010324229000052],[79.70368482500004,12.010293055000039],[79.70369836200007,12.010998468000015],[79.70280772600005,12.011071046000033],[79.70299570900005,12.013977231000064],[79.70314607400007,12.015487091000066],[79.70315358000005,12.016210473000061],[79.70345789000004,12.016453438000047],[79.70355261600008,12.01793195200003],[79.70369953100003,12.019789308000037],[79.70410154200005,12.020085747000042],[79.70392729800005,12.021194375000047],[79.70409680200004,12.022103165000024],[79.70434585800007,12.024023118000061],[79.70471880900004,12.025106692000065],[79.70520122300007,12.027126319000041],[79.70527736000008,12.027582277000011],[79.70521267100008,12.028582111000041],[79.70476546000003,12.03198492500008],[79.70357106800003,12.031909336000062],[79.70327810100008,12.032986764000038],[79.70174385900005,12.033011772000071],[79.70169371200005,12.033201666000021],[79.70110107000005,12.03320004100003],[79.70072002500007,12.034057144000021],[79.69945150200006,12.03402659300001],[79.6989325420001,12.03400583300003],[79.69889509700005,12.033084455000047],[79.69722819900007,12.033228019000028],[79.69648989700005,12.035370257000066],[79.69502621000004,12.034735082000052],[79.69503087900004,12.035557767000052]]]]},"properties":{"FID":2801,"OBJECTID":2826,"ST_CODE":"34","ST_NAME":"PUDUCHERRY","DT_CODE":"02","DIST_NAME":"Pondicherry","AC_NO":1,"AC_NAME":"Mannadipet","PC_NO":1,"PC_NAME":"PONDICHERRY","PC_ID":3401,"STATUS":" ","Shape_Leng":0.531040106539,"Shape_Area":0.00323764461987,"dtcode11":"635","dtname11":"Puducherry"}},{"type":"Feature","id":2802,"geometry":{"type":"MultiPolygon","coordinates":[[[[79.76971573400004,11.943996032000026],[79.76890873500008,11.944026309000034],[79.76622710900006,11.944152522000026],[79.76510214300004,11.944221804000046],[79.76349952000005,11.944215924000046],[79.76262305800003,11.94350959500003],[79.75987826100004,11.943645981000037],[79.75974461400006,11.942628650000067],[79.75972723900007,11.94115065000005],[79.75975415700003,11.94005124200004],[79.76042006200004,11.940102282000055],[79.76044762500004,11.939175475000056],[79.76036592500002,11.938488357000033],[79.76035733100008,11.935969358000026],[79.76044562600003,11.934331743000024],[79.76063678500003,11.932069709000073],[79.76092746200005,11.930738715000079],[79.76211332400004,11.930864439000045],[79.76212939900006,11.928589538000036],[79.76119469900004,11.928517379000033],[79.76137042500005,11.928417484],[79.76185237400006,11.928223119000052],[79.76953829100007,11.928953458000016],[79.76896007400006,11.930860889000032],[79.76748088300008,11.931309302000034],[79.76674710800006,11.932274688000062],[79.76622100200008,11.932721054000073],[79.76530939600008,11.932706810000075],[79.76488926500006,11.933329668000047],[79.76528552800005,11.934188632000021],[79.76718664000005,11.93507223200004],[79.76933055500007,11.93510569300002],[79.77050467200007,11.935751178000036],[79.77119998300003,11.937963903000014],[79.77114696100006,11.938412028000078],[79.77087576200006,11.941102656000053],[79.76921720600006,11.942155192000028],[79.76971573400004,11.943996032000026]]],[[[79.75618096400007,12.004096956000062],[79.75457162700006,12.004675330000058],[79.75209822500005,12.005953187000044],[79.75056726500003,12.006643324000038],[79.74857191600006,12.00713320000005],[79.74755996000005,12.007833734000023],[79.74677852800006,12.00690186700006],[79.74662227400006,12.005867020000037],[79.74596463800003,12.005852144000086],[79.74570560600006,12.00458325400006],[79.74554818800004,12.00432578100003],[79.74535408600006,12.00406885800004],[79.74475579300008,12.002801395000056],[79.74311773400008,12.003311489000046],[79.74258021600008,12.00140976100005],[79.74260123900007,12.001174285000042],[79.74002042400008,12.001303897000072],[79.73982133000004,12.000861854000037],[79.73767600600007,12.00092271100002],[79.73747137800007,11.998431650000045],[79.73698370200003,11.998397985000052],[79.73691698900006,11.997850852000044],[79.73584584300005,11.997824873000061],[79.73572948800006,11.997440552000057],[79.73477007800007,11.997450182000012],[79.73447620500008,11.996637697000036],[79.73388203500008,11.994564716000056],[79.73338885000004,11.993256037000046],[79.73189721100003,11.993506552000035],[79.73164601900004,11.99288880600006],[79.72898531800008,11.993566400000075],[79.72824862500005,11.992294456000021],[79.72428297600004,11.992879020000043],[79.72333323800007,11.993069245000076],[79.72310494300007,11.992455233000037],[79.72055235500005,11.992688736000057],[79.72003896800004,11.991850169000037],[79.71980300700005,11.991494398000029],[79.71965764500004,11.990925707000027],[79.71956214600004,11.990251758000063],[79.71940053400006,11.989207827000016],[79.71868926000008,11.988348058000035],[79.71704922500004,11.986406172000038],[79.71584181700008,11.984848011000064],[79.71493292100007,11.984857185000054],[79.71452001300008,11.984948741000034],[79.71462740700008,11.986359595000064],[79.71236909100008,11.986474672000043],[79.71217361500004,11.985055637000073],[79.71185800700005,11.983555712000056],[79.71129379400008,11.980871722000062],[79.71089896600004,11.978965529000043],[79.71040202300009,11.976929100000062],[79.71016594500007,11.976722248000044],[79.70926567800007,11.97572631700006],[79.71079452500004,11.97564249200008],[79.71086821100005,11.974579805000078],[79.71221700000007,11.974365601000043],[79.71240132400006,11.97354160200006],[79.71287801600005,11.973471383000057],[79.71295922800005,11.973063158000052],[79.71393005600002,11.972489779000053],[79.71461513400004,11.972707182000025],[79.71460405900007,11.972197076000032],[79.71529040600007,11.971641707000074],[79.71597098800002,11.971018554000068],[79.71576821100007,11.969902956000045],[79.71498542500007,11.96761836200005],[79.71436613400004,11.967721280000031],[79.71415598400006,11.96698462900003],[79.71245418700005,11.967417699000052],[79.71196238200008,11.96750233900007],[79.71152664000003,11.967522443000064],[79.71131297200003,11.967138840000075],[79.71079001500006,11.967236515000012],[79.71013909200008,11.965715516000033],[79.70853260000007,11.965859004000023],[79.70604083800004,11.966322205000049],[79.70581986000008,11.967074514000041],[79.70493311200005,11.96713700000002],[79.70339435000007,11.96706378700002],[79.70311996700008,11.966196353000035],[79.70364881800003,11.965465916000028],[79.70284570700005,11.964768240000069],[79.70184033300006,11.96486828500002],[79.70146722000005,11.96366759800003],[79.70101191700007,11.962656246000039],[79.70010826600004,11.962841394000058],[79.70006371800008,11.962763965000013],[79.70121974900007,11.951151813000033],[79.70241816100007,11.949559051000048],[79.70388378700005,11.947948018000028],[79.70491630700008,11.94578404800007],[79.70796297500003,11.944094582000059],[79.70796578900007,11.944964356000076],[79.70791589900006,11.945973167000036],[79.70789113400006,11.946570642000033],[79.70835169000003,11.946708878000038],[79.70830963400005,11.947590350000025],[79.70915395200007,11.947522658000015],[79.70934479000005,11.948870371000055],[79.70962091900002,11.94984042400006],[79.71084880200004,11.949301689000027],[79.71291377600005,11.94816041100005],[79.71654461700008,11.946683141000053],[79.72084718800005,11.944898385000048],[79.72077975600006,11.944261089000062],[79.72044916500005,11.942418230000046],[79.72017013300007,11.940714954000043],[79.71979502600004,11.93914213400005],[79.71917031200007,11.936377533000032],[79.71874545900005,11.934905462000073],[79.71804620900008,11.932774774000052],[79.71782037600008,11.931740174000023],[79.71803993900005,11.931554174000038],[79.71788894800005,11.930844508000064],[79.71748098200004,11.928974549000031],[79.71829931100007,11.92825103300005],[79.72124298200004,11.926382659000067],[79.72228567600008,11.925596151000038],[79.72452258200008,11.923861976000056],[79.72551089900008,11.923106170000038],[79.72606329200005,11.92252954200005],[79.72654219000003,11.921754351000072],[79.72726163400006,11.920628805000042],[79.72857859200008,11.918687094000068],[79.72908492700003,11.917983402000061],[79.72954600900005,11.917385017000065],[79.73025859700005,11.916535711000046],[79.73113339500003,11.915152080000034],[79.73163004400004,11.914408757000038],[79.73228197000005,11.91355510300002],[79.73317368900007,11.91274585700005],[79.73379230600005,11.91245789100002],[79.73444151300005,11.911979789000045],[79.73463566500004,11.911803525000053],[79.73525075800006,11.912362568000043],[79.73565621600005,11.914187208000046],[79.73605181900008,11.916546346000079],[79.73749207800007,11.917147777000018],[79.73781927500005,11.919559992000064],[79.73909984500006,11.919700938000044],[79.74142003700007,11.91979738800006],[79.74355895600007,11.919771377000071],[79.74500729400006,11.920936844000039],[79.74491807400005,11.922620608000049],[79.74490047800003,11.923703176000059],[79.74405992600003,11.926578655000075],[79.74310838900004,11.928669582000058],[79.74412654700006,11.929948996000055],[79.74804426100008,11.929590011000066],[79.74911962400006,11.929464816000069],[79.74910372600006,11.930091728000036],[79.74892099800007,11.933728903000036],[79.74880046800006,11.936356398000047],[79.7487640720001,11.938246386000062],[79.74880576400005,11.940901294000064],[79.74862021300004,11.944217067000066],[79.74829278800007,11.945756211000052],[79.74798253400006,11.947154627000033],[79.74746260400008,11.949612384000032],[79.74732540100007,11.95065368700006],[79.74682840000008,11.953179518000066],[79.74662253700008,11.954215240000044],[79.74616060600005,11.956555517000014],[79.74598720000006,11.957638014000056],[79.74558854000009,11.959538224000028],[79.74538572000006,11.960385620000055],[79.74499256900003,11.962580373000039],[79.74481484700004,11.963715845000024],[79.74451776200004,11.964934048000028],[79.74274398500008,11.965643859000078],[79.74167053100007,11.965915713000069],[79.73996073500008,11.966494510000071],[79.73786139200008,11.967281473000062],[79.73667353900004,11.967681218000049],[79.73419706100003,11.968475699000063],[79.73330288100003,11.968783050000065],[79.7324690600001,11.96911278800006],[79.73039342200008,11.970266674000072],[79.72997268100005,11.970490139000045],[79.7290741180001,11.970783859000045],[79.72778527200005,11.971119884000077],[79.72603057200007,11.971214963000023],[79.72446913500005,11.971263456000031],[79.72438669100006,11.97216805500005],[79.72424231700006,11.972796399000057],[79.72392497600003,11.97363070200004],[79.72378577700006,11.974083138000024],[79.72359376700007,11.975309786000015],[79.72353407800006,11.976223784000057],[79.72351016900006,11.976842773000037],[79.72354564400007,11.977543936000066],[79.72360346100005,11.978140536000069],[79.72374853400004,11.97858735000006],[79.72413338200003,11.979436229000052],[79.72445999300004,11.979434657000075],[79.72543084700004,11.981794485000023],[79.72591816500004,11.983523867000025],[79.72643862300004,11.985679121000036],[79.72693486200006,11.985816753000048],[79.72808768100003,11.98588809600006],[79.72876375500003,11.985960886000042],[79.73036589700006,11.98588590900004],[79.73034118100007,11.985365412000018],[79.72983513000008,11.98533707200005],[79.72965065600005,11.985125425000032],[79.72957477700004,11.98465037300003],[79.73012810300008,11.984240592000042],[79.73022348100007,11.983874311000024],[79.73021480200003,11.98321417500005],[79.73076578200005,11.983157482000017],[79.73085921200004,11.982559890000072],[79.73186997900007,11.98248679600004],[79.73182464800003,11.981755006000064],[79.73194262100003,11.981478212000074],[79.73276343300006,11.981107641000053],[79.73346504700004,11.980878457000077],[79.73422876600006,11.980354668000073],[79.73512551900006,11.979473091000042],[79.73555469900003,11.979154970000026],[79.73599957500005,11.97899842600002],[79.73621539200008,11.978974766000013],[79.73756534100005,11.97890023200006],[79.73836896700004,11.97887909800004],[79.74017744500003,11.978512822000031],[79.74017100500004,11.978204726000055],[79.74106050100005,11.97790627300003],[79.74188577300005,11.977681260000049],[79.74279644200004,11.977771224000037],[79.74314530100008,11.978796605000076],[79.74338326700007,11.979383631000086],[79.74386879700008,11.980108818000078],[79.74619562000004,11.982539529000064],[79.74811313300006,11.984705419000024],[79.74861280300007,11.984562106000054],[79.74884281400007,11.984511573000074],[79.74991746700005,11.984456279000028],[79.75184951800009,11.98431630400006],[79.7519718550001,11.984899252000043],[79.75292364500005,11.984930005000018],[79.75321015300004,11.986131534000029],[79.75427997400004,11.986163004000042],[79.75516223200003,11.988012458000059],[79.75545723700003,11.988336374000028],[79.75590472000005,11.98851488500002],[79.75696940400006,11.988369123000032],[79.75806829100004,11.988730460000056],[79.75987533700005,11.989025035000049],[79.76036343600003,11.989243657000031],[79.76148444700004,11.991146470000038],[79.76200990800004,11.993169717000054],[79.76220621200007,11.994782786000028],[79.76229022200005,11.996039837000065],[79.76235374300005,11.998566988000047],[79.76223255000006,11.99996977500008],[79.76207416100004,12.001404707000063],[79.76237916900006,12.002674271000032],[79.76154983500004,12.00293095100006],[79.75976171100007,12.003582177000064],[79.75925745300003,12.003793164000063],[79.75838058900005,12.00386968600002],[79.75764558900003,12.00389088500003],[79.75689633200005,12.003872367000053],[79.75618096400007,12.004096956000062]]]]},"properties":{"FID":2802,"OBJECTID":2827,"ST_CODE":"34","ST_NAME":"PUDUCHERRY","DT_CODE":"02","DIST_NAME":"Pondicherry","AC_NO":3,"AC_NAME":"Ossudu (SC)","PC_NO":1,"PC_NAME":"PONDICHERRY","PC_ID":3401,"STATUS":" ","Shape_Leng":0.42298724829,"Shape_Area":0.00272012045147,"dtcode11":"635","dtname11":"Puducherry"}},{"type":"Feature","id":2803,"geometry":{"type":"MultiPolygon","coordinates":[[[[79.82164246900004,11.969558037000068],[79.82138332800007,11.970007601000075],[79.82085946200004,11.970824289000053],[79.82070504100005,11.971244990000061],[79.82014561600005,11.97308436800006],[79.81982952800007,11.97402155700006],[79.81957864800006,11.975329779000036],[79.81894833500007,11.976865750000048],[79.81844000100006,11.977930884000036],[79.81796788900004,11.97822264700006],[79.81697429900004,11.978738852000031],[79.81623223200005,11.979072744000058],[79.81575805900007,11.97898540300003],[79.81385818100006,11.978402440000018],[79.81254205500005,11.977934432000026],[79.81129214500004,11.976828882000058],[79.81074319600002,11.97632521500003],[79.80974923200006,11.975267574000052],[79.80874766400007,11.973314058000028],[79.80831597600007,11.972497430000033],[79.80726872300005,11.969812186000059],[79.80713363800004,11.969514543000063],[79.80641403000004,11.968067390000057],[79.80608899500004,11.966594707000066],[79.80582241800005,11.965700526000031],[79.80528451800006,11.963633454000028],[79.80655669000004,11.963537905000065],[79.80682852900003,11.96351951200006],[79.80805745300006,11.963115311000026],[79.80978105400004,11.962874357000034],[79.80974403100004,11.962316503000071],[79.80979822700004,11.960335251000059],[79.81090874400007,11.958792094000035],[79.81124815400005,11.958774727000051],[79.81351428500004,11.95856459800007],[79.81613992200005,11.95851560000005],[79.81638892100004,11.958564526000034],[79.81609500600007,11.959985952000077],[79.81566232300007,11.961560944000032],[79.81521031700004,11.962979969000058],[79.81546215500003,11.96423151000004],[79.81579186700003,11.966286342000048],[79.81629312000007,11.968945101000035],[79.81769171700006,11.96780785900006],[79.81867932900006,11.96686514600003],[79.81904831900005,11.96642516400004],[79.82071084000006,11.964311592000056],[79.82112634500005,11.96382719400003],[79.82019918300007,11.963769068000015],[79.82055855600004,11.962481729000048],[79.82068228900005,11.960367290000018],[79.82171005000004,11.959781672000066],[79.82252622800007,11.959682420000027],[79.82271839800006,11.958972389000044],[79.82273693100007,11.95779155800005],[79.82387716100004,11.957557350000059],[79.82471744100008,11.95760059300004],[79.82504614100002,11.957754500000021],[79.82837087500006,11.958715398000034],[79.82751413700005,11.959430007000037],[79.82601352400007,11.960653751000045],[79.82480651600008,11.961564953000051],[79.82454725900004,11.96202353300004],[79.82441571200008,11.962521284000035],[79.82375178700005,11.963650574000045],[79.82295851500005,11.96477112800004],[79.82228452900006,11.965810017000017],[79.82210718400006,11.966304819000067],[79.82209719200006,11.96701425700007],[79.82185258200008,11.96836315900002],[79.82164246900004,11.969558037000068]]],[[[79.79434225400007,12.02583860800007],[79.79292939300007,12.026166606000046],[79.79208519800004,12.026487573000047],[79.79134478700007,12.027129465000032],[79.79090900600005,12.027285220000053],[79.79016117800005,12.027528679000053],[79.78928976100008,12.027686726000077],[79.78937281300006,12.02686317400002],[79.78946928600004,12.025053646000066],[79.78948509100007,12.023774337000075],[79.78949888800008,12.021973706000043],[79.78914369600005,12.020813921000075],[79.78831721300008,12.019235012000022],[79.78975331500003,12.018811519000046],[79.79089141900006,12.018530093000034],[79.79251478300006,12.018006787000044],[79.79321605400008,12.01780435400007],[79.79478917400007,12.017340050000017],[79.79598299500003,12.01708539600004],[79.79705637800004,12.016980073000074],[79.79833371900007,12.016951222000053],[79.80092050300004,12.016965065000015],[79.80097502100006,12.017791837000058],[79.80111379300007,12.018076052000024],[79.8016807750001,12.018462758000048],[79.80231892400008,12.019132638000025],[79.80289035700008,12.01960064800004],[79.80320410100006,12.019693477000022],[79.80381150200003,12.019917188000022],[79.80406915200007,12.020077983000018],[79.80415347700007,12.020254169000035],[79.80427054400009,12.020679093000059],[79.80418966200006,12.021081796000031],[79.80412183000004,12.021384279000067],[79.80435152700005,12.021428425000067],[79.80477480400003,12.021481184000043],[79.80512458200008,12.021615182000055],[79.80538753900004,12.02180313700006],[79.80551830500008,12.022159443000024],[79.80545088900004,12.022508195000057],[79.80513671800009,12.023021286000072],[79.80501907700005,12.023429071000056],[79.80502066200005,12.023618658000045],[79.80523346900002,12.023861133000011],[79.80534408800008,12.02411445300004],[79.80538730700005,12.024353198000027],[79.80531436600006,12.02454389900003],[79.80513581200006,12.024672048000069],[79.80467850000008,12.024958402000028],[79.80355182900007,12.02567453700004],[79.80315726800008,12.025834347000048],[79.80228960000007,12.02590226000006],[79.80140760300002,12.02586162500006],[79.80031853700008,12.02579523400004],[79.79908346400003,12.025900355000013],[79.79819258700006,12.025913725000073],[79.79709385300004,12.025806539000023],[79.79573402700004,12.025755125000046],[79.79434225400007,12.02583860800007]]],[[[79.85757859400007,12.007777416000081],[79.85809427100007,12.008747565000016],[79.85906319100008,12.011169842000067],[79.85963528600007,12.012496255000018],[79.86021655900004,12.013822808000034],[79.86086252000007,12.015117612000036],[79.86211621200006,12.01766152400005],[79.86272050300005,12.01891058000004],[79.86398099700006,12.021761516000018],[79.86500720300006,12.023900372000059],[79.86678726000008,12.027557960000012],[79.86753885500008,12.029073271000053],[79.86898278800004,12.03186042100004],[79.86957385300006,12.033232304000032],[79.87016946300008,12.034607643000069],[79.87042495700007,12.035139532000063],[79.87067591900006,12.035667968000041],[79.87169271300009,12.03746257300002],[79.87238536100006,12.039091000000033],[79.87307924100008,12.040714938000052],[79.87379284700008,12.042623534000022],[79.87352632100004,12.042734670000062],[79.87296673300006,12.042967832000043],[79.86984110200005,12.04426865300007],[79.87001382500006,12.044741777000064],[79.86706900900003,12.045611923000035],[79.86457374000008,12.046321715000037],[79.85560562800003,12.049548045000034],[79.85327591100008,12.050441814000074],[79.85137345600002,12.051062110000032],[79.84976469900005,12.051816569000042],[79.84880742500007,12.049152580000055],[79.84762816700004,12.04587253000005],[79.84567235800004,12.040999905000037],[79.84514202600008,12.039790161000045],[79.84474913000008,12.03836809400007],[79.84451987700002,12.036817605000058],[79.84395786700009,12.035582571000084],[79.84344696000005,12.03452659600003],[79.84335254300004,12.034111055000032],[79.84332746500007,12.032922489000045],[79.84323619400006,12.028766445000027],[79.84319115800008,12.026428932000037],[79.84312474200004,12.023476167000082],[79.84296101600006,12.021989929000028],[79.84258718200005,12.020820977000014],[79.84175115900007,12.019079762000025],[79.84121269300005,12.017295654000062],[79.84095882300005,12.016153350000025],[79.84084261200007,12.015077441000066],[79.8404695710001,12.013271029000068],[79.84249604600008,12.012532108000075],[79.84496392500006,12.011709548000049],[79.84654033100009,12.011091290000016],[79.84854366600007,12.010362097000032],[79.84970804100004,12.00992603300004],[79.85119765100005,12.009284986000065],[79.85333712100004,12.008346787000042],[79.85540991800008,12.007567775000036],[79.85685859100005,12.006902367000063],[79.85706405300004,12.00680841400002],[79.85757859400007,12.007777416000081]]]]},"properties":{"FID":2803,"OBJECTID":2828,"ST_CODE":"34","ST_NAME":"PUDUCHERRY","DT_CODE":"02","DIST_NAME":"Pondicherry","AC_NO":12,"AC_NAME":"Kalapet","PC_NO":1,"PC_NAME":"PONDICHERRY","PC_ID":3401,"STATUS":" ","Shape_Leng":0.264171375661,"Shape_Area":0.0012459127475,"dtcode11":"635","dtname11":"Puducherry"}},{"type":"Feature","id":2804,"geometry":{"type":"Polygon","coordinates":[[[79.80528451800006,11.963633454000028],[79.80517546100003,11.96321212200007],[79.80517424500005,11.962854491000032],[79.80485508700008,11.959781143000034],[79.80496568500007,11.956484293000074],[79.8050423750001,11.95533031100007],[79.80500918800004,11.953300387000061],[79.80327648600007,11.953182407000043],[79.80322897100005,11.953216647000037],[79.80323408600003,11.953110687000041],[79.80393858500008,11.95181407200004],[79.80427182700004,11.951027285000063],[79.80480529900007,11.950401503000018],[79.80542831000008,11.949184863000028],[79.80596440600004,11.948319973000022],[79.80732379400007,11.946321612000057],[79.80625995000008,11.949988394000052],[79.80595312600008,11.951568618000055],[79.80550099600003,11.952194528000058],[79.80549034500007,11.95286782300007],[79.80633763000003,11.95268341100006],[79.80722302700006,11.952696990000053],[79.80831512400005,11.952317779000047],[79.80845859000004,11.953389391000025],[79.80771029300007,11.954922260000044],[79.80769591000006,11.955832403000032],[79.80894577700008,11.955693627000072],[79.80917630700003,11.956331143000044],[79.81022513900008,11.956226502000044],[79.81031414300008,11.955596137000036],[79.81067609800004,11.955601679000033],[79.81078877500005,11.95615729400003],[79.81155402400005,11.956090041000039],[79.81168116200007,11.955656546000052],[79.81196293700005,11.955660858000039],[79.81207447400004,11.956216454000078],[79.81356301500004,11.956199738000072],[79.81421423000006,11.955734770000046],[79.81465512200003,11.955820474000054],[79.81464888600004,11.956216336000075],[79.81517234900008,11.956224335000064],[79.81526375500005,11.955512782000024],[79.81462064600004,11.955463473000062],[79.81426492800004,11.955062079000065],[79.81427990700007,11.954111338000068],[79.81476513800003,11.954000305000013],[79.81495809400006,11.953606171000045],[79.81564890200008,11.95288122100004],[79.81521540000006,11.951672076000019],[79.81544525200007,11.951408236000074],[79.81522628700003,11.950980738000045],[79.81561313600008,11.950786980000025],[79.81584333000006,11.949118711000041],[79.81619455200007,11.949150020000046],[79.81926148000008,11.949586004000029],[79.81922703700008,11.949882159000024],[79.81937240300003,11.950182183000035],[79.81942750600005,11.950539491000026],[79.81947888800003,11.95113363600007],[79.81925998800006,11.951575884000023],[79.81855721600004,11.952188987000055],[79.81854552900006,11.952932207000064],[79.82387716100004,11.957557350000059],[79.82273693100007,11.95779155800005],[79.82271839800006,11.958972389000044],[79.82252622800007,11.959682420000027],[79.82171005000004,11.959781672000066],[79.82068228900005,11.960367290000018],[79.82055855600004,11.962481729000048],[79.82019918300007,11.963769068000015],[79.82112634500005,11.96382719400003],[79.82071084000006,11.964311592000056],[79.81904831900005,11.96642516400004],[79.81867932900006,11.96686514600003],[79.81769171700006,11.96780785900006],[79.81629312000007,11.968945101000035],[79.81579186700003,11.966286342000048],[79.81546215500003,11.96423151000004],[79.81521031700004,11.962979969000058],[79.81566232300007,11.961560944000032],[79.81609500600007,11.959985952000077],[79.81638892100004,11.958564526000034],[79.81613992200005,11.95851560000005],[79.81351428500004,11.95856459800007],[79.81124815400005,11.958774727000051],[79.81090874400007,11.958792094000035],[79.80979822700004,11.960335251000059],[79.80974403100004,11.962316503000071],[79.80978105400004,11.962874357000034],[79.80805745300006,11.963115311000026],[79.80682852900003,11.96351951200006],[79.80655669000004,11.963537905000065],[79.80528451800006,11.963633454000028]]]},"properties":{"FID":2804,"OBJECTID":2829,"ST_CODE":"34","ST_NAME":"PUDUCHERRY","DT_CODE":"02","DIST_NAME":"Pondicherry","AC_NO":11,"AC_NAME":"Lawspet","PC_NO":1,"PC_NAME":"PONDICHERRY","PC_ID":3401,"STATUS":" ","Shape_Leng":0.108965954675,"Shape_Area":0.000161959700898,"dtcode11":"635","dtname11":"Puducherry"}},{"type":"Feature","id":2805,"geometry":{"type":"Polygon","coordinates":[[[79.80322897100005,11.953216647000037],[79.80122738200002,11.954667051000067],[79.79759549500005,11.956689094000078],[79.79579784700007,11.957267182000068],[79.7937507170001,11.958186596000067],[79.79166191300004,11.959418953000064],[79.79061217700007,11.959649793000033],[79.78835251700008,11.959737826000023],[79.78811711000003,11.96041781600007],[79.78762526700007,11.96029401300007],[79.78465595400007,11.959906229000069],[79.78455380300005,11.95963051800004],[79.78385418800008,11.957666939000045],[79.78341647300005,11.95630757200006],[79.78078972900006,11.956570289000052],[79.77994660700006,11.955846506000048],[79.77977596500006,11.954983126000055],[79.77940618400004,11.953605637000079],[79.77670703900002,11.953741934000037],[79.77661289400004,11.953325337000022],[79.77626887700006,11.951772268000068],[79.77531797800003,11.951699946000083],[79.77503716300004,11.949778988000032],[79.77378460800008,11.949943368000048],[79.77353630800008,11.949067509000026],[79.77313777800003,11.949128987000053],[79.77289137900004,11.94777824600004],[79.77216428700007,11.946469656000028],[79.77146153600006,11.943931879000042],[79.76971573400004,11.943996032000026],[79.76921720600006,11.942155192000028],[79.77087576200006,11.941102656000053],[79.77114696100006,11.938412028000078],[79.77119998300003,11.937963903000014],[79.77050467200007,11.935751178000036],[79.77379210300006,11.935911814000056],[79.77484680900005,11.936076000000076],[79.77598422900007,11.93579702900006],[79.78011909900003,11.936976885000037],[79.78419271700005,11.93726228700007],[79.78518851500009,11.936525329000057],[79.78545638900006,11.93854637100002],[79.78469455900006,11.93890681700003],[79.78533332900007,11.94151906900003],[79.78602993900006,11.945174549000056],[79.78514854300005,11.948357799000066],[79.78490760000004,11.949671642000055],[79.78445260600006,11.951547337000013],[79.78434913200005,11.952717802000056],[79.78437683200008,11.95363761400005],[79.78469897300006,11.954772942000028],[79.78572507400007,11.95437031600005],[79.78667108700006,11.953673143000055],[79.78723450700005,11.952971173000037],[79.78910694000008,11.950071664000058],[79.79043170200003,11.946955010000073],[79.79200113600007,11.947104466000031],[79.79353085000008,11.947086340000034],[79.79502017500005,11.94694236100002],[79.79534008500008,11.945483087000062],[79.79562805600007,11.943437874000038],[79.79609150800006,11.941018619000022],[79.79668658500005,11.940986053000076],[79.79686739100003,11.940277054000026],[79.79714131700007,11.93998009100005],[79.79741494000007,11.939413527000063],[79.79799739500004,11.939093115000038],[79.79849033500005,11.939721117000023],[79.79846377800004,11.941394699000055],[79.80050110600007,11.941509526000052],[79.80067237100006,11.944147249000022],[79.79933997900008,11.945088970000032],[79.79984434400006,11.945431760000075],[79.80057104200006,11.945191385000049],[79.80145084100006,11.94591671100005],[79.80152946800007,11.946377036000056],[79.80220335500007,11.946722425000077],[79.80424871100006,11.949013339000029],[79.80542831000008,11.949184863000028],[79.80480529900007,11.950401503000018],[79.80427182700004,11.951027285000063],[79.80393858500008,11.95181407200004],[79.80323408600003,11.953110687000041],[79.80322897100005,11.953216647000037]]]},"properties":{"FID":2805,"OBJECTID":2830,"ST_CODE":"34","ST_NAME":"PUDUCHERRY","DT_CODE":"02","DIST_NAME":"Pondicherry","AC_NO":8,"AC_NAME":"Indira Nagar","PC_NO":1,"PC_NAME":"PONDICHERRY","PC_ID":3401,"STATUS":" ","Shape_Leng":0.136767584188,"Shape_Area":0.000445026226563,"dtcode11":"635","dtname11":"Puducherry"}},{"type":"Feature","id":2806,"geometry":{"type":"Polygon","coordinates":[[[79.82837087500006,11.958715398000034],[79.82504614100002,11.957754500000021],[79.82471744100008,11.95760059300004],[79.82387716100004,11.957557350000059],[79.81854552900006,11.952932207000064],[79.81855721600004,11.952188987000055],[79.81925998800006,11.951575884000023],[79.81947888800003,11.95113363600007],[79.81942750600005,11.950539491000026],[79.81937240300003,11.950182183000035],[79.81922703700008,11.949882159000024],[79.81926148000008,11.949586004000029],[79.81619455200007,11.949150020000046],[79.81654800000007,11.947584038000068],[79.81700642300007,11.945243571000034],[79.81707599900005,11.944680613000047],[79.81720887500006,11.943880606000047],[79.81716519900004,11.942870348000055],[79.81662091300005,11.942951153000008],[79.81504574400003,11.943312881000047],[79.81389480200005,11.943651749000022],[79.81363037900009,11.943202133000069],[79.81314020500008,11.941739476000059],[79.81327498500008,11.94081993900006],[79.81252137300004,11.940808412000004],[79.80974019000006,11.941152752000052],[79.80847114500006,11.941281080000056],[79.80792506100005,11.938575608000058],[79.8099819970001,11.938171712000054],[79.81607281500004,11.934541314000057],[79.81765738500008,11.934449323000027],[79.81896241900006,11.934941867000076],[79.82073077000007,11.934745485000079],[79.82173614200009,11.935063108000062],[79.82205308000005,11.935305945000039],[79.82280133800003,11.936386688000024],[79.82370630700007,11.93762886600006],[79.82468268900003,11.939504948000026],[79.82445674300004,11.939595136000031],[79.82506962000008,11.94091070900003],[79.82641983200006,11.941376809000078],[79.82826971400004,11.946514918000052],[79.82937021400005,11.949472457000054],[79.82849936200004,11.951092667000063],[79.82855309500007,11.951539068000042],[79.82877571100005,11.952760762000018],[79.82908721500007,11.954013139000033],[79.82943895000005,11.954671635000073],[79.82976276000005,11.955211259000063],[79.83002678200006,11.955691315000028],[79.82992843300008,11.957657204000043],[79.82947083200008,11.957833009000067],[79.82878531100003,11.958369727000052],[79.82837087500006,11.958715398000034]]]},"properties":{"FID":2806,"OBJECTID":2831,"ST_CODE":"34","ST_NAME":"PUDUCHERRY","DT_CODE":"02","DIST_NAME":"Pondicherry","AC_NO":10,"AC_NAME":"Kamaraj Nagar","PC_NO":1,"PC_NAME":"PONDICHERRY","PC_ID":3401,"STATUS":" ","Shape_Leng":0.081632932402,"Shape_Area":0.000256769078047,"dtcode11":"635","dtname11":"Puducherry"}},{"type":"Feature","id":2807,"geometry":{"type":"Polygon","coordinates":[[[79.82992843300008,11.957657204000043],[79.83002678200006,11.955691315000028],[79.82976276000005,11.955211259000063],[79.82943895000005,11.954671635000073],[79.82908721500007,11.954013139000033],[79.82877571100005,11.952760762000018],[79.82855309500007,11.951539068000042],[79.82849936200004,11.951092667000063],[79.82937021400005,11.949472457000054],[79.82826971400004,11.946514918000052],[79.82641983200006,11.941376809000078],[79.82506962000008,11.94091070900003],[79.82445674300004,11.939595136000031],[79.82468268900003,11.939504948000026],[79.82629750700005,11.93909409000003],[79.82926112300004,11.93997046100002],[79.82952623100005,11.940964888000057],[79.83028953500008,11.941015953000033],[79.83281235800006,11.941806604000018],[79.83348672800008,11.944985467000029],[79.83434921100007,11.948959104000041],[79.83600349700004,11.948667165000069],[79.83593390900006,11.947913702000044],[79.83594551700007,11.947757078000055],[79.83838118800008,11.947460016000049],[79.83838998500005,11.947557161000075],[79.83850321200003,11.94823119000005],[79.83863053300007,11.948809549000027],[79.83893486500006,11.949865497000072],[79.83934010500008,11.950989527000035],[79.83962154900006,11.951897359000036],[79.84010782400003,11.953630649000042],[79.84047575000005,11.955460305000035],[79.84057197000004,11.95582951200002],[79.83886678400005,11.956074491000042],[79.83683419100004,11.956302090000069],[79.83460755100002,11.956409400000036],[79.83397743700006,11.95640775400005],[79.83274337800003,11.95656278200004],[79.83120790300008,11.957163334000018],[79.82992843300008,11.957657204000043]]]},"properties":{"FID":2807,"OBJECTID":2832,"ST_CODE":"34","ST_NAME":"PUDUCHERRY","DT_CODE":"02","DIST_NAME":"Pondicherry","AC_NO":13,"AC_NAME":"Muthialpet","PC_NO":1,"PC_NAME":"PONDICHERRY","PC_ID":3401,"STATUS":" ","Shape_Leng":0.0615676926066,"Shape_Area":0.000135874983503,"dtcode11":"635","dtname11":"Puducherry"}},{"type":"Feature","id":2808,"geometry":{"type":"Polygon","coordinates":[[[79.81022513900008,11.956226502000044],[79.80917630700003,11.956331143000044],[79.80894577700008,11.955693627000072],[79.80769591000006,11.955832403000032],[79.80771029300007,11.954922260000044],[79.80845859000004,11.953389391000025],[79.80831512400005,11.952317779000047],[79.80722302700006,11.952696990000053],[79.80633763000003,11.95268341100006],[79.80549034500007,11.95286782300007],[79.80550099600003,11.952194528000058],[79.80595312600008,11.951568618000055],[79.80625995000008,11.949988394000052],[79.80732379400007,11.946321612000057],[79.80596440600004,11.948319973000022],[79.80542831000008,11.949184863000028],[79.80424871100006,11.949013339000029],[79.80220335500007,11.946722425000077],[79.80152946800007,11.946377036000056],[79.80145084100006,11.94591671100005],[79.80057104200006,11.945191385000049],[79.79984434400006,11.945431760000075],[79.79933997900008,11.945088970000032],[79.80067237100006,11.944147249000022],[79.80050110600007,11.941509526000052],[79.79846377800004,11.941394699000055],[79.79849033500005,11.939721117000023],[79.79799739500004,11.939093115000038],[79.79791593300006,11.93578114000007],[79.80250073100007,11.935976882000038],[79.80278923100009,11.936566752000035],[79.80546722300005,11.936440932000039],[79.80529178200005,11.93681386600003],[79.80601462400006,11.936741486000061],[79.80615430300008,11.935949511000034],[79.80756447700008,11.93587638800005],[79.80781679300003,11.937742601000014],[79.80792506100005,11.938575608000058],[79.80847114500006,11.941281080000056],[79.80974019000006,11.941152752000052],[79.81252137300004,11.940808412000004],[79.81327498500008,11.94081993900006],[79.81314020500008,11.941739476000059],[79.81363037900009,11.943202133000069],[79.81389480200005,11.943651749000022],[79.81504574400003,11.943312881000047],[79.81662091300005,11.942951153000008],[79.81716519900004,11.942870348000055],[79.81720887500006,11.943880606000047],[79.81707599900005,11.944680613000047],[79.81700642300007,11.945243571000034],[79.81654800000007,11.947584038000068],[79.81619455200007,11.949150020000046],[79.81584333000006,11.949118711000041],[79.81561313600008,11.950786980000025],[79.81522628700003,11.950980738000045],[79.81544525200007,11.951408236000074],[79.81521540000006,11.951672076000019],[79.81564890200008,11.95288122100004],[79.81495809400006,11.953606171000045],[79.81476513800003,11.954000305000013],[79.81427990700007,11.954111338000068],[79.81426492800004,11.955062079000065],[79.81462064600004,11.955463473000062],[79.81526375500005,11.955512782000024],[79.81517234900008,11.956224335000064],[79.81464888600004,11.956216336000075],[79.81465512200003,11.955820474000054],[79.81421423000006,11.955734770000046],[79.81356301500004,11.956199738000072],[79.81207447400004,11.956216454000078],[79.81196293700005,11.955660858000039],[79.81168116200007,11.955656546000052],[79.81155402400005,11.956090041000039],[79.81078877500005,11.95615729400003],[79.81067609800004,11.955601679000033],[79.81031414300008,11.955596137000036],[79.81022513900008,11.956226502000044]]]},"properties":{"FID":2808,"OBJECTID":2833,"ST_CODE":"34","ST_NAME":"PUDUCHERRY","DT_CODE":"02","DIST_NAME":"Pondicherry","AC_NO":9,"AC_NAME":"Thattanchavady","PC_NO":1,"PC_NAME":"PONDICHERRY","PC_ID":3401,"STATUS":" ","Shape_Leng":0.0910053291115,"Shape_Area":0.000220734978741,"dtcode11":"635","dtname11":"Puducherry"}},{"type":"Feature","id":2809,"geometry":{"type":"MultiPolygon","coordinates":[[[[79.65858528600005,11.94457156300005],[79.65819161400003,11.944817802000026],[79.6575900220001,11.944961365000042],[79.65746232600004,11.945128483000069],[79.65737861400002,11.945879530000072],[79.65693115600004,11.94646105000002],[79.65661691100007,11.94688795000007],[79.65660859800005,11.947176600000036],[79.65665510500008,11.94733980400002],[79.65719803900004,11.947481813000024],[79.65736464100007,11.947792506000047],[79.65735676800004,11.948055218000041],[79.65661744800008,11.948076947000063],[79.65298097800007,11.948220362000013],[79.65287075700009,11.94816666100007],[79.65282799500005,11.947850099000036],[79.65268894300004,11.946724257000032],[79.65222536900006,11.946699726000073],[79.65211503300003,11.945772899000058],[79.65205280300006,11.945252968000036],[79.65202829200008,11.94487353600004],[79.65195378800006,11.943589709000026],[79.65045763000006,11.943926113000028],[79.64947656900006,11.944287890000037],[79.64865514700006,11.94442328900005],[79.64809136200006,11.944566306000068],[79.64786819700004,11.944552483000056],[79.64790087000004,11.94276053600002],[79.64575086100007,11.94125643300004],[79.64301393600005,11.941395218000016],[79.64021401400004,11.941532913000062],[79.63834220600006,11.941929542000016],[79.63566084000007,11.942436851000021],[79.63197595900004,11.943476861000018],[79.63010094300006,11.944058335000024],[79.62848811500004,11.94518447900003],[79.62734243000006,11.944651076000069],[79.62603072800003,11.943978413000012],[79.62475910500007,11.943106739000022],[79.62438225700004,11.943036180000034],[79.62375286900004,11.94306182000001],[79.62304171100004,11.943246283000075],[79.62250850300006,11.943208090000036],[79.62195218700003,11.943047679000088],[79.62090134700009,11.943065170000065],[79.61890409000006,11.943223697000064],[79.61864038600004,11.940900024000024],[79.61840401900008,11.939386759000048],[79.61814827400008,11.937601322000031],[79.61787474500005,11.936051358000032],[79.61843404900003,11.93603585700003],[79.61844255600005,11.934873000000028],[79.61829758100004,11.93324171900002],[79.61819989700007,11.932125609000016],[79.61865504500008,11.93203730900007],[79.61843502700005,11.930306657000065],[79.61887573000007,11.930258724000055],[79.61876718800005,11.929441367000031],[79.61842499100004,11.926086637000031],[79.61941414500006,11.92551768100003],[79.62280005100007,11.923720731000062],[79.62448472800008,11.92266812300005],[79.62501150200006,11.922408415000062],[79.62563985600008,11.92210301700003],[79.62659917000008,11.92200276200005],[79.62671288500007,11.921984346000041],[79.62724405700004,11.921534076000047],[79.62773744000005,11.92094894900003],[79.62809231200004,11.92029159000002],[79.62832332600004,11.919575779000073],[79.62838070000002,11.919100729000029],[79.62836561700003,11.918910981000057],[79.62824379200003,11.918264894000057],[79.62807826200003,11.916289351000053],[79.62753013000007,11.912909953000055],[79.62716522900007,11.91060516500005],[79.62672387900007,11.909422538000062],[79.62644033300006,11.908790705000055],[79.62596061900005,11.906169353000058],[79.62589738600008,11.905915650000038],[79.62571632700008,11.90518514100006],[79.6252661440001,11.903048179000042],[79.62606930100003,11.902963389000039],[79.62739429600003,11.90256806000003],[79.62983339000006,11.901584384000047],[79.63152125300009,11.90133263600006],[79.63209952400007,11.901271157000052],[79.63691239800005,11.90144891200002],[79.63870717500004,11.902114697000046],[79.63957076700008,11.90231393200002],[79.64062185700004,11.902195934000073],[79.64084971300008,11.904758901000044],[79.64106127200006,11.907674660000042],[79.64226516700006,11.907800542000066],[79.64451897500004,11.907745201000075],[79.64772432400007,11.907703226000024],[79.64995070500004,11.907711639000068],[79.65214128600007,11.907737476000024],[79.65297309900006,11.907719552000058],[79.65460333000004,11.907762094000063],[79.65588542500005,11.907937644000068],[79.65596910500005,11.909153785000049],[79.65594100500005,11.910139129000067],[79.65604215700006,11.912897450000056],[79.65828238100005,11.912904831000052],[79.66089678200007,11.913069442000051],[79.66262360500008,11.913093170000012],[79.66266920600003,11.915145639000048],[79.66110433000006,11.915161783000043],[79.66099942000005,11.91628914100005],[79.66255195100007,11.916394614000064],[79.66271864100008,11.917650493000037],[79.66441910700007,11.918086599000045],[79.66530237800004,11.918281497000057],[79.66700233100006,11.918408505000063],[79.66885208900004,11.918413860000046],[79.66894565900003,11.920548358000092],[79.66897200900006,11.923275090000061],[79.66899935400004,11.92601088900004],[79.66927135100008,11.92632100700006],[79.66930040700004,11.927591596000058],[79.66983768500008,11.927589073000032],[79.66988508000009,11.929814254000062],[79.67053784300003,11.929824890000074],[79.67065166400005,11.93157402200006],[79.66974739200005,11.931601025000079],[79.66979324600004,11.932690301000033],[79.67032153400004,11.932678605000035],[79.66988272200008,11.933978824000066],[79.66970348700005,11.934965175000057],[79.67034138500003,11.934975570000052],[79.67025672900009,11.93551451300004],[79.66956338200002,11.935531415000069],[79.66928783400006,11.937477283000025],[79.66751658300007,11.93769318400007],[79.66414003300008,11.938337447000038],[79.66418387500003,11.937026262000066],[79.66069358300007,11.937078624000039],[79.66070795400003,11.940030930000027],[79.66035096200005,11.940208960000053],[79.66038459300006,11.941407494000025],[79.65941541800004,11.941542792000071],[79.65935278400006,11.94179219300002],[79.65857731200005,11.941921632000053],[79.65858831400004,11.943238249000041],[79.65858528600005,11.94457156300005]]],[[[79.69651635500009,11.962627901000074],[79.69567189000009,11.96387103100006],[79.69502493000005,11.961984530000038],[79.69440542900008,11.960377125000031],[79.69388815000009,11.95875558200004],[79.69350946400004,11.957275038000041],[79.69289869000005,11.957349793000034],[79.69237149200006,11.954810958000047],[79.69207188600006,11.953537018000068],[79.69159727800007,11.951351023000022],[79.69380022300003,11.950191931000058],[79.69401080800003,11.949033410000025],[79.69573069000006,11.947708578000055],[79.69578642100004,11.946836353000034],[79.69581447500008,11.945009348000038],[79.69590364100002,11.944538129000016],[79.69627352500004,11.944133477000038],[79.69635524300008,11.94383473100004],[79.69648499500005,11.943264900000019],[79.6972408810001,11.941759852000072],[79.69856688600004,11.941658242000072],[79.70049059500008,11.94143650900003],[79.70158303400007,11.941395414000045],[79.70164417600004,11.940816584000057],[79.70271833600003,11.940702992000066],[79.70357147700008,11.940445967000068],[79.70410752700008,11.94024363100004],[79.70445594600005,11.939957064000053],[79.70546589700005,11.939084382000022],[79.70563362100006,11.938640373000046],[79.70603546800004,11.938032044000048],[79.70646733300003,11.937270786000047],[79.70660819700002,11.936926742000013],[79.70659275400004,11.936682841000035],[79.70658273200007,11.936388267000046],[79.70646045300003,11.935746718000086],[79.70652672700004,11.935271757000065],[79.70663160000005,11.93509521300007],[79.70691557700007,11.93489446800003],[79.70776311800006,11.934488436000034],[79.70863447900007,11.934235062000026],[79.71023334800005,11.933490243000056],[79.71111225600004,11.933056495000073],[79.71070054500007,11.934126025000063],[79.70992606500005,11.93545032100007],[79.70922740000003,11.937316157000048],[79.70916252100005,11.938053975000061],[79.70851944000003,11.93974361400006],[79.70822347800004,11.94039200400005],[79.70810544600005,11.940740931000054],[79.70796346800006,11.941776453000037],[79.70788881400004,11.942342662000033],[79.70796089700008,11.943110889000035],[79.70796297500003,11.944094582000059],[79.70491630700008,11.94578404800007],[79.70388378700005,11.947948018000028],[79.70241816100007,11.949559051000048],[79.70121974900007,11.951151813000033],[79.70006371800008,11.962763965000013],[79.69963169300007,11.962007942000062],[79.69800263900004,11.960405745000054],[79.69651635500009,11.962627901000074]]],[[[79.68648622800004,11.973207078000026],[79.68469850500009,11.973079996000017],[79.68198246100009,11.972826160000064],[79.68030226800005,11.972847428000021],[79.68013655400006,11.971862108000037],[79.67837215500003,11.971780452000084],[79.67773777200006,11.968812122000024],[79.67675534400007,11.968839035000027],[79.67666011300008,11.968094037000055],[79.67498489600007,11.968300339000033],[79.67486742600005,11.967857322000036],[79.67393929700006,11.967858023000076],[79.67258910700008,11.967745804000048],[79.67186926300006,11.967966486000005],[79.67141962600004,11.968199461000037],[79.66956594400004,11.968524634000062],[79.66882178300006,11.968555376000038],[79.66843973300007,11.968379925000013],[79.66820922200003,11.968255454000035],[79.66784246000003,11.968193066000032],[79.66702441900003,11.96825643800003],[79.66510601900008,11.968545524000039],[79.66216470300003,11.969087497000036],[79.66239507600005,11.968200021000019],[79.66264068800007,11.966679907000067],[79.66235547600007,11.96565427500008],[79.66217566700006,11.964561553000067],[79.66189974300005,11.96250947900005],[79.66047978800005,11.962529125000067],[79.66011251300006,11.960596277000038],[79.65998298400007,11.958358228000062],[79.65927477600007,11.958230442000048],[79.65705330700007,11.958629515000037],[79.65607751000005,11.95914938000004],[79.65433826500002,11.959419814000047],[79.65423422600009,11.959745262000066],[79.65432564600007,11.960504859000013],[79.65379351100006,11.960602173000046],[79.65337934300004,11.959618424000034],[79.65279250200005,11.95780268000004],[79.65365672300003,11.956157414000069],[79.65430046800005,11.95426937900004],[79.65449099400007,11.953707327000075],[79.65465913200006,11.953452879000055],[79.65483343900007,11.95330795700004],[79.65522676000006,11.953084276000025],[79.65656771600003,11.95292012100003],[79.65700755500006,11.952723144000045],[79.65731362900004,11.95244162300003],[79.65817671400004,11.952487346000044],[79.65830487700003,11.952360843000065],[79.65824392400003,11.951152790000034],[79.65837216500006,11.951089461000027],[79.65864844700008,11.951079320000071],[79.65869206500008,11.950667155000069],[79.65877631200004,11.950019887000055],[79.66001664500003,11.950045829000032],[79.66013174500006,11.950218053000068],[79.66054537400004,11.950215796000059],[79.66114727900003,11.950190671000026],[79.66127669100005,11.950533468000062],[79.66233371300007,11.95055977600003],[79.66339631300008,11.950867060000057],[79.66379580100005,11.950888252000023],[79.66447493600003,11.950767360000038],[79.66516703600007,11.950488744000035],[79.66667514700003,11.949852305000036],[79.66792301000004,11.949634636000047],[79.66900155300004,11.94960709800007],[79.66977319500006,11.94957116700004],[79.67053440600006,11.949337648000046],[79.67085100800006,11.949245790000075],[79.67092705700009,11.948810464000076],[79.67158713100007,11.948595598000052],[79.67176990400003,11.948422595000068],[79.67182470900008,11.948160646000078],[79.67248419200007,11.94798073700001],[79.67326527900009,11.94785920800006],[79.67351051400003,11.948333604000023],[79.67654181700004,11.948477647000065],[79.67667175700007,11.949543533000057],[79.67794062200005,11.949849546000054],[79.67928160800005,11.950707222000048],[79.68023215400008,11.951757097000055],[79.68072820200007,11.951690689000033],[79.68202080200007,11.952154985000037],[79.68277894400006,11.952310539000045],[79.68273248800006,11.953034019000029],[79.68409195100008,11.95313162400003],[79.68460721800005,11.95335543300007],[79.68455894700008,11.953707744000042],[79.68388841900008,11.953725088000049],[79.68384498200004,11.954268125000048],[79.68349739100005,11.95443170900006],[79.68340268800006,11.955780508000013],[79.68340491700008,11.95626450000002],[79.68370962200002,11.956542437000055],[79.68381820100007,11.957175934000066],[79.68396593000006,11.958278232000056],[79.68425962600008,11.960108276000025],[79.68384702600008,11.960390392000015],[79.68442471500002,11.962024242000028],[79.68530216400006,11.964028466000055],[79.68577101300006,11.964908102000031],[79.68640376200005,11.96667823700005],[79.68696048600003,11.967854872000025],[79.68770624600006,11.969239891000027],[79.68781906600003,11.969551957000023],[79.68779121300007,11.969710576000073],[79.68759738300007,11.970271520000038],[79.68648622800004,11.973207078000026]]]]},"properties":{"FID":2809,"OBJECTID":2834,"ST_CODE":"34","ST_NAME":"PUDUCHERRY","DT_CODE":"02","DIST_NAME":"Pondicherry","AC_NO":2,"AC_NAME":"Thirubuvanai (SC)","PC_NO":1,"PC_NAME":"PONDICHERRY","PC_ID":3401,"STATUS":" ","Shape_Leng":0.403399452876,"Shape_Area":0.00233065375674,"dtcode11":"635","dtname11":"Puducherry"}},{"type":"Feature","id":2810,"geometry":{"type":"Polygon","coordinates":[[[79.83838118800008,11.947460016000049],[79.83594551700007,11.947757078000055],[79.83593390900006,11.947913702000044],[79.83600349700004,11.948667165000069],[79.83434921100007,11.948959104000041],[79.83348672800008,11.944985467000029],[79.83281235800006,11.941806604000018],[79.83028953500008,11.941015953000033],[79.82952623100005,11.940964888000057],[79.82926112300004,11.93997046100002],[79.82629750700005,11.93909409000003],[79.82468268900003,11.939504948000026],[79.82370630700007,11.93762886600006],[79.82280133800003,11.936386688000024],[79.82205308000005,11.935305945000039],[79.82173614200009,11.935063108000062],[79.82073077000007,11.934745485000079],[79.82226645300004,11.934556818000035],[79.82875236200003,11.933903077000016],[79.82742731800005,11.928615255000059],[79.82714321400003,11.928251114000037],[79.82767453600007,11.928262571000053],[79.82872445000004,11.928001037000058],[79.83496321800003,11.927087232000082],[79.83500215800007,11.92723445800004],[79.83522827500008,11.928232752000033],[79.83553425500008,11.929692473000044],[79.83573735400005,11.930771641000037],[79.83597860900004,11.932122108000037],[79.83642751300005,11.93352648200004],[79.83670403100007,11.934746646000066],[79.83691159800004,11.935613834000037],[79.83690520100004,11.936097650000018],[79.83683943100004,11.936789251000059],[79.83678609000003,11.937124590000053],[79.83675118000008,11.937526761000068],[79.83685081900005,11.938042641000035],[79.83723000800006,11.93936476900007],[79.83742374400003,11.940458493000046],[79.83748775200009,11.941276150000013],[79.83751193300003,11.942370701000055],[79.83757737200006,11.943243658000016],[79.83760833800005,11.943902897000035],[79.83768863400007,11.944337277000034],[79.83781794300006,11.94456709600007],[79.83797583600006,11.944874053000031],[79.83819092800007,11.945627451000064],[79.83829785500006,11.946558575000036],[79.83838118800008,11.947460016000049]]]},"properties":{"FID":2810,"OBJECTID":2835,"ST_CODE":"34","ST_NAME":"PUDUCHERRY","DT_CODE":"02","DIST_NAME":"Pondicherry","AC_NO":14,"AC_NAME":"Raj Bhavan","PC_NO":1,"PC_NAME":"PONDICHERRY","PC_ID":3401,"STATUS":" ","Shape_Leng":0.0706905306138,"Shape_Area":0.000168510526539,"dtcode11":"635","dtname11":"Puducherry"}},{"type":"Feature","id":2811,"geometry":{"type":"Polygon","coordinates":[[[79.79741494000007,11.939413527000063],[79.79716369600004,11.938931376000026],[79.79702094000004,11.937893656000023],[79.79611164000005,11.936938881000058],[79.79617858600005,11.934743681000036],[79.79584159300003,11.93389135700005],[79.79558720700003,11.933824268000015],[79.79431817500006,11.933522698000044],[79.79279426200002,11.933185599000065],[79.79203024600008,11.93311063600004],[79.79056498100005,11.933119586000025],[79.79020704700008,11.933584431000051],[79.78748668800007,11.934357909000031],[79.78741404800009,11.934890331000076],[79.78680634900007,11.935069303000034],[79.78654460000007,11.93553563100005],[79.78603245800007,11.93568449500002],[79.7852258330001,11.936268721000038],[79.78518851500009,11.936525329000057],[79.78419271700005,11.93726228700007],[79.78011909900003,11.936976885000037],[79.77598422900007,11.93579702900006],[79.77484680900005,11.936076000000076],[79.77379210300006,11.935911814000056],[79.77050467200007,11.935751178000036],[79.76933055500007,11.93510569300002],[79.76718664000005,11.93507223200004],[79.76528552800005,11.934188632000021],[79.76488926500006,11.933329668000047],[79.76530939600008,11.932706810000075],[79.76622100200008,11.932721054000073],[79.76674710800006,11.932274688000062],[79.76748088300008,11.931309302000034],[79.76896007400006,11.930860889000032],[79.76953829100007,11.928953458000016],[79.77101277300005,11.92908135300007],[79.77245714300005,11.929301259000054],[79.77285782500007,11.92938758700007],[79.77389578200007,11.929878633000046],[79.77491080900006,11.929299983000012],[79.77501065000006,11.928074292000073],[79.77357519200007,11.927299586000066],[79.77199739100008,11.927828847000052],[79.77011035800007,11.92764151400006],[79.76892421900004,11.926394644000021],[79.76925428300007,11.925885438000021],[79.76994621900008,11.925381877000055],[79.77034817500004,11.925388145000067],[79.77183068600004,11.925727087000036],[79.77250990200008,11.926015150000074],[79.77371831000005,11.92587605400008],[79.77500804000005,11.92573708600002],[79.77653442400003,11.925840915000034],[79.77736447400007,11.926724615000062],[79.77760040000004,11.92708472300007],[79.77798841800006,11.927961552000047],[79.77938761600007,11.928498775000032],[79.7798583410001,11.929218970000028],[79.77926689300006,11.931031486000053],[79.77960977900005,11.932224588000045],[79.78073932900008,11.932005244000042],[79.78116410200005,11.930586054000065],[79.78182165100004,11.929724322000029],[79.78451708000006,11.929647673000026],[79.78516448700003,11.929419698000066],[79.7855752930001,11.928872221000054],[79.78599874600008,11.927531971000054],[79.78656344100006,11.927461755000026],[79.78756525800003,11.927635176000022],[79.78845806100009,11.927174110000047],[79.78867173400005,11.926344970000063],[79.78872241400006,11.925752442000023],[79.78917897300005,11.924848104000022],[79.79023081900003,11.924468448000011],[79.79044887700007,11.92336303100005],[79.79045518100008,11.922967215000023],[79.7902686610001,11.922092422000052],[79.79019543400005,11.921655900000083],[79.79054319100004,11.919958071000039],[79.79055263600003,11.919364917000046],[79.79054365800005,11.918993685000027],[79.79005117300005,11.91855971200005],[79.79292279700007,11.918553310000052],[79.79526101300007,11.918380715000069],[79.79687364400007,11.918530774000027],[79.79686222400005,11.921918949000023],[79.80228717100005,11.922629579000041],[79.80214548200007,11.923547814000074],[79.80195082500006,11.925134120000042],[79.80291176700007,11.926152780000054],[79.80604224200005,11.926954332000037],[79.80662007000006,11.92800882900002],[79.80496480600004,11.93061839200004],[79.80046691200005,11.930298860000043],[79.79994131200004,11.93397141500002],[79.79769354900003,11.933769869000056],[79.79791593300006,11.93578114000007],[79.79799739500004,11.939093115000038],[79.79741494000007,11.939413527000063]]]},"properties":{"FID":2811,"OBJECTID":2836,"ST_CODE":"34","ST_NAME":"PUDUCHERRY","DT_CODE":"02","DIST_NAME":"Pondicherry","AC_NO":6,"AC_NAME":"Ozhukarai","PC_NO":1,"PC_NAME":"PONDICHERRY","PC_ID":3401,"STATUS":" ","Shape_Leng":0.142361048037,"Shape_Area":0.000356494156067,"dtcode11":"635","dtname11":"Puducherry"}},{"type":"Feature","id":2812,"geometry":{"type":"MultiPolygon","coordinates":[[[[79.81010825900006,11.930172744000046],[79.81032222100004,11.926849616000013],[79.81092575300005,11.924244232000037],[79.81252783600009,11.924705272000043],[79.81329042300007,11.924795894000054],[79.81634076200004,11.925159469000052],[79.81653982900008,11.925320424000065],[79.81386595400005,11.926507923000022],[79.81326171900008,11.926617120000067],[79.81425861700008,11.929721888000078],[79.81244293600008,11.930090043000064],[79.81111562900008,11.930069731000051],[79.81010825900006,11.930172744000046]]],[[[79.81098726700003,11.930582127000038],[79.81122401000005,11.930823756000029],[79.81435907800005,11.933524747000032],[79.81560188400005,11.933821226000079],[79.8170026430001,11.934199065000051],[79.81765738500008,11.934449323000027],[79.81607281500004,11.934541314000057],[79.8099819970001,11.938171712000054],[79.80792506100005,11.938575608000058],[79.80781679300003,11.937742601000014],[79.80756447700008,11.93587638800005],[79.80721318100008,11.932662968000036],[79.80528784300003,11.932355943000056],[79.80518825200005,11.931048201000069],[79.8054331370001,11.930774475000018],[79.81006442000006,11.930410078000014],[79.81098726700003,11.930582127000038]]]]},"properties":{"FID":2812,"OBJECTID":2837,"ST_CODE":"34","ST_NAME":"PUDUCHERRY","DT_CODE":"02","DIST_NAME":"Pondicherry","AC_NO":17,"AC_NAME":"Nellithope","PC_NO":1,"PC_NAME":"PONDICHERRY","PC_ID":3401,"STATUS":" ","Shape_Leng":0.0566092624871,"Shape_Area":0.0000697546824736,"dtcode11":"635","dtname11":"Puducherry"}},{"type":"Feature","id":2813,"geometry":{"type":"MultiPolygon","coordinates":[[[[79.80601462400006,11.936741486000061],[79.80529178200005,11.93681386600003],[79.80546722300005,11.936440932000039],[79.80278923100009,11.936566752000035],[79.80250073100007,11.935976882000038],[79.79791593300006,11.93578114000007],[79.79769354900003,11.933769869000056],[79.79994131200004,11.93397141500002],[79.80046691200005,11.930298860000043],[79.80496480600004,11.93061839200004],[79.80662007000006,11.92800882900002],[79.80604224200005,11.926954332000037],[79.80291176700007,11.926152780000054],[79.80195082500006,11.925134120000042],[79.80214548200007,11.923547814000074],[79.80228717100005,11.922629579000041],[79.81098010500006,11.923558137000033],[79.81092575300005,11.924244232000037],[79.81032222100004,11.926849616000013],[79.81010825900006,11.930172744000046],[79.81006442000006,11.930410078000014],[79.8054331370001,11.930774475000018],[79.80518825200005,11.931048201000069],[79.80528784300003,11.932355943000056],[79.80721318100008,11.932662968000036],[79.80756447700008,11.93587638800005],[79.80615430300008,11.935949511000034],[79.80601462400006,11.936741486000061]]],[[[79.78910694000008,11.950071664000058],[79.78723450700005,11.952971173000037],[79.78667108700006,11.953673143000055],[79.78572507400007,11.95437031600005],[79.78469897300006,11.954772942000028],[79.78437683200008,11.95363761400005],[79.78434913200005,11.952717802000056],[79.78445260600006,11.951547337000013],[79.78490760000004,11.949671642000055],[79.78514854300005,11.948357799000066],[79.78602993900006,11.945174549000056],[79.78533332900007,11.94151906900003],[79.78469455900006,11.93890681700003],[79.78545638900006,11.93854637100002],[79.78518851500009,11.936525329000057],[79.7852258330001,11.936268721000038],[79.78603245800007,11.93568449500002],[79.78654460000007,11.93553563100005],[79.78680634900007,11.935069303000034],[79.78741404800009,11.934890331000076],[79.78748668800007,11.934357909000031],[79.79020704700008,11.933584431000051],[79.79056498100005,11.933119586000025],[79.79203024600008,11.93311063600004],[79.79279426200002,11.933185599000065],[79.79431817500006,11.933522698000044],[79.79558720700003,11.933824268000015],[79.79584159300003,11.93389135700005],[79.79617858600005,11.934743681000036],[79.79611164000005,11.936938881000058],[79.79702094000004,11.937893656000023],[79.79716369600004,11.938931376000026],[79.79741494000007,11.939413527000063],[79.79714131700007,11.93998009100005],[79.79686739100003,11.940277054000026],[79.79668658500005,11.940986053000076],[79.79609150800006,11.941018619000022],[79.79562805600007,11.943437874000038],[79.79534008500008,11.945483087000062],[79.79502017500005,11.94694236100002],[79.79353085000008,11.947086340000034],[79.79200113600007,11.947104466000031],[79.79043170200003,11.946955010000073],[79.78910694000008,11.950071664000058]]]]},"properties":{"FID":2813,"OBJECTID":2838,"ST_CODE":"34","ST_NAME":"PUDUCHERRY","DT_CODE":"02","DIST_NAME":"Pondicherry","AC_NO":7,"AC_NAME":"Kadirkamam","PC_NO":1,"PC_NAME":"PONDICHERRY","PC_ID":3401,"STATUS":" ","Shape_Leng":0.122846396301,"Shape_Area":0.000256196256724,"dtcode11":"635","dtname11":"Puducherry"}},{"type":"Feature","id":2814,"geometry":{"type":"Polygon","coordinates":[[[79.82073077000007,11.934745485000079],[79.81896241900006,11.934941867000076],[79.81765738500008,11.934449323000027],[79.8170026430001,11.934199065000051],[79.81560188400005,11.933821226000079],[79.81435907800005,11.933524747000032],[79.81122401000005,11.930823756000029],[79.81098726700003,11.930582127000038],[79.81006442000006,11.930410078000014],[79.81010825900006,11.930172744000046],[79.81111562900008,11.930069731000051],[79.81244293600008,11.930090043000064],[79.81425861700008,11.929721888000078],[79.81326171900008,11.926617120000067],[79.81386595400005,11.926507923000022],[79.81653982900008,11.925320424000065],[79.81682278500006,11.925245787000048],[79.81721290900003,11.926004096000039],[79.82017529500007,11.929416288000017],[79.82299955600007,11.928864872000064],[79.82420179100006,11.92867900700002],[79.82714321400003,11.928251114000037],[79.82742731800005,11.928615255000059],[79.82875236200003,11.933903077000016],[79.82226645300004,11.934556818000035],[79.82073077000007,11.934745485000079]]]},"properties":{"FID":2814,"OBJECTID":2839,"ST_CODE":"34","ST_NAME":"PUDUCHERRY","DT_CODE":"02","DIST_NAME":"Pondicherry","AC_NO":16,"AC_NAME":"Orleampeth","PC_NO":1,"PC_NAME":"PONDICHERRY","PC_ID":3401,"STATUS":" ","Shape_Leng":0.0499631634624,"Shape_Area":0.0000978519718262,"dtcode11":"635","dtname11":"Puducherry"}},{"type":"Feature","id":2815,"geometry":{"type":"Polygon","coordinates":[[[79.76953829100007,11.928953458000016],[79.76185237400006,11.928223119000052],[79.76137042500005,11.928417484],[79.76119469900004,11.928517379000033],[79.76097160400006,11.928500350000036],[79.75892612600006,11.928194205000061],[79.75719037100004,11.928215493000032],[79.75712482300008,11.927026701000045],[79.75641856800007,11.927066380000024],[79.75637601100004,11.926085501000044],[79.75501223200007,11.92605619900008],[79.75505875600004,11.92445521000007],[79.75633487800009,11.924308301000057],[79.75629080800007,11.923775209000036],[79.75623614400006,11.922834757000022],[79.75621426000004,11.920434121000024],[79.75490071200005,11.920277020000063],[79.75359029300004,11.920139131000036],[79.75190478000009,11.920034811000049],[79.75020976100006,11.919951753000017],[79.75022662000003,11.920607359000025],[79.75109935700004,11.920612064000062],[79.75105474000003,11.921739319000045],[79.75066947900007,11.92176371400007],[79.75060421800003,11.922609785000075],[79.74986053400005,11.922698472000016],[79.74981186100007,11.922097631000032],[79.74925689100009,11.922203948000064],[79.74925308900004,11.923285604000052],[79.74920035100007,11.926324655000023],[79.74911962400006,11.929464816000069],[79.74804426100008,11.929590011000066],[79.74412654700006,11.929948996000055],[79.74310838900004,11.928669582000058],[79.74405992600003,11.926578655000075],[79.74490047800003,11.923703176000059],[79.74491807400005,11.922620608000049],[79.74500729400006,11.920936844000039],[79.74355895600007,11.919771377000071],[79.74142003700007,11.91979738800006],[79.73909984500006,11.919700938000044],[79.73781927500005,11.919559992000064],[79.73749207800007,11.917147777000018],[79.73786643500006,11.916175776000038],[79.73799338000003,11.916749650000028],[79.73840277400006,11.916789964000028],[79.73886523400006,11.915752807000047],[79.73924190800005,11.915692215000048],[79.73965575100004,11.915529568000071],[79.74078750100006,11.915311716000064],[79.74165110300002,11.914820045000063],[79.74261331000008,11.914532954000027],[79.74398383700003,11.914351558000025],[79.74524914900006,11.914371517000058],[79.74544426100005,11.914981421000046],[79.74550147700008,11.915689538000034],[79.74645384600005,11.916007966000036],[79.74747985000006,11.91602413300006],[79.74850912900007,11.915838444000029],[79.74927347300007,11.915109426000079],[79.75054426000008,11.914792173000013],[79.75127259000003,11.914164093000053],[79.75202600300008,11.914108265000031],[79.75326187400005,11.91382427800005],[79.75393987400008,11.91375710300003],[79.75443435500006,11.913635158000027],[79.75540169000004,11.91394924800005],[79.75752924400007,11.913982632000035],[79.75905165900008,11.913827161000023],[79.76002400900006,11.913902177000063],[79.76136435300003,11.913743829000039],[79.76052999700006,11.912712248000044],[79.76094435300007,11.90960569100002],[79.76160918300008,11.907300512000077],[79.76213244300004,11.90532134900007],[79.76270777400003,11.903734390000064],[79.76320882900006,11.902988803000015],[79.76415833300005,11.902913424000065],[79.76455175600006,11.903160942000044],[79.76536808600007,11.903745541000045],[79.76594295300004,11.904176355000063],[79.76673177500005,11.90454960300002],[79.76776428600004,11.904939058000007],[79.77154342000006,11.902749007000072],[79.77194338200007,11.902732683000059],[79.77191592800007,11.901946123000073],[79.77509294900005,11.901871532000024],[79.77532057700007,11.905032020000023],[79.77649611200006,11.90500293500003],[79.77780374200005,11.904806710000049],[79.77875386400007,11.904692895000036],[79.77949146700007,11.904404334000041],[79.77985365900008,11.904171975000057],[79.78038665600009,11.903500136000055],[79.78072003100004,11.90306431000004],[79.78143534400004,11.902808103000044],[79.78245397600006,11.899553072000046],[79.78785552100003,11.896787773000028],[79.78948206300004,11.89691105400004],[79.79029424100008,11.897185272000069],[79.79045327400009,11.90007167500006],[79.79032737800003,11.900426135000032],[79.78936022900007,11.902401882000039],[79.79055853500005,11.902955019000037],[79.79091658200008,11.903197407000041],[79.79157149300005,11.903712815000057],[79.79141421500005,11.904096122000045],[79.79014405500004,11.90431447900004],[79.78887721500007,11.904324218000061],[79.78832501200004,11.90491007300005],[79.78825979200008,11.90526547700004],[79.78810155000008,11.905708545000026],[79.78803329600004,11.906182332000078],[79.78823660500007,11.906720098000056],[79.78829046600003,11.907077347000033],[79.78891419500007,11.907681396000049],[79.78944747200006,11.908284045000071],[79.79024693800005,11.909216771000056],[79.79046298800006,11.912695204000043],[79.79042517100004,11.91319992700004],[79.79009389300006,11.915158523000054],[79.78991043100007,11.917112648000055],[79.78995457900004,11.918152161000027],[79.79005117300005,11.91855971200005],[79.79054365800005,11.918993685000027],[79.79055263600003,11.919364917000046],[79.79054319100004,11.919958071000039],[79.79019543400005,11.921655900000083],[79.7902686610001,11.922092422000052],[79.79045518100008,11.922967215000023],[79.79044887700007,11.92336303100005],[79.79023081900003,11.924468448000011],[79.78917897300005,11.924848104000022],[79.78872241400006,11.925752442000023],[79.78867173400005,11.926344970000063],[79.78845806100009,11.927174110000047],[79.78756525800003,11.927635176000022],[79.78656344100006,11.927461755000026],[79.78599874600008,11.927531971000054],[79.7855752930001,11.928872221000054],[79.78516448700003,11.929419698000066],[79.78451708000006,11.929647673000026],[79.78182165100004,11.929724322000029],[79.78116410200005,11.930586054000065],[79.78073932900008,11.932005244000042],[79.77960977900005,11.932224588000045],[79.77926689300006,11.931031486000053],[79.7798583410001,11.929218970000028],[79.77938761600007,11.928498775000032],[79.77798841800006,11.927961552000047],[79.77760040000004,11.92708472300007],[79.77736447400007,11.926724615000062],[79.77653442400003,11.925840915000034],[79.77500804000005,11.92573708600002],[79.77371831000005,11.92587605400008],[79.77250990200008,11.926015150000074],[79.77183068600004,11.925727087000036],[79.77034817500004,11.925388145000067],[79.76994621900008,11.925381877000055],[79.76925428300007,11.925885438000021],[79.76892421900004,11.926394644000021],[79.77011035800007,11.92764151400006],[79.77199739100008,11.927828847000052],[79.77357519200007,11.927299586000066],[79.77501065000006,11.928074292000073],[79.77491080900006,11.929299983000012],[79.77389578200007,11.929878633000046],[79.77285782500007,11.92938758700007],[79.77245714300005,11.929301259000054],[79.77101277300005,11.92908135300007],[79.76953829100007,11.928953458000016]]]},"properties":{"FID":2815,"OBJECTID":2840,"ST_CODE":"34","ST_NAME":"PUDUCHERRY","DT_CODE":"02","DIST_NAME":"Pondicherry","AC_NO":5,"AC_NAME":"Villianur","PC_NO":1,"PC_NAME":"PONDICHERRY","PC_ID":3401,"STATUS":" ","Shape_Leng":0.220459635133,"Shape_Area":0.000968105163861,"dtcode11":"635","dtname11":"Puducherry"}},{"type":"Feature","id":2816,"geometry":{"type":"Polygon","coordinates":[[[79.82420179100006,11.92867900700002],[79.82299955600007,11.928864872000064],[79.82017529500007,11.929416288000017],[79.81721290900003,11.926004096000039],[79.81682278500006,11.925245787000048],[79.81653982900008,11.925320424000065],[79.81634076200004,11.925159469000052],[79.81333035100005,11.920009472000059],[79.81484770100008,11.921338831000067],[79.81541887200005,11.921436667000025],[79.81647375700005,11.921512561000046],[79.81898405200008,11.92110533500004],[79.82460441800004,11.918488408000037],[79.82508905700007,11.918406674000035],[79.82632604100007,11.91833637700006],[79.83176804400004,11.916782377000047],[79.83193603900008,11.91731956300004],[79.83236052400007,11.91844829200005],[79.83287950100004,11.920127764000025],[79.83340699900003,11.921775790000018],[79.83378839800008,11.92280462000003],[79.83393619600008,11.922948981000056],[79.83400131300004,11.923106753000061],[79.83424508700006,11.924073719000027],[79.83482904700008,11.92665657300006],[79.83496321800003,11.927087232000082],[79.82872445000004,11.928001037000058],[79.82767453600007,11.928262571000053],[79.82714321400003,11.928251114000037],[79.82420179100006,11.92867900700002]]]},"properties":{"FID":2816,"OBJECTID":2841,"ST_CODE":"34","ST_NAME":"PUDUCHERRY","DT_CODE":"02","DIST_NAME":"Pondicherry","AC_NO":15,"AC_NAME":"Oupalam","PC_NO":1,"PC_NAME":"PONDICHERRY","PC_ID":3401,"STATUS":" ","Shape_Leng":0.0574858170795,"Shape_Area":0.000161973150474,"dtcode11":"635","dtname11":"Puducherry"}},{"type":"Feature","id":2817,"geometry":{"type":"Polygon","coordinates":[[[79.81634076200004,11.925159469000052],[79.81329042300007,11.924795894000054],[79.81252783600009,11.924705272000043],[79.81092575300005,11.924244232000037],[79.81098010500006,11.923558137000033],[79.80228717100005,11.922629579000041],[79.79686222400005,11.921918949000023],[79.79687364400007,11.918530774000027],[79.79526101300007,11.918380715000069],[79.79292279700007,11.918553310000052],[79.79005117300005,11.91855971200005],[79.78995457900004,11.918152161000027],[79.78991043100007,11.917112648000055],[79.79009389300006,11.915158523000054],[79.79058996900005,11.915150398000037],[79.79086096100008,11.915826831000066],[79.79139447000004,11.915122222000027],[79.79207304700004,11.915449650000028],[79.79461542500007,11.914895598000042],[79.79806617200005,11.915344685000026],[79.79824459500009,11.914278159000043],[79.79827539000006,11.912337484000032],[79.79829045700005,11.911388013000023],[79.79776732000005,11.90884442200006],[79.79848930400003,11.90867282000005],[79.79932708200005,11.909071460000062],[79.79978407700008,11.90878185500003],[79.80027010800006,11.908611125000048],[79.80105660300006,11.908415690000018],[79.80186461600006,11.908813857000037],[79.80267968600003,11.908766607000073],[79.80355401600006,11.908810495000067],[79.80433695900008,11.908911624000037],[79.80706667800007,11.907942921000027],[79.80721291800006,11.908183150000074],[79.80765253900006,11.908991828000062],[79.80843783800003,11.908944089000045],[79.80917110400003,11.91023324100007],[79.81041197900002,11.909984936000066],[79.81100443600008,11.912578049000045],[79.81200212300007,11.91431565100004],[79.81187673200003,11.914640830000055],[79.81286929000004,11.916705459000065],[79.81256110400005,11.917146278000068],[79.81353609000007,11.918438013000076],[79.81316767300007,11.918848588000055],[79.81280208000004,11.919079863000034],[79.81333035100005,11.920009472000059],[79.81634076200004,11.925159469000052]]]},"properties":{"FID":2817,"OBJECTID":2842,"ST_CODE":"34","ST_NAME":"PUDUCHERRY","DT_CODE":"02","DIST_NAME":"Pondicherry","AC_NO":18,"AC_NAME":"Mudaliarpet","PC_NO":1,"PC_NAME":"PONDICHERRY","PC_ID":3401,"STATUS":" ","Shape_Leng":0.0815976536779,"Shape_Area":0.000238558294548,"dtcode11":"635","dtname11":"Puducherry"}},{"type":"Feature","id":2818,"geometry":{"type":"Polygon","coordinates":[[[79.83176804400004,11.916782377000047],[79.82632604100007,11.91833637700006],[79.82508905700007,11.918406674000035],[79.82460441800004,11.918488408000037],[79.81898405200008,11.92110533500004],[79.81647375700005,11.921512561000046],[79.81541887200005,11.921436667000025],[79.81484770100008,11.921338831000067],[79.81333035100005,11.920009472000059],[79.81280208000004,11.919079863000034],[79.81316767300007,11.918848588000055],[79.81353609000007,11.918438013000076],[79.81256110400005,11.917146278000068],[79.81286929000004,11.916705459000065],[79.81187673200003,11.914640830000055],[79.81200212300007,11.91431565100004],[79.81100443600008,11.912578049000045],[79.81041197900002,11.909984936000066],[79.80917110400003,11.91023324100007],[79.80843783800003,11.908944089000045],[79.80765253900006,11.908991828000062],[79.80721291800006,11.908183150000074],[79.80706667800007,11.907942921000027],[79.80433695900008,11.908911624000037],[79.80355401600006,11.908810495000067],[79.80267968600003,11.908766607000073],[79.80186461600006,11.908813857000037],[79.80105660300006,11.908415690000018],[79.80027010800006,11.908611125000048],[79.79978407700008,11.90878185500003],[79.79932708200005,11.909071460000062],[79.79848930400003,11.90867282000005],[79.79776732000005,11.90884442200006],[79.79829045700005,11.911388013000023],[79.79827539000006,11.912337484000032],[79.79824459500009,11.914278159000043],[79.79806617200005,11.915344685000026],[79.79461542500007,11.914895598000042],[79.79207304700004,11.915449650000028],[79.79139447000004,11.915122222000027],[79.79086096100008,11.915826831000066],[79.79058996900005,11.915150398000037],[79.79009389300006,11.915158523000054],[79.79042517100004,11.91319992700004],[79.79046298800006,11.912695204000043],[79.79024693800005,11.909216771000056],[79.78944747200006,11.908284045000071],[79.78891419500007,11.907681396000049],[79.78829046600003,11.907077347000033],[79.78823660500007,11.906720098000056],[79.78803329600004,11.906182332000078],[79.78810155000008,11.905708545000026],[79.78825979200008,11.90526547700004],[79.78832501200004,11.90491007300005],[79.78887721500007,11.904324218000061],[79.79014405500004,11.90431447900004],[79.79141421500005,11.904096122000045],[79.79157149300005,11.903712815000057],[79.79091658200008,11.903197407000041],[79.79055853500005,11.902955019000037],[79.78936022900007,11.902401882000039],[79.79032737800003,11.900426135000032],[79.79045327400009,11.90007167500006],[79.79029424100008,11.897185272000069],[79.79118388200006,11.89748549500007],[79.79638034900006,11.899901486000028],[79.79651651700004,11.89695197200007],[79.79652019500008,11.894989567000046],[79.79649010700007,11.894865041000058],[79.80526862500007,11.894107945000025],[79.80652617700008,11.894752070000036],[79.80745698300007,11.894477619000051],[79.80817985700007,11.894969165000068],[79.80959838200005,11.89470330500006],[79.81042616300003,11.894715985000053],[79.81131038600006,11.894344929000049],[79.81154211900008,11.891995805000017],[79.81266902300007,11.891629588000061],[79.81365090200006,11.891164150000055],[79.81452260100006,11.891513572000065],[79.81579907500003,11.89095675800007],[79.81692143500003,11.89087803500008],[79.81723263800006,11.889731276000065],[79.81830728200003,11.889554821000043],[79.82479506400006,11.88996383100004],[79.82493815400005,11.890697967000039],[79.82553928400006,11.893041723000064],[79.82620048600008,11.894914969000068],[79.82661983800006,11.895998438000051],[79.82728007800006,11.897496108000041],[79.82753227400008,11.898796975000025],[79.82760585400007,11.899217657000062],[79.82771948600003,11.899786697000026],[79.82776154300007,11.900026443000058],[79.82789377800003,11.900577723000016],[79.82804536000003,11.901575932000068],[79.82828403500007,11.902497645000038],[79.82877186200005,11.90425777500007],[79.82904625500004,11.905898500000026],[79.82964404600006,11.90846450500003],[79.83000144600004,11.910144861000038],[79.83044202400004,11.911706930000028],[79.83079937200006,11.913391813000013],[79.83136088900005,11.915351631000025],[79.83172111300007,11.916633907000055],[79.83176804400004,11.916782377000047]]]},"properties":{"FID":2818,"OBJECTID":2843,"ST_CODE":"34","ST_NAME":"PUDUCHERRY","DT_CODE":"02","DIST_NAME":"Pondicherry","AC_NO":19,"AC_NAME":"Ariankuppam","PC_NO":1,"PC_NAME":"PONDICHERRY","PC_ID":3401,"STATUS":" ","Shape_Leng":0.155967588259,"Shape_Area":0.000834349547312,"dtcode11":"635","dtname11":"Puducherry"}},{"type":"Feature","id":2819,"geometry":{"type":"MultiPolygon","coordinates":[[[[79.69982847000004,11.873797536000039],[79.6997249060001,11.874173675000048],[79.69939958400003,11.874319562000046],[79.69900552500008,11.873638809000045],[79.69714846400007,11.874040846000073],[79.69710869400006,11.87167639200003],[79.69668435200003,11.867440455000056],[79.69632606700003,11.863572157000018],[79.69612376500005,11.861826549000053],[79.69597923800005,11.860394262000042],[79.69703219300004,11.86062436900004],[79.69908703100003,11.861265302000042],[79.69918160100009,11.863571908000054],[79.69927352100007,11.864588352000052],[79.69940599900008,11.86626631100005],[79.69944277400003,11.86819197300003],[79.69949490300007,11.87043479700003],[79.69973776400008,11.872292754000044],[79.69982847000004,11.873797536000039]]],[[[79.70451892100004,11.919119496000071],[79.70084887700006,11.919127079000072],[79.69842420500004,11.91911626900003],[79.69624346500007,11.919177025000062],[79.69611890100003,11.918056089000043],[79.69574007900007,11.915692576000016],[79.69551576300005,11.91388877200006],[79.69531271600005,11.911977040000057],[79.69534570500008,11.911163209000051],[79.69561960200008,11.91080894400004],[79.69573098400008,11.910171208000044],[79.69583864900005,11.909550332000036],[79.69561816900006,11.908688434000045],[79.69553151200006,11.907906522000076],[79.69775337500005,11.907565594000049],[79.69767774900005,11.906187202000064],[79.69756152200006,11.90511607900004],[79.69756058300004,11.904758520000037],[79.69789097800003,11.904725491000017],[79.69770924700002,11.903391648000024],[79.69756265700005,11.902424940000051],[79.69566171900004,11.902411234000038],[79.69569037500008,11.900823631000033],[79.69554587200008,11.898491105000069],[79.69535755300005,11.894797688000029],[79.69324626600006,11.894974549000043],[79.69318004200005,11.89461820500002],[79.69184511600008,11.894732003000058],[79.68992146000005,11.894782140000066],[79.68828484100004,11.894581996000044],[79.68710996000003,11.894506601000034],[79.68713054200003,11.893203131000067],[79.68705244800003,11.892254472000058],[79.68686542800003,11.889596497000056],[79.68681572800006,11.88886823700005],[79.68432661200006,11.888839220000024],[79.68259130500006,11.88879305700004],[79.68268633500008,11.890371319000044],[79.68273936900005,11.891858681000029],[79.68131530600004,11.891756643000063],[79.67868388300006,11.891605669000043],[79.67619820500005,11.891436714000063],[79.67441309300006,11.89155882000005],[79.67380678900008,11.891588431000061],[79.67387024500005,11.890330785000048],[79.67382626000006,11.888992448000065],[79.67371629400003,11.886193630000031],[79.67375729600008,11.88497737300003],[79.67387291900009,11.883271733000065],[79.67392007300003,11.881756718000075],[79.67397047900005,11.880662436000025],[79.67590335400007,11.880734472000027],[79.67680279000007,11.880702851000025],[79.68038032100003,11.88082635400002],[79.68503747600006,11.880962744000044],[79.68505868300008,11.882437134000043],[79.68507230900008,11.883405020000055],[79.68524420000006,11.883946900000074],[79.68547080600007,11.884297937000026],[79.68555057500004,11.88466464200007],[79.68552507600003,11.885026260000078],[79.68541229000006,11.885334586000047],[79.68512802500004,11.88555667600001],[79.68472967100008,11.885753234000047],[79.68471181800004,11.885862344000026],[79.68481331100007,11.885956469000064],[79.68565061000004,11.886219275000004],[79.68703411500007,11.886484148000028],[79.68810392400007,11.886469873000067],[79.68877812500006,11.886281148000013],[79.68938855000005,11.886346279000065],[79.68979742700003,11.886480331000019],[79.69279674400008,11.88647011800004],[79.69488116600007,11.886524043000076],[79.69651653300009,11.88665641700005],[79.69660875000004,11.887723702000073],[79.69675780300008,11.888057686000023],[79.69684665400008,11.888500100000044],[79.69703035900005,11.888540278000047],[79.69794056400008,11.888621480000028],[79.69879378400003,11.88861717000005],[79.69949736900008,11.88865894500003],[79.69959140600008,11.88906535100005],[79.70041287700008,11.889111274000072],[79.70170257500007,11.889097050000014],[79.70741967400005,11.88914147200005],[79.70871884600007,11.889108163000051],[79.70945887700003,11.889231677000057],[79.7097162680001,11.88924820700003],[79.70995429700007,11.889188861000038],[79.71004121300008,11.889057169000068],[79.71005448400007,11.888808130000024],[79.70986601400004,11.887876905000038],[79.71007151000005,11.887776436000012],[79.71070933200008,11.887570107000037],[79.71054527700005,11.887032890000055],[79.71027529000008,11.88618382500004],[79.71003110200007,11.885922770000029],[79.70965221400007,11.885635873000064],[79.70954688900007,11.885495463000046],[79.70946676800008,11.885215608000058],[79.70940043200005,11.884863793000019],[79.70938193500007,11.88369507900006],[79.71010073300005,11.883576895000026],[79.71172376300007,11.88452543500004],[79.71336315800005,11.88455166600005],[79.71386938200004,11.882253385000052],[79.71450161600008,11.881828160000056],[79.71568862600003,11.88171743400004],[79.71773515700005,11.88142531100004],[79.71877565700004,11.882285517000067],[79.72198896500004,11.883114943000072],[79.72494643300008,11.88348684600003],[79.72646210400005,11.883445545000024],[79.72761032500006,11.884584847000053],[79.73091398700006,11.887318149000059],[79.73235091300008,11.886912374000065],[79.73345044400008,11.888092599000057],[79.73425256400003,11.88841208300004],[79.73568150600005,11.888495624000022],[79.73692467700005,11.888454406000037],[79.73841744700007,11.888415997000031],[79.74046490700005,11.888632207000049],[79.74139482800007,11.888769835000057],[79.74278801200006,11.888869658000027],[79.74303782700008,11.888648036000058],[79.74577217300003,11.888243428000065],[79.74622668400008,11.888250594000048],[79.74726863300003,11.888612131000055],[79.74800085700008,11.888795097000065],[79.75002616000006,11.888895782000084],[79.75182434200008,11.887959778000042],[79.75221815900005,11.885280630000072],[79.75208405900007,11.884934538000028],[79.75117304400004,11.882854064000062],[79.75072468900004,11.88112598400004],[79.75119466800004,11.879611981000032],[79.75123102200007,11.87927647100002],[79.75123697900004,11.878908905000062],[79.75113006700008,11.877804247000023],[79.75121883000008,11.876213214000083],[79.75132642800008,11.875296895000071],[79.75072417800004,11.874093109000052],[79.75188495800005,11.87361627600006],[79.75266368100006,11.873327406000032],[79.75372885000007,11.872885146000037],[79.75448744800008,11.872070412000024],[79.75480328500004,11.871799071000044],[79.75703115500005,11.868207185000063],[79.75861777200004,11.868511752000058],[79.75868747400006,11.87050558300006],[79.75871136400008,11.871649504000052],[79.75868984600004,11.871776604000042],[79.75818407600008,11.87175626800006],[79.75801016800006,11.871747902000028],[79.75771402000004,11.872360143000034],[79.75754550000005,11.873364594000055],[79.75741465300007,11.873809138000066],[79.75736921600001,11.874849358000066],[79.75735754900006,11.87528787900004],[79.75736141900006,11.876111217000076],[79.75790700700009,11.875935947000075],[79.75888936500007,11.875800228000067],[79.75966907800006,11.875733505000035],[79.76002729800008,11.875744757000069],[79.76022939300003,11.875780629000072],[79.76041418500006,11.876037273000064],[79.76061077800006,11.876768898000014],[79.76064838900004,11.876921738000018],[79.76152125000004,11.876972625000048],[79.76254996600005,11.876944745000051],[79.76325687200006,11.876990768000045],[79.76392291200006,11.877014721000016],[79.76419912600005,11.876217190000029],[79.76446607100007,11.875497332000055],[79.76509623800007,11.875828601000007],[79.76550301600008,11.876237576000047],[79.76571067500004,11.87635472700003],[79.76587501300008,11.876317823000027],[79.76632826400004,11.87611626700003],[79.76686114100005,11.876018581000045],[79.76743428600007,11.875980166000025],[79.76821027400008,11.876002432000066],[79.76846270300005,11.875970284000053],[79.76868958400007,11.875461816000046],[79.76887638700002,11.875166999000044],[79.76908672100006,11.874904127000033],[79.76964146300008,11.874656779000079],[79.77002630000004,11.874650377000028],[79.77002262700007,11.874593931000051],[79.77258687900007,11.875204559000046],[79.77266625300007,11.875823816000027],[79.77261773800006,11.875850127000033],[79.77254079600004,11.876862800000028],[79.77300453100008,11.878647410000042],[79.77329347800007,11.880549982000042],[79.77334781500008,11.882159066000032],[79.77348705700007,11.883329638000065],[79.77194588800006,11.883676676000047],[79.77095847200007,11.883483090000022],[79.77077725600003,11.884071235000016],[79.77183376100004,11.885097095000052],[79.77195573300008,11.885417039000057],[79.77171248700006,11.886445199000041],[79.77102945100006,11.887547709000044],[79.77084558900003,11.888371537000051],[79.77078471300008,11.889095780000039],[79.77092462700006,11.889510747000028],[79.77100543700004,11.890112012000024],[79.77046783700007,11.89092807600002],[79.77155398000008,11.896743267000028],[79.77201726500004,11.89920133200007],[79.77279720700005,11.899056711000053],[79.77281771200006,11.900490552000061],[79.76913223400004,11.900707167000055],[79.76918814500004,11.901788544000055],[79.76977625500007,11.902820706000066],[79.77154342000006,11.902749007000072],[79.76776428600004,11.904939058000007],[79.76673177500005,11.90454960300002],[79.76594295300004,11.904176355000063],[79.76536808600007,11.903745541000045],[79.76455175600006,11.903160942000044],[79.76415833300005,11.902913424000065],[79.76320882900006,11.902988803000015],[79.76270777400003,11.903734390000064],[79.76213244300004,11.90532134900007],[79.76160918300008,11.907300512000077],[79.76094435300007,11.90960569100002],[79.76052999700006,11.912712248000044],[79.76136435300003,11.913743829000039],[79.76002400900006,11.913902177000063],[79.75905165900008,11.913827161000023],[79.75752924400007,11.913982632000035],[79.75540169000004,11.91394924800005],[79.75443435500006,11.913635158000027],[79.75393987400008,11.91375710300003],[79.75326187400005,11.91382427800005],[79.75202600300008,11.914108265000031],[79.75127259000003,11.914164093000053],[79.75054426000008,11.914792173000013],[79.74927347300007,11.915109426000079],[79.74850912900007,11.915838444000029],[79.74747985000006,11.91602413300006],[79.74645384600005,11.916007966000036],[79.74550147700008,11.915689538000034],[79.74544426100005,11.914981421000046],[79.74524914900006,11.914371517000058],[79.74398383700003,11.914351558000025],[79.74261331000008,11.914532954000027],[79.74165110300002,11.914820045000063],[79.74078750100006,11.915311716000064],[79.73965575100004,11.915529568000071],[79.73924190800005,11.915692215000048],[79.73886523400006,11.915752807000047],[79.73840277400006,11.916789964000028],[79.73799338000003,11.916749650000028],[79.73786643500006,11.916175776000038],[79.73749207800007,11.917147777000018],[79.73605181900008,11.916546346000079],[79.73565621600005,11.914187208000046],[79.73525075800006,11.912362568000043],[79.73463566500004,11.911803525000053],[79.73515996400003,11.911329081000062],[79.73617468200007,11.91042025900004],[79.73729021900004,11.909438586000013],[79.73784696000007,11.90886990500007],[79.73875567200008,11.90771689600005],[79.73976792700006,11.906464011000022],[79.74033483500007,11.90583232600004],[79.74064997300007,11.90546961100007],[79.73959829500005,11.904714218000025],[79.73891828900007,11.90441472500003],[79.73829693100004,11.904241353000018],[79.73787877700005,11.904108414000062],[79.73696403300006,11.904017241000071],[79.73617865900007,11.903999169000029],[79.73474664500003,11.904023859000063],[79.73400214200005,11.904027852000059],[79.73341967200008,11.903998317000063],[79.73339830800006,11.90362351900006],[79.73250772300008,11.90345600400008],[79.73127925400006,11.903150033000033],[79.7311447800001,11.901988432000044],[79.73067648500005,11.901981000000044],[79.73066363000004,11.90108638600002],[79.73062137000005,11.898278436000048],[79.73049736100006,11.893746982000037],[79.73050101000007,11.891703381000072],[79.72946837300002,11.891613675000025],[79.72911036400006,11.890747446000024],[79.72887800300003,11.890250890000056],[79.72872682400003,11.890251871000038],[79.72849666600007,11.890180545000014],[79.72817523200007,11.890158520000043],[79.72784890500003,11.890155589000052],[79.72762851700008,11.890256976000039],[79.72742232800005,11.89033039100007],[79.72727639200008,11.890430705000039],[79.72672223200004,11.89070385400003],[79.72611311400004,11.891046054000068],[79.72586576300006,11.891115429000028],[79.72570915400007,11.891098276000038],[79.72556704100002,11.891035112000047],[79.72542341600008,11.890854628000055],[79.72529375200007,11.890660832000027],[79.72513223300007,11.890593975000057],[79.72497647400007,11.890594880000036],[79.72482525600002,11.890668039000044],[79.72471166800005,11.890890672000067],[79.72466762000005,11.89120238300006],[79.72463173500007,11.89150520100002],[79.72459642200005,11.891773066000045],[79.72450975900004,11.891890110000059],[79.72437685700004,11.891963561000075],[79.72421186300005,11.891968829000058],[79.72398270200007,11.891906533000054],[79.72369657300004,11.891826412000064],[79.72352279000006,11.891808983000026],[79.72326066600004,11.891801426000015],[79.72293983700007,11.891812106000025],[79.72275512400006,11.89176292200005],[79.72267679500004,11.891651146000067],[79.72264444700005,11.891528824000012],[79.72264367700006,11.891366402000083],[79.72273817600006,11.891120910000039],[79.72308016100004,11.890658303000063],[79.72328092800008,11.89042690900005],[79.72330370100008,11.890295315000056],[79.72330322600004,11.890114853000062],[79.72324260700005,11.889970653000033],[79.72398064900005,11.889867365000041],[79.72444017000004,11.889778813000015],[79.72467778900005,11.889674323000055],[79.7248195160001,11.88955138900006],[79.72490206000003,11.889406084000017],[79.72491489700006,11.889251775000048],[79.72485420300006,11.889112085000017],[79.72462840900005,11.888914504000075],[79.72430197900007,11.888708555000052],[79.72409459400006,11.88864547800005],[79.72383712900006,11.88863348500006],[79.72362137700001,11.888661629000065],[79.72317639000005,11.888771837000036],[79.72250328900003,11.889105105000056],[79.72225641800001,11.889215084000051],[79.72207352900006,11.889333976000042],[79.72203236400003,11.88946978800004],[79.72206028000006,11.889583017000067],[79.72211118500007,11.889690972000036],[79.72227285000008,11.889748812000045],[79.72245604600005,11.889820528000014],[79.72196682500004,11.890043941000043],[79.72156788400008,11.890209015000028],[79.72090385700005,11.890546933000037],[79.72068765600004,11.890602134000064],[79.72031636300005,11.890617643000038],[79.71996666000007,11.890573720000075],[79.71954461100007,11.890472250000066],[79.71916693500003,11.890388404000015],[79.71893773600004,11.890398282000021],[79.71876361800008,11.890471069000037],[79.71853047100007,11.890721112000051],[79.71822986700005,11.89124301700003],[79.71796642600003,11.891872661000045],[79.71787083400005,11.892044823000038],[79.71741482100002,11.892476276000016],[79.71708546000009,11.892727039000018],[79.71683277900007,11.89284142800004],[79.71658090200003,11.892837405000021],[79.71636441000004,11.892770788000051],[79.71622088300006,11.892654582000029],[79.71609706000004,11.892524030000065],[79.71593912500003,11.89223954500005],[79.71576325600007,11.892001015000053],[79.71557430500008,11.891861527000051],[79.71531176600007,11.89174003500004],[79.71509162000007,11.891686892000056],[79.71478360800006,11.891684225000061],[79.71451280100005,11.891717115000047],[79.71429213500005,11.891695542000024],[79.71410421300003,11.891632761000034],[79.71401163200005,11.891552332000053],[79.71390085200005,11.891394918000064],[79.71376234200005,11.891182924000068],[79.71361968400002,11.891083648000059],[79.71344483300004,11.891061679000062],[79.71328932600005,11.891116712000048],[79.71314226400007,11.891284664000073],[79.71304752600008,11.891543680000039],[79.71288727500007,11.891747512000054],[79.71269093400008,11.89184813300005],[79.71250739900006,11.891866626000015],[79.71233251700005,11.891776983000064],[79.71223510500005,11.891642339000034],[79.71216951700006,11.891452939000033],[79.71203987500007,11.89105048000004],[79.71189611900007,11.890879003000066],[79.71173527500007,11.890771540000038],[79.71150482800005,11.890718226000038],[79.71113323600008,11.890751752000021],[79.71087254000008,11.890866001000068],[79.71038241300005,11.891212296000045],[79.70971452900005,11.891712512000018],[79.70956425200006,11.891866875000055],[79.70950891600006,11.891958472000058],[79.70948747000006,11.892147607000021],[79.70944742800003,11.892492087000045],[79.70933888700006,11.89275426400008],[79.70910524400006,11.89296368400005],[79.70914736400005,11.893117747000067],[79.70825288900005,11.893330110000015],[79.70673107700003,11.89366662100001],[79.70525256200004,11.893877491000072],[79.70547168400003,11.895377675000061],[79.70558133700007,11.896087733000055],[79.70582570200008,11.898347390000023],[79.70590285300004,11.899084001000057],[79.70604228000008,11.899309558000025],[79.70673702600004,11.899681624000028],[79.70696380800007,11.899888279000038],[79.70703767900005,11.899992101000082],[79.70703206400003,11.900747691000046],[79.70730236800006,11.900746386000037],[79.70730515400003,11.901270896000032],[79.70746856300008,11.90170888000005],[79.70836768100008,11.90170412000003],[79.70848316500009,11.901784923000026],[79.70862690900005,11.902096267000049],[79.70898250100004,11.903311063000055],[79.70894039700005,11.904265714000067],[79.70845934100002,11.90447568800004],[79.70747407700001,11.904702392000045],[79.70660730800007,11.905104685000019],[79.7066391260001,11.906713584000043],[79.70665337900004,11.90772216100003],[79.70656653700006,11.910689440000057],[79.70654078000007,11.912109083000075],[79.70655783800004,11.913502349000053],[79.70843580500006,11.913529076000023],[79.71018081400007,11.913561544000055],[79.71266932300006,11.913445722000066],[79.71399627800008,11.913408291000053],[79.71687495300006,11.913316680000039],[79.71792695400006,11.913352649000052],[79.71807318800006,11.914211083000055],[79.71823346400005,11.916096167000028],[79.71860190600007,11.918974925000041],[79.71681557300008,11.919082894000034],[79.71398337600004,11.919196682000054],[79.70979520700006,11.919297725000039],[79.70779858200005,11.919307465000024],[79.70704007900008,11.919252441000028],[79.70674008200007,11.918969025000015],[79.70451892100004,11.919119496000071]]]]},"properties":{"FID":2819,"OBJECTID":2844,"ST_CODE":"34","ST_NAME":"PUDUCHERRY","DT_CODE":"02","DIST_NAME":"Pondicherry","AC_NO":4,"AC_NAME":"Mangalam","PC_NO":1,"PC_NAME":"PONDICHERRY","PC_ID":3401,"STATUS":" ","Shape_Leng":0.479336218625,"Shape_Area":0.00197015498304,"dtcode11":"635","dtname11":"Puducherry"}},{"type":"Feature","id":2820,"geometry":{"type":"Polygon","coordinates":[[[79.82479506400006,11.88996383100004],[79.81830728200003,11.889554821000043],[79.81723263800006,11.889731276000065],[79.81692143500003,11.89087803500008],[79.81579907500003,11.89095675800007],[79.81452260100006,11.891513572000065],[79.81365090200006,11.891164150000055],[79.81266902300007,11.891629588000061],[79.81154211900008,11.891995805000017],[79.81131038600006,11.894344929000049],[79.81042616300003,11.894715985000053],[79.80959838200005,11.89470330500006],[79.80817985700007,11.894969165000068],[79.80745698300007,11.894477619000051],[79.80652617700008,11.894752070000036],[79.80526862500007,11.894107945000025],[79.79649010700007,11.894865041000058],[79.79554886500006,11.890965123000061],[79.79459849100004,11.886706466000014],[79.79452672700006,11.885313638000072],[79.79367774300005,11.884549418000057],[79.79337512500007,11.883704533000065],[79.79336644400007,11.882882231000043],[79.79316608900007,11.882231782000083],[79.79282336000006,11.881749433000033],[79.79205863200009,11.880369611000045],[79.79188457000004,11.879578598000025],[79.79174362200006,11.878002034000078],[79.79251834300004,11.87788881500007],[79.79230635200007,11.876890840000042],[79.79023083700008,11.876861029000047],[79.79017374800002,11.877354113000026],[79.78952117900009,11.877203052000029],[79.78914164600008,11.875654386000058],[79.7888463880001,11.875356599000028],[79.78818281200004,11.874962892000035],[79.78803479900004,11.873760657000037],[79.78717906500003,11.873498178000023],[79.78670931600004,11.871506048000066],[79.78692783400004,11.870224919000062],[79.78666709300006,11.868697295000072],[79.78506296400009,11.862958220000053],[79.78230223200006,11.86283196700003],[79.78224018900006,11.863275327000052],[79.78116747800004,11.863412052000065],[79.78102637900008,11.862856149000025],[79.78060829900005,11.862795528000037],[79.7783791350001,11.86322214100005],[79.77836412300007,11.866591569000029],[79.77771292800007,11.866644601000079],[79.77836100100006,11.867644830000078],[79.77851040600005,11.868110654000075],[79.77853524900009,11.868489963000055],[79.77877426600008,11.868579386000008],[79.77914219300004,11.868626828000059],[79.77943509000005,11.870357963000062],[79.77984503300007,11.872431508000032],[79.77980833100008,11.873222628000068],[79.77997633600006,11.87553265100007],[79.77946763300008,11.876553281000028],[79.77946560700009,11.87710924500004],[79.77960774800005,11.877958416000055],[79.77913396200005,11.87786985600008],[79.77889845600004,11.877631619000043],[79.77818368400006,11.877861857000028],[79.77699260500002,11.878446706000025],[79.77613785200002,11.878265372000037],[79.77498258400004,11.877615838000038],[79.77382886200007,11.876585130000015],[79.77341916600005,11.875357369000026],[79.77266625300007,11.875823816000027],[79.77258687900007,11.875204559000046],[79.77002262700007,11.874593931000051],[79.76994171400008,11.873429939000053],[79.76995279100004,11.872883146000042],[79.76987660300006,11.87128279300002],[79.76986309100005,11.870627356000055],[79.76973703800007,11.868425147000039],[79.76966499900006,11.867706778000073],[79.76914136200007,11.86765913600004],[79.76919427500007,11.867287807000025],[79.76921084900006,11.865117170000067],[79.7697786350001,11.864910632000031],[79.77018720800005,11.864850470000022],[79.77014069400008,11.863683671000052],[79.77013635400004,11.862956220000058],[79.77026949300006,11.862864696000031],[79.77047111200005,11.862786644000034],[79.77058506400003,11.86267790400005],[79.77066632700007,11.862537079000049],[79.77075657300009,11.86219340300005],[79.77078187900008,11.86175849700003],[79.77081216400006,11.861369906000052],[79.77074749500008,11.861261765000052],[79.77047154500008,11.861263100000018],[79.77026089100006,11.861191023000057],[79.77011176300005,11.860852637000052],[79.77007335400003,11.86046410400007],[79.76995116600006,11.860016751000039],[79.76966659800007,11.858987222000048],[79.76943811700004,11.858314926000048],[79.76874030000005,11.858350272000047],[79.76820327600007,11.858425339000064],[79.76809110700003,11.857996187000015],[79.76727392500004,11.85804996000006],[79.76689729100008,11.858047459999998],[79.76684464900006,11.857690283000057],[79.76635284100007,11.856521066000031],[79.76596204400003,11.855691739000058],[79.76577497300008,11.85500881500007],[79.76568488700006,11.854417624000057],[79.76541864100007,11.853532736000032],[79.76517414200003,11.852435058000033],[79.7650668570001,11.85198794600007],[79.76485002300006,11.851802999000027],[79.76423918800003,11.851841937000076],[79.76331212600007,11.851896223000042],[79.76313272000004,11.85187537200004],[79.76308443200007,11.851390842000047],[79.76210510000004,11.848439049000032],[79.76310828000003,11.847922492000057],[79.7636935720001,11.847549371000067],[79.76395439800007,11.847348216000054],[79.76426478100007,11.846913282000047],[79.76450004000003,11.846238110000055],[79.76480800100006,11.845526863000035],[79.76501531300005,11.84473849000004],[79.76511931400006,11.844393927000045],[79.76516482800008,11.843344796000059],[79.76519470700003,11.842911119000057],[79.76524260600007,11.842353684000043],[79.76541299900002,11.841724867000032],[79.76576392800007,11.841116917000033],[79.76609178400008,11.840590923000027],[79.76666735200007,11.840108268000048],[79.7681254920001,11.838844414000054],[79.76928248800004,11.838011115000027],[79.77060988700003,11.837258274000014],[79.77121964400004,11.836997154000063],[79.77237084300005,11.836665536000059],[79.77354957700004,11.836615117000063],[79.77390000400004,11.836749123000061],[79.77441739600005,11.83739315900005],[79.77492480700003,11.837874661000054],[79.77544019000004,11.838287500000023],[79.77581293400004,11.838457935000058],[79.77632196900004,11.839124390000059],[79.77641534200006,11.839512620000045],[79.77639888300007,11.839896886000066],[79.77635820000005,11.840792723000055],[79.77636181400004,11.842353433000019],[79.77640484400007,11.843668936000018],[79.77638438400004,11.844017062000022],[79.77649441400007,11.844151836000023],[79.77661461200006,11.844223620000035],[79.77654871200008,11.844907079000057],[79.77665204100003,11.845245855000032],[79.77694458500008,11.845850318000029],[79.77723037100003,11.846233655000038],[79.77755457300003,11.846720206000043],[79.77783227800006,11.847107928000069],[79.77837200700004,11.847647446000046],[79.77908966100006,11.84794277000003],[79.78009135400004,11.848159054000053],[79.78022528600007,11.849090331000074],[79.78029674900004,11.84963272300006],[79.78044395000006,11.850450316000039],[79.78060902300007,11.851367424000037],[79.78118428800008,11.854412079000033],[79.78138707100004,11.855334295000032],[79.78150381200004,11.855694714000045],[79.78166908500003,11.855812303000038],[79.78221687200005,11.855922296000085],[79.78333221900004,11.855908020000069],[79.78421377900008,11.85590815500006],[79.78572295400005,11.855751109000032],[79.78700398500007,11.855685242000046],[79.78866907100007,11.855514791000067],[79.78954600500003,11.85537386000004],[79.79026605200006,11.855307182000034],[79.79330826800003,11.854930165000043],[79.79454198400003,11.854815009000035],[79.79478725800004,11.855158228000036],[79.79625640500007,11.855069243000058],[79.79917707700008,11.85513566600002],[79.80060534100005,11.855314397000024],[79.80119050600007,11.854727979000076],[79.80147239000007,11.854351156000066],[79.80210698200005,11.854546983000027],[79.80262773900006,11.854050914000041],[79.80262868000005,11.853196144000025],[79.80320902200003,11.852768651000071],[79.8030287220001,11.850778914000042],[79.80506440300007,11.849393833000011],[79.80509251500006,11.848629707000029],[79.80522509500008,11.84770254900007],[79.80652606200005,11.84716658300004],[79.80767704200008,11.846776028000026],[79.80813768400004,11.845299100000023],[79.80786811300004,11.844753695000055],[79.80772856600004,11.844383942000023],[79.80705793200006,11.843428688000076],[79.80646136900002,11.842640334000068],[79.80617872200008,11.84212630400001],[79.80609365000004,11.84171453800007],[79.80606844000005,11.84048503000002],[79.80616266100002,11.83915925700006],[79.80626431800005,11.838449285000015],[79.80649256100008,11.837117685000083],[79.80684936700005,11.836922444000033],[79.80770926000008,11.836402272000042],[79.80794883800007,11.837395995000076],[79.80821046700004,11.838370889000027],[79.80846392300003,11.83928364000007],[79.80878665900009,11.840448918000055],[79.80907627800009,11.841319380000078],[79.80928064600005,11.841861522000045],[79.80946519900003,11.84213611100006],[79.80967536900006,11.842746001000025],[79.80993294600006,11.843761443000048],[79.81019500400005,11.844638256000055],[79.81040083400006,11.845233425000048],[79.81059699000008,11.846006615000027],[79.81093815500003,11.847094389000054],[79.81111179800007,11.84784355800002],[79.81125635200004,11.84825962300004],[79.81149832000004,11.848886925000029],[79.81154564000008,11.849080481000044],[79.81161054800003,11.849175071000026],[79.81170801600007,11.84938292500003],[79.81181000400004,11.849739702000019],[79.81222173900005,11.850999973000054],[79.81231493600006,11.851406234000011],[79.81245108300004,11.851920282000023],[79.81262705000006,11.852159787000064],[79.81272081800006,11.852529972000069],[79.81292658900009,11.853202962000049],[79.81314038500007,11.853802777000052],[79.81332180900006,11.854204753000031],[79.81346224000004,11.854738041000054],[79.81376428000004,11.85547791400006],[79.81394745300008,11.856132520000079],[79.81422245200008,11.856990390000016],[79.81455255600008,11.857838955000041],[79.81483271700006,11.85873299400004],[79.81513643200003,11.859585670000053],[79.81545796800003,11.860470196000055],[79.81609014500003,11.861986479000048],[79.81629972600007,11.862564816000042],[79.81652699400007,11.863110720000071],[79.81684774600006,11.863755037000042],[79.8171878300001,11.86462632200004],[79.81766147600005,11.865668807000086],[79.81811098900005,11.866498913000047],[79.81828380400003,11.86701354100007],[79.81859600600006,11.867911473000053],[79.81882087500009,11.868684023000066],[79.81907784700007,11.869672463000036],[79.81939818300003,11.870344976000059],[79.81959018400006,11.870877946000057],[79.82012777500006,11.87178834600006],[79.82041839500005,11.872239368000072],[79.82074303300004,11.872784512000072],[79.82108177700007,11.873379493000073],[79.82161844400008,11.874204171000036],[79.82198491800006,11.875002573000074],[79.82236105100003,11.875769546000058],[79.82263662400004,11.87652371100005],[79.82284271700007,11.87732756900004],[79.82293746900007,11.877856811000065],[79.82303944100005,11.878144819000058],[79.82309210800008,11.87858319900005],[79.82328929600004,11.880174120000039],[79.82341130700009,11.880571831000053],[79.82368369800008,11.883428167000027],[79.82414095000007,11.886618920000043],[79.82479506400006,11.88996383100004]]]},"properties":{"FID":2820,"OBJECTID":2845,"ST_CODE":"34","ST_NAME":"PUDUCHERRY","DT_CODE":"02","DIST_NAME":"Pondicherry","AC_NO":20,"AC_NAME":"Manavely","PC_NO":1,"PC_NAME":"PONDICHERRY","PC_ID":3401,"STATUS":" ","Shape_Leng":0.281346057619,"Shape_Area":0.00174477626933,"dtcode11":"635","dtname11":"Puducherry"}},{"type":"Feature","id":2821,"geometry":{"type":"MultiPolygon","coordinates":[[[[79.67966061700007,11.81451069900003],[79.67893549000007,11.814410977000025],[79.67775108300002,11.814398503000055],[79.67595100200003,11.814311740000054],[79.67583730300004,11.813651406000082],[79.67541447800005,11.810673471000028],[79.67508793100006,11.808576597000059],[79.67490523400005,11.807731368000075],[79.67479438100007,11.80669675900003],[79.67457225900006,11.80355979800003],[79.67554438700004,11.80243796400004],[79.67595117500008,11.801929313000075],[79.67739472300008,11.799580538000045],[79.67844890000005,11.79840817000007],[79.67982958700001,11.797145264000045],[79.68130823800004,11.796319145000028],[79.68166740400007,11.797014986000008],[79.68221611800004,11.79807920500001],[79.68287999500006,11.79964927900004],[79.68388877300005,11.802155130000084],[79.68560802800005,11.801726346000072],[79.68567106200004,11.802476024000043],[79.68744217100004,11.802300615000044],[79.68962616300007,11.802140880000008],[79.69005037500006,11.804364401000054],[79.69027594400005,11.80538956700008],[79.69059928200005,11.80783021900003],[79.69053892200003,11.808500117000039],[79.68967238700003,11.808852557000026],[79.68926592900006,11.809274444000033],[79.68892562300005,11.810053699000028],[79.68857154800008,11.810697430000051],[79.68811959600002,11.81220101300005],[79.68655483100008,11.812280555000022],[79.68577446000008,11.812474260000055],[79.68451720800006,11.812575672000042],[79.68416506000005,11.812690613000024],[79.68265653600008,11.813240080000075],[79.68102212000008,11.813993830000072],[79.67966061700007,11.81451069900003]]],[[[79.65372108200006,11.842768964000074],[79.65359292200003,11.842968712000085],[79.65258305400005,11.842978067000047],[79.65192915700003,11.843464627000055],[79.65151271700006,11.843787063000034],[79.64919131500005,11.844042098000056],[79.64731887200008,11.844217655000017],[79.64717589500003,11.842252041000046],[79.64593690800007,11.842271110000068],[79.64537513900005,11.839080748000066],[79.64575630300004,11.83894832500006],[79.64571563900006,11.837161469000023],[79.64586211500006,11.836084733000058],[79.64591488800005,11.83574054600006],[79.64579732900006,11.835045116000073],[79.64528855600008,11.834333095000037],[79.64459708300006,11.833662040000034],[79.64448110000006,11.832537016000055],[79.64432707700007,11.83196728500007],[79.64429428300008,11.831741221000069],[79.64425081500008,11.831402219000042],[79.64415857500006,11.831104136000025],[79.64398043100005,11.830471991000033],[79.64379202800006,11.82950026700007],[79.64358568100006,11.828506827000066],[79.64339839600007,11.82773922300003],[79.64341906500005,11.827196060000066],[79.64333649200006,11.826396359000034],[79.64323891500004,11.826143296000044],[79.64297288600004,11.825968643000056],[79.64244321000007,11.82568139100005],[79.64226289800007,11.825447260000029],[79.64205902000003,11.825118023000078],[79.64183301800006,11.824810972000018],[79.64162643600007,11.82470833600006],[79.64101839800009,11.824452487000018],[79.64098928000004,11.824145303000012],[79.64094715600002,11.822852394000048],[79.64133171200007,11.822720048000074],[79.64244654700006,11.822587344000045],[79.64364858100004,11.822374884000036],[79.64432771700007,11.822218069000028],[79.64446075200003,11.82132609100005],[79.64513869400008,11.820902018000025],[79.64499285000005,11.820188116000054],[79.64596470700008,11.819913212000065],[79.64697405200008,11.819722359000018],[79.64692914100004,11.819130773000035],[79.64678690500006,11.818136173000024],[79.64648484500002,11.817387009000068],[79.64633075700004,11.816754165000082],[79.64628653200003,11.81625731200006],[79.64787823900008,11.816010646000045],[79.64796268300006,11.815417815000023],[79.65019820800006,11.815271921000043],[79.65149115300005,11.814958289000048],[79.65237912500004,11.81449705100004],[79.65314954300003,11.814354101000045],[79.65437554100004,11.81434378300002],[79.65557300600005,11.814193170000054],[79.65755989200005,11.813925819000083],[79.65838838200006,11.81359662100003],[79.65924379400008,11.812892388000027],[79.65962007100008,11.812841045000017],[79.66000619800008,11.81295222900006],[79.66059715900008,11.813609112000039],[79.66139474000005,11.813483477000021],[79.66272044100003,11.813125180000037],[79.66343607500005,11.81303991200002],[79.66363417700006,11.813238216000064],[79.66404978400004,11.813910259000053],[79.66465107200008,11.814634950000023],[79.66512535300006,11.814949391000019],[79.66536412200007,11.81497584300007],[79.66746631700005,11.814997762000068],[79.67122518800007,11.81485384200004],[79.67118209300008,11.817354052000043],[79.67126195800007,11.82357728400006],[79.67037688600004,11.823729743000056],[79.66832265800008,11.824183364000021],[79.66691405400007,11.824361088000039],[79.66492368500008,11.824691669000062],[79.66357131800002,11.825131880000066],[79.66261937000007,11.825651922000075],[79.66199375200006,11.82630133200007],[79.6606729680001,11.827718536000075],[79.66014447800006,11.828512738000027],[79.65971992800007,11.828980508000027],[79.65943703000005,11.829465257000038],[79.65938406600003,11.829822969000077],[79.65971859100006,11.830621157000056],[79.66017308000005,11.831569027000043],[79.66066536200003,11.832855803000028],[79.66097486600006,11.83405276500002],[79.66119575700004,11.83520994200006],[79.66151779400008,11.836275185000034],[79.66179792800004,11.837313809000024],[79.66185878000005,11.83845823200005],[79.66172425400002,11.839308530000038],[79.66091385900006,11.839710245000047],[79.65929205100008,11.840301648000048],[79.65631701200004,11.841305000000034],[79.65476295300004,11.841746360000048],[79.65415372000007,11.842029554000016],[79.65372108200006,11.842768964000074]]],[[[79.63066579200006,11.881208817000065],[79.62966890800004,11.881312968000032],[79.62989035800007,11.883432430000033],[79.62994224900005,11.884685177000042],[79.62982649400004,11.885495296000048],[79.62958612900007,11.887097348000042],[79.62958476800003,11.887847339000066],[79.62974906400007,11.888620379000022],[79.62723004200006,11.888933866000057],[79.62699249800004,11.888962631000018],[79.62493149700002,11.889211497000073],[79.62491051000006,11.890772093000065],[79.62117169000003,11.890557672000048],[79.61908501000006,11.887161955000048],[79.61892279400007,11.886805112000038],[79.61888856100006,11.886330850000023],[79.61850758400004,11.886309842000056],[79.61835924700006,11.886011878000033],[79.61841239700004,11.885650729000078],[79.61843855500008,11.88526093400003],[79.61835832500003,11.88493139800005],[79.61816471900005,11.884602230000045],[79.61791962300003,11.884404160000026],[79.61756216700007,11.884347451000057],[79.61747741300007,11.883881374000053],[79.61663662600006,11.88296284300002],[79.61534485000004,11.881634158000056],[79.61411924800007,11.880653937000034],[79.61167339400005,11.878851456000053],[79.60952748200003,11.87745545700006],[79.60850051100005,11.876980394000032],[79.60817028200006,11.876873367000044],[79.60794078100008,11.877100727000027],[79.60759106200004,11.877924938000035],[79.60745540300007,11.87835461800006],[79.60725913800007,11.878513737000048],[79.60678796900004,11.878810359000047],[79.60650933000007,11.879164337000088],[79.60590673700005,11.879976422000022],[79.60536786200004,11.880679048000053],[79.60484195400005,11.881160839000051],[79.60381698400003,11.881762837000043],[79.60286384800008,11.882183325000023],[79.60180926800007,11.882576167000018],[79.60081837300004,11.882861798000013],[79.60010282800005,11.882918586000061],[79.59932711500005,11.882945036000027],[79.59958676500008,11.881505782000037],[79.59972099000004,11.879836611000036],[79.59986025400008,11.877081458000061],[79.60000559100006,11.875828656000055],[79.60052380500008,11.875659163000014],[79.60130288500005,11.871196045000035],[79.60149067500004,11.871195812000055],[79.60270125400007,11.871710086000054],[79.60293245800005,11.870058384000059],[79.60309007700005,11.868556579000021],[79.60310776300008,11.867466326000054],[79.60299346700003,11.866327625000068],[79.60290790400006,11.864917621000073],[79.60254367300007,11.863466863000044],[79.60243881100007,11.862644105000069],[79.60241744600008,11.86215768800001],[79.60239280700007,11.861595659000036],[79.60212422500007,11.859182308000065],[79.60197174300004,11.857802793000076],[79.60342008500005,11.858398840000065],[79.60423851600007,11.858675319000044],[79.60471164500007,11.858659565000034],[79.60523005600002,11.858607353000007],[79.60564872400005,11.858695563000028],[79.6060953990001,11.85895227200006],[79.60717839200004,11.85995491400008],[79.60763398300008,11.860093357000036],[79.60988836700007,11.860160388000049],[79.61043007800004,11.860284473000036],[79.6101748440001,11.86061176100002],[79.61103140300008,11.861069278000048],[79.61242472000005,11.86167334200007],[79.61220869700009,11.862583205000016],[79.61395890400009,11.862742119000062],[79.61404293300006,11.863049140000047],[79.61553400300005,11.862830426000079],[79.61697437500003,11.862630022000067],[79.61941706700003,11.862668465000061],[79.61956544800006,11.86383025900004],[79.61959778800008,11.867017831000046],[79.6196565050001,11.868601061000039],[79.61914904300005,11.870148933000042],[79.62235662200004,11.86965985800003],[79.62438922900002,11.869447796000042],[79.62556094400009,11.869627405000077],[79.62743977700006,11.86983678700005],[79.62849054300005,11.86979106600006],[79.62836907900002,11.868389492000057],[79.62850673100007,11.867235819000026],[79.62851585100003,11.865295101000061],[79.62726010900008,11.864808503000058],[79.62729246200007,11.863853837000018],[79.62705159100005,11.860530898000045],[79.62687891500008,11.858777794000043],[79.62677738000006,11.856814998000056],[79.62654230600003,11.85563150300003],[79.62639623800004,11.85480020800003],[79.62685282700005,11.854277765000068],[79.62860982600006,11.853899820000047],[79.63076700700003,11.853686366000035],[79.63320214500004,11.853285772000046],[79.63513915100003,11.85309228900007],[79.63691016700005,11.85276296700005],[79.63911146800007,11.852242255000016],[79.64178870400008,11.85160531700007],[79.64406804700008,11.851071159000062],[79.64704610800004,11.85071762300004],[79.64708493000006,11.850048413000025],[79.64985873100005,11.850262069000053],[79.65198436700005,11.850351129000043],[79.65273375500004,11.850515674000059],[79.65377344200006,11.850912775000053],[79.65375920500009,11.85175492900004],[79.65467730700004,11.851827507000046],[79.65680478900003,11.85208004200007],[79.65690325700007,11.85255416100007],[79.65780732800005,11.852644533000035],[79.65784327600005,11.853295805000071],[79.65806097700005,11.85382826400008],[79.65958413500006,11.856312741000067],[79.66072718800007,11.858256464000029],[79.66109840800003,11.859191781000042],[79.66170565200008,11.859302082000056],[79.66155281900006,11.861101692000027],[79.66337631400006,11.861193535000032],[79.66345768100008,11.862821058000058],[79.66345873800003,11.864050313000062],[79.66330970400008,11.865421471000046],[79.66274464400004,11.86545621600004],[79.66267486200007,11.86722000700007],[79.66051233900005,11.86726583200005],[79.66002728100005,11.867580432000072],[79.65960146600008,11.86770879200003],[79.65932634300003,11.867727971000019],[79.65916474200003,11.868619638000043],[79.65777360400007,11.868684818000077],[79.65771558600005,11.870019140000064],[79.65465439200005,11.870187739000063],[79.65040870600006,11.870387559000033],[79.64853522400006,11.870468404000066],[79.64859719600008,11.871879140000027],[79.64858882400006,11.875008597000017],[79.64850578500004,11.876935755000035],[79.64850671300007,11.878029734000055],[79.64841646800004,11.880314310000083],[79.64636481100007,11.88056250000006],[79.64513507600005,11.880623452000057],[79.64439537500003,11.880553748000061],[79.64222829800009,11.88045035600003],[79.64046941600002,11.880584870000066],[79.64070462000007,11.882645887000022],[79.64096863500004,11.885033335000065],[79.64112015800005,11.885955017000061],[79.64111825700007,11.886605746000038],[79.64020590900003,11.886922273000026],[79.63766647100005,11.887765688000048],[79.63595494600008,11.888072366000074],[79.63540451100005,11.88831815500002],[79.63477843100002,11.88876908700007],[79.63476740900006,11.888407995000028],[79.63485689100008,11.887995557000067],[79.63479107900008,11.886616250000035],[79.63468193300008,11.884957658000067],[79.63449782600003,11.88097904200004],[79.63066579200006,11.881208817000065]]]]},"properties":{"FID":2821,"OBJECTID":2846,"ST_CODE":"34","ST_NAME":"PUDUCHERRY","DT_CODE":"02","DIST_NAME":"Pondicherry","AC_NO":22,"AC_NAME":"Nettapakkam (SC)","PC_NO":1,"PC_NAME":"PONDICHERRY","PC_ID":3401,"STATUS":" ","Shape_Leng":0.411388645783,"Shape_Area":0.00215562719654,"dtcode11":"635","dtname11":"Puducherry"}},{"type":"Feature","id":2822,"geometry":{"type":"MultiPolygon","coordinates":[[[[79.73769538200008,11.842942004000076],[79.73759956500004,11.843272017000064],[79.73745762600004,11.844254211000061],[79.73720280400005,11.844717028000053],[79.73683068800005,11.844650243000043],[79.73676489100006,11.844262415000056],[79.73677218900008,11.843814852000035],[79.73688898500008,11.84247930700007],[79.73700079400004,11.841940934000034],[79.73753704200003,11.839944475000024],[79.73810464200005,11.837779380000025],[79.73810611900007,11.837056593000058],[79.73808672600006,11.836911950000069],[79.73660909400007,11.836968622000034],[79.73502569400006,11.83705292000007],[79.73305639400007,11.837144613000014],[79.73191228300004,11.837036253000058],[79.73132438900006,11.836935586000044],[79.73036173400004,11.837071406000067],[79.72955850600005,11.83718832700003],[79.72947163700009,11.837040355000056],[79.73974216700003,11.836199543000081],[79.74076916700004,11.834852486000042],[79.74160280700005,11.832513459000033],[79.74219162000009,11.83129028700005],[79.74214027500005,11.827480457000021],[79.74376305400006,11.82560046400005],[79.74444531800005,11.824188229000075],[79.74482614100005,11.823152361000028],[79.74531432600008,11.821143973000064],[79.74546037100004,11.819129074000038],[79.74547309600007,11.818345625000074],[79.74511798900005,11.816813322000026],[79.74420477000007,11.813916919000059],[79.75129442800005,11.81361257800005],[79.75680911800005,11.813594376000024],[79.75750557000003,11.81270891800006],[79.75933576100005,11.812065616000035],[79.76195034500005,11.812106581000025],[79.76604149100007,11.812282210000035],[79.76882760800004,11.81233249600006],[79.77150131100008,11.81225581900002],[79.77539168900006,11.81074804300004],[79.78085569200005,11.810384234000018],[79.78425562700005,11.80983601800006],[79.78726391300006,11.80944402100005],[79.78830304100006,11.808515252000063],[79.78939806800008,11.808028198000041],[79.79093345600006,11.807988798000048],[79.79218462000006,11.80977268100003],[79.79416356400003,11.810054673000014],[79.79639966500008,11.810215448000058],[79.79838447100006,11.810056614000072],[79.80041423700004,11.809949182000008],[79.80052528500005,11.810308312000073],[79.80088442500004,11.812129141000069],[79.80121302900005,11.813566151000046],[79.80153263100004,11.815066170000033],[79.80203661100006,11.816560012000018],[79.80245259700007,11.817973579000059],[79.80287381300006,11.819418804000069],[79.80342032100003,11.821337278000042],[79.80378953700006,11.822597924000043],[79.80420642300004,11.82417389900008],[79.80455536000005,11.82584919200001],[79.80473508700004,11.826861133000016],[79.80487639400008,11.827552254000068],[79.80528106600008,11.828527062000033],[79.80570247000009,11.829312694000063],[79.80597543100005,11.829785961000034],[79.80603754700007,11.830056408000086],[79.80621819800007,11.83035912000001],[79.80641282800008,11.83086388600001],[79.80644151300004,11.83093198200003],[79.80672513900004,11.831744820000038],[79.80689508400008,11.832652890000068],[79.80698747400004,11.833470691000054],[79.80618465200007,11.833567749000052],[79.80593120000003,11.833597687000067],[79.80456388500005,11.833559778000051],[79.80340686000005,11.83361529600006],[79.80218736400008,11.83392919400006],[79.80131980000004,11.83471645300004],[79.80096633200002,11.83571233500003],[79.80069448600005,11.836469292000055],[79.80035673000003,11.837701093000012],[79.79979073200006,11.838310319000065],[79.79901639900005,11.838629920000072],[79.79821901300006,11.838742806000024],[79.79776237500005,11.838374931000017],[79.79761293700005,11.83790917500005],[79.79815704200007,11.835722085000038],[79.79837400300005,11.835106368000025],[79.79807373300007,11.834695803000052],[79.79757639200005,11.834369027000035],[79.79701029600005,11.834191162000023],[79.79662437500008,11.83412883300002],[79.79519939500005,11.833829469000015],[79.79377565300007,11.833596638000069],[79.79357161400003,11.832390335000063],[79.79398546000004,11.832423785000056],[79.79461021600008,11.832511231000067],[79.79594526500006,11.833282807000042],[79.79742962600005,11.833518805000038],[79.79861714000003,11.833345406000028],[79.79950429200005,11.832767075000051],[79.79958838300007,11.832083916000048],[79.79979839700007,11.831761273000028],[79.80063731900003,11.83068605400006],[79.80078579500008,11.830129053000066],[79.80060831500003,11.829482468000036],[79.80046372300006,11.829072056000022],[79.80002129100008,11.828748395000046],[79.79915860400007,11.82807434900007],[79.79833512000003,11.827599358000041],[79.79829769800006,11.825773233000062],[79.79803616200007,11.825014858000037],[79.79746926500007,11.824601325000046],[79.79664249500007,11.824479208000074],[79.79592754300006,11.824739930000028],[79.79545247100002,11.825031409000081],[79.79500183000005,11.825730319000055],[79.79518252000007,11.826172861000025],[79.79618754000008,11.826964134000033],[79.79609900400003,11.827493859000061],[79.79591654200004,11.827811279000061],[79.79609268100005,11.828108295000048],[79.79600209200004,11.828334670000057],[79.79573670000008,11.828540308000074],[79.79529232200008,11.82862817200003],[79.79475924000008,11.828535379000071],[79.79297363100005,11.827739934000014],[79.79229380900004,11.827589615000015],[79.79161016100005,11.827823739000042],[79.78938086300008,11.829014964000052],[79.78878677500006,11.828656223000054],[79.78819364600008,11.829386744000024],[79.78732126600006,11.829395793000055],[79.78642068900007,11.831029264000046],[79.78535244200003,11.831260787000073],[79.78472903600004,11.831376290000048],[79.78407627200005,11.831107952000016],[79.78369129900005,11.831345545000032],[79.78306054300005,11.831777782000058],[79.78252736800006,11.83169057900005],[79.78220083400004,11.831565988000019],[79.78178863400007,11.831716328000013],[79.78119173300007,11.831891990000033],[79.78015470500003,11.831888292000032],[79.77831264100007,11.83176157000002],[79.77795795500003,11.831465136000078],[79.77727892800003,11.830550245000037],[79.77616265400007,11.828706182000065],[79.77606169500005,11.828720398000025],[79.77463819900004,11.82869147700008],[79.77408032300008,11.827219183000055],[79.77431755200007,11.82698721200006],[79.77390551600007,11.826342585000061],[79.77325400200006,11.826427153000045],[79.77328669400003,11.824817482000077],[79.77308516700003,11.82382320700002],[79.77296907800007,11.822711871000024],[79.77107260300004,11.822702606000066],[79.77097914600006,11.823319055000068],[79.7699702720001,11.823490494000062],[79.77006290500002,11.822640626000064],[79.76774908200008,11.82274658200004],[79.76768380200008,11.823389403000023],[79.76492411800007,11.824171658000067],[79.76501056800004,11.82484504300003],[79.76516260700004,11.826847746000057],[79.76525804900007,11.831939193000037],[79.76513809700002,11.832848422000032],[79.76481286800004,11.832927907000048],[79.76448333300004,11.833132489000022],[79.76444840300009,11.833453311000023],[79.76436301000007,11.833780110000081],[79.76389029300003,11.83377722600005],[79.76308674800003,11.83391688100005],[79.76210254300008,11.834469791000057],[79.76064711000004,11.835281432000041],[79.75962131000006,11.835644237000054],[79.75792782800004,11.83595484200003],[79.75777921500008,11.836367475000028],[79.75727081700005,11.836659447000036],[79.75563779500003,11.836911211000034],[79.75563261500008,11.837585449000082],[79.75286844800007,11.838481335000026],[79.75265919300006,11.838042781000068],[79.75070292000004,11.83867280100003],[79.75076871100003,11.839133911000026],[79.74858168100008,11.840649980000013],[79.74665179500005,11.841202561000035],[79.74591356200006,11.841264218000038],[79.74478484200006,11.841333243000044],[79.74321664200006,11.841888101000052],[79.74235541700006,11.842191370000021],[79.74128932000008,11.84206965700002],[79.74025758500005,11.842228135000024],[79.73954266900006,11.842404021000048],[79.73927231200008,11.842626403000047],[79.73916575600003,11.843405051000046],[79.73881388100006,11.843641931000041],[79.73825131600007,11.843038758000024],[79.73793813700007,11.842868038000065],[79.73769538200008,11.842942004000076]]],[[[79.74303782700008,11.888648036000058],[79.74278801200006,11.888869658000027],[79.74139482800007,11.888769835000057],[79.74046490700005,11.888632207000049],[79.73841744700007,11.888415997000031],[79.73692467700005,11.888454406000037],[79.73568150600005,11.888495624000022],[79.73425256400003,11.88841208300004],[79.73345044400008,11.888092599000057],[79.73235091300008,11.886912374000065],[79.73091398700006,11.887318149000059],[79.72761032500006,11.884584847000053],[79.72646210400005,11.883445545000024],[79.72494643300008,11.88348684600003],[79.72198896500004,11.883114943000072],[79.71877565700004,11.882285517000067],[79.71773515700005,11.88142531100004],[79.71568862600003,11.88171743400004],[79.71450161600008,11.881828160000056],[79.71386938200004,11.882253385000052],[79.71336315800005,11.88455166600005],[79.71172376300007,11.88452543500004],[79.71010073300005,11.883576895000026],[79.70938193500007,11.88369507900006],[79.70937447900008,11.883244962000049],[79.70921801900003,11.882317650000063],[79.70912827700005,11.881649678000016],[79.70890921200004,11.879312745000052],[79.70870332300007,11.877495954000027],[79.70854282900007,11.875773507000087],[79.70851709200008,11.874281041000078],[79.70823738400009,11.869516248000018],[79.70823502300004,11.869104579000062],[79.70916158800003,11.868950266000063],[79.70955995200006,11.868609301000056],[79.70973234400003,11.868292908000056],[79.70992895100005,11.868174260000046],[79.71086984100003,11.867984079000047],[79.71105275600006,11.867793034000053],[79.71113810000008,11.867408710000047],[79.71124559800005,11.866861218000057],[79.71254814800007,11.86661027900003],[79.71266511000005,11.866252399000064],[79.71267912200005,11.865402305000028],[79.71271962400004,11.865098463000042],[79.71315686000008,11.864481818000048],[79.71346207800008,11.863955536000029],[79.71352880000006,11.863588962000035],[79.71355752400007,11.862887971000067],[79.71346096700006,11.861799295000024],[79.71339985800006,11.860713446000018],[79.71376146600005,11.860377529000047],[79.71440504400005,11.859605183000049],[79.71477403600005,11.859029180000046],[79.71539784000004,11.857927224000038],[79.71586531800006,11.856862243000023],[79.71628882200008,11.856173214000016],[79.71661538300003,11.855461211000025],[79.71735439700007,11.854522363000058],[79.71809480800005,11.853776371000045],[79.71875343000005,11.853339189000044],[79.71962040600005,11.853041779000016],[79.71965397800005,11.853506924000035],[79.71953831600007,11.855180837000036],[79.71949574900005,11.855750775000049],[79.71946381000004,11.856718964000043],[79.71972519100007,11.857603874000054],[79.72004138700004,11.858497554000042],[79.72057867600006,11.860290171000019],[79.72092087600004,11.861622958000055],[79.72108516500003,11.862495055000066],[79.72232147600005,11.86257903900002],[79.72335777400008,11.862501945000087],[79.72457843600006,11.862283429000055],[79.72557908100003,11.862215901000067],[79.72672267500009,11.862228453000048],[79.72882629900005,11.862416389000016],[79.73108076000005,11.862482638000063],[79.73254973500008,11.862552182000067],[79.73263416000003,11.865513823000068],[79.73376329100006,11.865572326000057],[79.73597730900008,11.864892421000041],[79.73680430800005,11.864801764000049],[79.73885170700004,11.864719134000033],[79.73988302300008,11.86459673200006],[79.74031915900008,11.864391612000077],[79.74079392900005,11.86392321300002],[79.74120947300007,11.863505752000048],[79.74185329400007,11.862850564000036],[79.7420260630001,11.862505953000039],[79.74204689100003,11.861999933000046],[79.74204811700008,11.861361661000048],[79.74220606200004,11.860872469000077],[79.74244321100008,11.860581879000044],[79.74314329000003,11.859986222000028],[79.74333422000007,11.859650921000016],[79.74333590600008,11.859054387000072],[79.74374412100008,11.858030103000033],[79.74376846300004,11.856532894000045],[79.74394858000005,11.854890423000018],[79.74401622400006,11.85382807400003],[79.74402628900005,11.85292720900002],[79.74304733400004,11.852792221000076],[79.74298232500007,11.851721020000065],[79.74240763000006,11.851578878000039],[79.74273818700004,11.849908366000008],[79.74308000400003,11.848460191000061],[79.74382462000005,11.84850126500004],[79.74616801900004,11.84892840700006],[79.74822508900009,11.849081488000015],[79.74862054100002,11.849051631000066],[79.74947486100007,11.84832871500002],[79.75033124500004,11.847972319000064],[79.75097452100005,11.848050102000057],[79.75182192000007,11.84838932800005],[79.75253120100007,11.848915827000027],[79.75323668300008,11.849535861000051],[79.75365513400004,11.849782632000021],[79.75385950800006,11.850170381000057],[79.75403434200007,11.851110229000026],[79.75403280700006,11.851771026000048],[79.75380399300008,11.85268085500008],[79.75364725300005,11.853523031000051],[79.75359855800008,11.853843657000024],[79.75369121800009,11.854060502000047],[79.75391271000005,11.854239903000064],[79.75392302300007,11.854593033000056],[79.75383144500006,11.855511794000043],[79.75372400100008,11.855996143000024],[79.75360923700003,11.856932587000074],[79.75355983400004,11.85722614200006],[79.75368164800004,11.857551707000015],[79.75361611700005,11.858275793000077],[79.75358713200005,11.858864002000072],[79.75365692800005,11.859998451000012],[79.75419852300007,11.860773808000022],[79.75425538900004,11.861080313000048],[79.75430991500008,11.861885235000038],[79.75385501000005,11.861978455000035],[79.75366329600006,11.862151367000026],[79.75367406600003,11.864244599000072],[79.75435326000007,11.864159413000033],[79.75438367200009,11.86475646200006],[79.75445060900005,11.86528980400005],[79.75450429900008,11.865863538000038],[79.75380174700007,11.865976552000065],[79.75483765800004,11.86726830000003],[79.75542974700004,11.867401650000014],[79.75542857300007,11.867898967000015],[79.75703115500005,11.868207185000063],[79.75480328500004,11.871799071000044],[79.75448744800008,11.872070412000024],[79.75372885000007,11.872885146000037],[79.75266368100006,11.873327406000032],[79.75188495800005,11.87361627600006],[79.75072417800004,11.874093109000052],[79.75132642800008,11.875296895000071],[79.75121883000008,11.876213214000083],[79.75113006700008,11.877804247000023],[79.75123697900004,11.878908905000062],[79.75123102200007,11.87927647100002],[79.75119466800004,11.879611981000032],[79.75072468900004,11.88112598400004],[79.75117304400004,11.882854064000062],[79.75208405900007,11.884934538000028],[79.75221815900005,11.885280630000072],[79.75182434200008,11.887959778000042],[79.75002616000006,11.888895782000084],[79.74800085700008,11.888795097000065],[79.74726863300003,11.888612131000055],[79.74622668400008,11.888250594000048],[79.74577217300003,11.888243428000065],[79.74303782700008,11.888648036000058]]]]},"properties":{"FID":2822,"OBJECTID":2847,"ST_CODE":"34","ST_NAME":"PUDUCHERRY","DT_CODE":"02","DIST_NAME":"Pondicherry","AC_NO":21,"AC_NAME":"Embalam (SC)","PC_NO":1,"PC_NAME":"PONDICHERRY","PC_ID":3401,"STATUS":" ","Shape_Leng":0.457120415645,"Shape_Area":0.00246109244829,"dtcode11":"617","dtname11":"Cuddalore"}},{"type":"Feature","id":2823,"geometry":{"type":"MultiPolygon","coordinates":[[[[79.565548926000062,11.987751714000066],[79.565361231000054,11.987751124000061],[79.565218491000053,11.987891325000017],[79.565217894000071,11.988076309000066],[79.565359638000075,11.988818253000034],[79.565788166000061,11.990260195000014],[79.565787109000041,11.990676427000045],[79.565979087000073,11.991372139000022],[79.5663086420001,11.991743529000022],[79.567155532000072,11.992436134000057],[79.567844687000061,11.99364054900003],[79.567960869000046,11.993825175000049],[79.567487490000076,11.99405986600004],[79.566597214000069,11.994668302000029],[79.565705747000038,11.995498926000037],[79.564667915000086,11.996522611000042],[79.563027566000073,11.998291830000005],[79.561989987000061,11.998891329000058],[79.561049933000049,11.998994330000061],[79.55940355000007,11.998950286000031],[79.557987020000027,11.998297267000062],[79.557617746000062,11.997279871000048],[79.556776742000068,11.995085892000018],[79.555815854000059,11.993990947000036],[79.554106328000046,11.993043722000049],[79.553705128000033,11.992098216000048],[79.553609211000079,11.991307559000061],[79.553646742000069,11.991018200000044],[79.553840189000084,11.990846462000036],[79.554229682000084,11.990594481000082],[79.554959279000059,11.990315035000023],[79.555496109000046,11.990094543000053],[79.555767920000065,11.989886867000058],[79.555970622000089,11.989467358000061],[79.556145376000075,11.988861570000045],[79.556324895000046,11.988595565000013],[79.5566511950001,11.988225650000057],[79.557202381000081,11.987819664999998],[79.557436112000062,11.987642979000041],[79.557684226000049,11.987354132000068],[79.558098357000063,11.986573045000055],[79.558388021000027,11.985810016000073],[79.558517944000087,11.98555191900005],[79.558636812000088,11.985285425000017],[79.558816764000071,11.984960779000051],[79.558977625000082,11.984603681000063],[79.559346064000067,11.984016821000074],[79.559805289000039,11.983471297000058],[79.560137242000067,11.982954985000044],[79.562857549000057,11.984881908000036],[79.563663040000051,11.985479014000001],[79.564694797000072,11.985617055000036],[79.565167775000077,11.985292115000041],[79.565355467000089,11.98529270600004],[79.56521224800008,11.98608267500002],[79.565358370000069,11.986779687000029],[79.565169722000064,11.986824178000065],[79.56521960300006,11.98710507800007],[79.565407350000044,11.987104542000058],[79.565548926000062,11.987751714000066]]],[[[79.561768732000075,12.051726044000029],[79.561499978000086,12.051816569000042],[79.561230194000089,12.05165880500005],[79.5610282190001,12.051569554000029],[79.560557637000045,12.05159227100005],[79.560355280000067,12.051658717000068],[79.560153680000056,12.051659751000049],[79.559884271000044,12.05159227100005],[79.55968211000004,12.051457874000052],[79.559502298000041,12.051187955000053],[79.55950221500008,12.05091939900006],[79.55950299400007,12.050583179000055],[79.559502631000043,12.050246909000066],[79.559412206000047,12.050000218000028],[79.559143331000087,12.049798485000066],[79.558873926000047,12.049731004000025],[79.558403164000083,12.049708570000057],[79.558089087000042,12.049641322000074],[79.557482434000065,12.049192983000065],[79.556517371000041,12.048744214000068],[79.555731837000053,12.048497646000044],[79.55512667000005,12.048115939000072],[79.55481196900007,12.04764470300006],[79.55501455700005,12.047106622000058],[79.55535306700007,12.046698816000067],[79.555891229000053,12.046429810000058],[79.557148263000045,12.046092922000074],[79.557462438000073,12.045936762000052],[79.557821602000047,12.045331298000074],[79.558045315000072,12.044904753000026],[79.55802270900007,12.043178490000068],[79.558023278000064,12.042527464000033],[79.558157845000039,12.041900557000028],[79.558696549000047,12.040980522000048],[79.559680348000086,12.040239725000042],[79.560868183000082,12.039789107000061],[79.5611026370001,12.039574049000054],[79.561084423000068,12.037703595000046],[79.562452017000055,12.038260791000033],[79.562812154000085,12.03829739000002],[79.563315826000064,12.037686055000046],[79.564107847000059,12.037595500000073],[79.56441321200009,12.035635889000037],[79.564539611000043,12.034593407000044],[79.564721597000073,12.034004764000029],[79.565044721000064,12.033483430000034],[79.565242951000073,12.032422766000018],[79.5654595970001,12.031163231000043],[79.565243310000085,12.03010301600005],[79.564918890000058,12.028807745000041],[79.565153321000082,12.02785479400006],[79.564631310000038,12.027729646000074],[79.564287849000038,12.025933698000015],[79.56380293400008,12.023757909000034],[79.561283313000033,12.023650709000046],[79.559681633000068,12.023451872000065],[79.559681650000073,12.022517673000033],[79.556460850000065,12.023452759000063],[79.555471181000087,12.023560264000018],[79.554661448000061,12.020790951000045],[79.55446990300004,12.019987987000023],[79.55348067500006,12.019988311000024],[79.552958908000036,12.019465989000018],[79.551789327000051,12.018153879000065],[79.551519282000072,12.016751650000053],[79.550817548000055,12.016013575000052],[79.550384905000058,12.015618266000047],[79.55018687800009,12.015151228000038],[79.550312892000079,12.014413435000046],[79.550475240000083,12.014197403000026],[79.550439141000084,12.013425188000042],[79.550511497000059,12.013101282000026],[79.550853798000048,12.012561709000053],[79.550977967000051,12.011667016000052],[79.550707365000065,12.010767975000038],[79.551211440000088,12.010588867000022],[79.550707614000089,12.009707466000053],[79.550941519000034,12.008988114000033],[79.55164398900007,12.007549896000045],[79.551644180000039,12.006686831000026],[79.551482152000062,12.006110878000062],[79.55146372300004,12.005205231000035],[79.551770078000061,12.005043115000037],[79.551931419000084,12.005241090000018],[79.552112014000045,12.00576260100007],[79.552364051000026,12.005906019000047],[79.552597571000092,12.005906445000054],[79.553947516000051,12.005042480000041],[79.554774891000079,12.005024674000015],[79.555476620000093,12.004755227000034],[79.555842709000046,12.003065988000049],[79.554468220000047,12.002713797000078],[79.554321168000058,12.000220636000057],[79.554015059000065,11.999199315000054],[79.552311620000069,11.998734055000046],[79.552266644000056,11.998348441000024],[79.552823151000041,11.998099511000021],[79.55404918000005,11.99795198200003],[79.554196692000048,11.997758979000018],[79.5547192640001,11.997452097000066],[79.555457667000042,11.997917625000074],[79.55448100600006,11.999370467000061],[79.556024679000089,11.999211359000073],[79.556376278000073,11.999404402000042],[79.557728152000038,11.999971028000056],[79.559715225000048,12.00036896000006],[79.560219211000074,12.000952469000028],[79.560571063000054,12.001066542000048],[79.561094165000043,12.001190619000038],[79.56115094200004,12.001372568000017],[79.560685084000056,12.001543278000046],[79.560775359000047,12.001939968000048],[79.560798940000041,12.002269335000046],[79.560570971000061,12.002518500000065],[79.560355075000075,12.002483911000056],[79.559753717000092,12.002245727000057],[79.559481875000088,12.002257116000068],[79.558776843000089,12.00274529700005],[79.558266917000083,12.002313814000049],[79.558130566000045,12.002734094000072],[79.557698085000084,12.002802514000056],[79.557619179000085,12.002972682000058],[79.556835627000069,12.003131255000021],[79.556971659000055,12.003381101000068],[79.556471983000051,12.003982363000038],[79.556264902000066,12.004397185000053],[79.55605251500009,12.00482756100007],[79.556322138000041,12.005330533000061],[79.557438494000053,12.005744354000056],[79.557996324000044,12.006032476000021],[79.558175428000084,12.006463657000044],[79.558248260000084,12.006841514000033],[79.55871618500008,12.007290281000047],[79.559417473000053,12.007865814000056],[79.560137582000053,12.008406093000016],[79.560598552000059,12.008414542000022],[79.5607786720001,12.00823428200003],[79.560995027000047,12.007964278000026],[79.561030551000044,12.007496554000046],[79.561048378000066,12.005860350000049],[79.5613191280001,12.005061432000051],[79.56232729500006,12.005438730000025],[79.562902696000108,12.005349683000018],[79.564216095000063,12.004900274000018],[79.564971728000046,12.004702039000033],[79.565205781000088,12.004666367000025],[79.56574641400006,12.004881475000058],[79.566070060000072,12.005798658000051],[79.566555314000084,12.005457320000051],[79.566897422000068,12.005313711000042],[79.567094987000075,12.005619355000023],[79.5674554260001,12.005475445000068],[79.56768934300004,12.00603319000003],[79.567923314000026,12.006589809000037],[79.568930927000068,12.006733501000044],[79.569560814000056,12.00648217300005],[79.569633071000055,12.005888626000045],[79.570496525000053,12.005907332000053],[79.57078490400005,12.004900480000066],[79.57101811800004,12.004612048000073],[79.571431738000072,12.00443217300006],[79.57173776500008,12.00452271400002],[79.571828278000055,12.004791925000061],[79.571845882000048,12.005619680000056],[79.572055340000091,12.006088313000022],[79.572739356000071,12.006322282000042],[79.573639474000061,12.006340369000037],[79.574412762000051,12.007436915000028],[79.575060606000079,12.008227696000059],[79.575511286000051,12.008408246000046],[79.577705913000031,12.008408024000053],[79.578264021000052,12.008641926000047],[79.578245731000038,12.009306737000047],[79.579056137000052,12.01076371100004],[79.578607152000075,12.012665919000035],[79.578642663000039,12.013330911000022],[79.578912718000083,12.01392525600005],[79.57905702000005,12.015255168000074],[79.579327115000055,12.016711483000037],[79.576861397000073,12.018329796000037],[79.574377115000075,12.019853597000056],[79.57113751100006,12.020950617000034],[79.568600408000066,12.021687814000016],[79.568276447000073,12.023359916000068],[79.568114725000044,12.023612106000035],[79.566836752000086,12.02339525900004],[79.566360020000047,12.025077386000005],[79.565927750000057,12.025976254000046],[79.565963622000083,12.026263329000022],[79.566306305000069,12.027486073000038],[79.566342109000061,12.028438830000027],[79.56661200800005,12.029355912000046],[79.567061784000089,12.030615100000039],[79.566953580000074,12.031291696000048],[79.566701238000064,12.031867002000078],[79.56686361800007,12.032191392000058],[79.567132880000088,12.032531897000066],[79.567457559000047,12.033773032000054],[79.567798753000091,12.034905472000036],[79.568087166000069,12.035302130000046],[79.568303103000048,12.036272079000074],[79.568428437000065,12.037171366000049],[79.56857492500005,12.038428159000034],[79.56868251300007,12.039290545000036],[79.568466727000029,12.040261307000028],[79.56782958000008,12.041255907000053],[79.567947500000059,12.041994652000019],[79.56812448800008,12.042842131000043],[79.568549001000065,12.043513494000026],[79.569313903000079,12.044301787000036],[79.56973882200009,12.044890798000038],[79.569833129000074,12.045078979000028],[79.569785594000052,12.045362303000054],[79.569644775000086,12.045632386000021],[79.569514764000076,12.045891673000028],[79.56930944700008,12.046120478000018],[79.56883831800009,12.046524579000053],[79.568501010000091,12.046882822000045],[79.568231659000048,12.047331018000014],[79.56776123800006,12.047891991000034],[79.567177468000082,12.048206372000033],[79.566503690000047,12.048363225000063],[79.56553935900007,12.048341072000015],[79.564932875000068,12.048429874000025],[79.564260181000066,12.048833877000046],[79.563384794000044,12.049483722000037],[79.562801195000077,12.049843230000022],[79.562733578000064,12.04957387800005],[79.562599337000066,12.049259763000054],[79.5624645170001,12.049081025000017],[79.562240212000063,12.049102474000049],[79.5620609950001,12.049237670000025],[79.5619489190001,12.049775344000082],[79.56203866900006,12.050380824000058],[79.56197158100008,12.051255661000026],[79.561903132000054,12.051569638000055],[79.561768732000075,12.051726044000029]]]]},"properties":{"FID":2823,"OBJECTID":2848,"ST_CODE":"34","ST_NAME":"PUDUCHERRY","DT_CODE":"03","DIST_NAME":"Mahe","AC_NO":29,"AC_NAME":"Mahe","PC_NO":1,"PC_NAME":"PONDICHERRY","PC_ID":3401,"STATUS":" ","Shape_Leng":0.246183935461,"Shape_Area":0.000734332680547,"dtcode11":"636","dtname11":"Mahe"}},{"type":"Feature","id":2824,"geometry":{"type":"MultiPolygon","coordinates":[[[[79.70034787500003,11.821662257000074],[79.69256126900005,11.822476033000045],[79.69195775900006,11.814165202000027],[79.70259985900005,11.813470707000013],[79.70034787500003,11.821662257000074]]],[[[79.75750557000003,11.81270891800006],[79.75680911800005,11.813594376000024],[79.75129442800005,11.81361257800005],[79.74420477000007,11.813916919000059],[79.74511798900005,11.816813322000026],[79.74547309600007,11.818345625000074],[79.74546037100004,11.819129074000038],[79.74531432600008,11.821143973000064],[79.74482614100005,11.823152361000028],[79.74444531800005,11.824188229000075],[79.74376305400006,11.82560046400005],[79.74214027500005,11.827480457000021],[79.74219162000009,11.83129028700005],[79.74160280700005,11.832513459000033],[79.74076916700004,11.834852486000042],[79.73974216700003,11.836199543000081],[79.72947163700009,11.837040355000056],[79.72942932800004,11.836967515000039],[79.73060657500008,11.835609381000037],[79.73234516300003,11.833452778000035],[79.73225956300007,11.832106180000041],[79.73200822700005,11.829483899000007],[79.73188043100004,11.827847987000034],[79.73161884600006,11.825153416000035],[79.73163875800003,11.824425316000022],[79.73265276300003,11.82429369200003],[79.73282625400003,11.82320269600006],[79.73295392400007,11.819520965000036],[79.73292497100003,11.818210286000054],[79.73399642200008,11.817711986000052],[79.73450439200009,11.817375008000042],[79.73468200100007,11.817152313000067],[79.73479104300003,11.816852986000065],[79.73478915900006,11.816477483000018],[79.73436942600006,11.815195579000017],[79.73428800200008,11.814504234000024],[79.73441332000003,11.813838719000035],[79.73459091800004,11.813476213000062],[79.73478690500008,11.813249302000015],[79.73533902000008,11.812590552000064],[79.73601614100005,11.812126590000043],[79.73588386900008,11.810552724000054],[79.73570339800006,11.809337781000064],[79.73389091400007,11.809382344000019],[79.73238003900008,11.809389951000078],[79.72979997000004,11.809271194000067],[79.72977193100007,11.810075798000069],[79.72777082500005,11.81017591800002],[79.72446185300004,11.81039613400003],[79.72428225800007,11.808365995000033],[79.72428119500006,11.807244103000071],[79.72435325200007,11.806828072000028],[79.72441207100007,11.806661010000026],[79.72489618200008,11.806242519000016],[79.72551377100007,11.805849829000053],[79.72533480800007,11.804059891000064],[79.72527885500006,11.80293488700005],[79.72318131600008,11.802989432000064],[79.7228653000001,11.802091424000027],[79.72270457200005,11.801354867000034],[79.72258687300008,11.799809465000058],[79.72265903500006,11.79959639400005],[79.72352855300005,11.799053272000018],[79.72278953900008,11.797989563000039],[79.72280034800006,11.796493581000044],[79.72155871500007,11.796978898000074],[79.72051352300008,11.797209148000023],[79.71898565600003,11.797492571000017],[79.71691997800008,11.797493411000056],[79.71687967800007,11.79674299900006],[79.71675890600004,11.796432143000047],[79.71569835300005,11.796274262000052],[79.71392126700006,11.796263887000059],[79.71364317200005,11.79556942800002],[79.71294885200005,11.79346575000005],[79.71239685800003,11.791545881000053],[79.71286688200007,11.790870170000058],[79.71400889400007,11.78990080000005],[79.71580967100005,11.788327500000031],[79.71799969000006,11.786462762000047],[79.71982838400004,11.784925956000047],[79.72188971900005,11.786851779000074],[79.72336221200004,11.784913522000055],[79.7242931310001,11.783760342000045],[79.72490084500004,11.783196163000078],[79.72574301700007,11.782708995000045],[79.72691068300009,11.782259697000029],[79.72851947800007,11.781844459000077],[79.72928579700005,11.781655958000025],[79.73000045000003,11.78140800800001],[79.73053979200007,11.781034383000076],[79.73132350300007,11.780831492000063],[79.73228252100006,11.780754266000026],[79.73331971500005,11.780654598000075],[79.73580243200007,11.780606017000023],[79.73810780300005,11.780907464000032],[79.73965494400005,11.780972529000051],[79.74061401900008,11.780750940000067],[79.74168069500007,11.780315712000055],[79.74430845300003,11.778945710000087],[79.74572301400006,11.778225077000043],[79.74659315900006,11.777699907000054],[79.74862136600008,11.776745409000055],[79.74971487700003,11.776133551000038],[79.75117187000006,11.775615343000018],[79.75259562700008,11.775735822000042],[79.75410965400006,11.775510473000043],[79.7550311190001,11.775275801],[79.75588960800007,11.775397513000033],[79.75664815700003,11.778446602000027],[79.75667317000006,11.77973109700002],[79.75720069800008,11.781429351000028],[79.75743313100008,11.782978674000056],[79.7575278610001,11.783489750000058],[79.75806127200008,11.783549980000032],[79.75833346100006,11.783842868000018],[79.75829325000007,11.784986564000077],[79.75927131700006,11.785927514000033],[79.75991889500006,11.78706847300002],[79.76089639000008,11.786982323000064],[79.76100859200005,11.788184792000035],[79.7609507270001,11.788650642000048],[79.76156942700004,11.789384146000028],[79.76193054800007,11.790834050000056],[79.76308663400005,11.790602985000017],[79.76350143700006,11.791066091000054],[79.76463097500003,11.791133370000065],[79.76477474800004,11.791372382000072],[79.76536635800005,11.791373741000033],[79.76584244300005,11.791869368000052],[79.76875184900007,11.790773849000049],[79.76879368400007,11.78916790500006],[79.76929751000006,11.788934499000062],[79.77059434600004,11.789556785000059],[79.77102376400006,11.788184634000052],[79.77063717200008,11.787887727000053],[79.77046042900008,11.787563653000062],[79.77030745500008,11.787184706000065],[79.77055111700008,11.786477103000042],[79.77055401700005,11.786011523000063],[79.77034824600008,11.78542881900005],[79.77005976900006,11.784581011000052],[79.77008859600005,11.783997460000018],[79.77015546800004,11.783467493000046],[79.77047984100005,11.783148987000056],[79.77080464300008,11.78308866400005],[79.77077526000005,11.782709396000028],[79.77130591000008,11.78237155900007],[79.77187010800002,11.782224775000016],[79.77276139700007,11.782373957000061],[79.77373850300006,11.782238109000051],[79.77471465000008,11.78194778600004],[79.77492429900008,11.782503478000033],[79.77706293000004,11.781719392000078],[79.77860729100007,11.78117294100001],[79.78041552700006,11.781154814000047],[79.78117582600004,11.784344779000046],[79.78241561200008,11.784527497000056],[79.78301468500007,11.784991140000047],[79.78392615100006,11.786315336000019],[79.78436794100008,11.787385345000079],[79.78793008600006,11.786675006000053],[79.79237936800007,11.78601549200004],[79.79576496700008,11.785536738000069],[79.79597463200008,11.787178111000065],[79.79618341700007,11.788370764000032],[79.79648722300004,11.790281933000063],[79.79667468500008,11.791881275000032],[79.79684761900006,11.793386824000038],[79.79681706400002,11.793725714000063],[79.79708788300006,11.794543907000042],[79.79737536100004,11.796043342000063],[79.79755140300006,11.79728175100008],[79.79794660000005,11.798989186000034],[79.79831475800006,11.80088675600007],[79.79845312800008,11.802047936000061],[79.79868342700007,11.802969254000065],[79.79893983100004,11.80383234700002],[79.79906764100008,11.804505171000072],[79.79919883000008,11.804892794000066],[79.79919931400008,11.80515099700004],[79.79940509400006,11.80588703700004],[79.79948612000004,11.806406933000071],[79.79972530200007,11.80741860000006],[79.80012455800005,11.809017910000023],[79.80041423700004,11.809949182000008],[79.79838447100006,11.810056614000072],[79.79639966500008,11.810215448000058],[79.79416356400003,11.810054673000014],[79.79218462000006,11.80977268100003],[79.79093345600006,11.807988798000048],[79.78939806800008,11.808028198000041],[79.78830304100006,11.808515252000063],[79.78726391300006,11.80944402100005],[79.78425562700005,11.80983601800006],[79.78085569200005,11.810384234000018],[79.77539168900006,11.81074804300004],[79.77150131100008,11.81225581900002],[79.76882760800004,11.81233249600006],[79.76604149100007,11.812282210000035],[79.76195034500005,11.812106581000025],[79.75933576100005,11.812065616000035],[79.75750557000003,11.81270891800006]]]]},"properties":{"FID":2824,"OBJECTID":2849,"ST_CODE":"34","ST_NAME":"PUDUCHERRY","DT_CODE":"02","DIST_NAME":"Pondicherry","AC_NO":23,"AC_NAME":"Bahour","PC_NO":1,"PC_NAME":"PONDICHERRY","PC_ID":3401,"STATUS":" ","Shape_Leng":0.346424856432,"Shape_Area":0.00253399834094,"dtcode11":"635","dtname11":"Puducherry"}},{"type":"Feature","id":2825,"geometry":{"type":"Polygon","coordinates":[[[79.767539477000085,11.747812981000013],[79.767805234000051,11.747351203000026],[79.767956168000083,11.747164723000003],[79.767985836000051,11.746807699000007],[79.767758956000037,11.746202673999971],[79.767441724000051,11.745204443999988],[79.767404450000086,11.744132511999979],[79.767607580000075,11.743462339999967],[79.767669140000081,11.742892231999994],[79.767791643000081,11.741860493000015],[79.767776067000071,11.741557282999988],[79.767571545000081,11.74090709399999],[79.767400223000053,11.740455283999973],[79.767091542000074,11.740054700000004],[79.766770398000077,11.739861890000004],[79.766719156000036,11.739794191999991],[79.766864870000077,11.739648667999981],[79.766969516000032,11.739580061999991],[79.767785625000059,11.739770576999959],[79.7680555530001,11.739823741999956],[79.768922168000032,11.739986943999968],[79.770084213000018,11.739963135000007],[79.77078339600007,11.739715049999987],[79.771268592000069,11.739613100000016],[79.771964284000049,11.739510533000015],[79.772300401000066,11.739128561999987],[79.772369766000068,11.738214593999967],[79.772269573000031,11.73666843299999],[79.772253330000083,11.734362000999983],[79.774446928000046,11.734428050999975],[79.774712784000045,11.734521607999996],[79.775035723000045,11.735026373999995],[79.775229738000078,11.73534193999998],[79.775834445000058,11.735447575999974],[79.776177129000018,11.735292218999998],[79.776463460000073,11.73503311499999],[79.77655465800008,11.734951363999999],[79.77748996000004,11.735086926999955],[79.777813906000077,11.735035253999994],[79.777919455000031,11.734980707000007],[79.778045366000086,11.73450942600001],[79.777940208000032,11.732773235999987],[79.777800181000046,11.73129505599999],[79.77506080600007,11.731000696999978],[79.774947922000038,11.729463934999972],[79.774091507000065,11.729377375999972],[79.772049340000038,11.729238392999971],[79.772200815000019,11.72838252199996],[79.773037960000082,11.728464291999973],[79.773510380000076,11.727670809999983],[79.7741465820001,11.726668015999985],[79.774310203000041,11.72562236999997],[79.774284559000037,11.725025632000012],[79.774008386000062,11.724655948999967],[79.773877460000065,11.724168277999995],[79.773907820000048,11.723837711000012],[79.773905736000032,11.723543727999996],[79.77412915400005,11.723375263],[79.774519045000048,11.723535967999977],[79.775065707000081,11.723922273999973],[79.775708814000041,11.724253892000002],[79.776094368000045,11.724401598],[79.776576724000066,11.723978100999963],[79.776878043000082,11.723705192999967],[79.77718356000004,11.723595342999959],[79.777636240000064,11.723389450999967],[79.7779558180001,11.723324783999972],[79.778401027000044,11.723512203],[79.778663125000051,11.723696741],[79.778799869000068,11.723682592000015],[79.778936069000068,11.723419447999973],[79.779221547000034,11.721939019000015],[79.779494618000086,11.720734362999986],[79.779715158000059,11.720036968000009],[79.779932837000047,11.719587949999971],[79.780466666000066,11.719286656999964],[79.781111109000065,11.719039368999992],[79.781848848000067,11.718366396999976],[79.782154649000077,11.718025547999979],[79.781640438000082,11.716965349999972],[79.781168650000055,11.717795366999974],[79.781100438000081,11.717863425999964],[79.781006050000045,11.717366230999998],[79.78105187000007,11.716497488999975],[79.781106138000055,11.716235312000006],[79.781539275000085,11.715120306999976],[79.782024871000047,11.714209019999952],[79.782131806000066,11.713571676999978],[79.783435693000072,11.712705833999992],[79.78807356800003,11.714756858999996],[79.790393968000046,11.71619149900001],[79.792716855000052,11.716477920000008],[79.802386875000053,11.716793375999959],[79.803341982000077,11.712962857999997],[79.80460234700007,11.703311935],[79.809436161000079,11.703552217999988],[79.814302795000074,11.701649381999992],[79.821507602000068,11.699618379999951],[79.82620655400008,11.697582202999987],[79.826722992000043,11.697578911999997],[79.824720688000085,11.701576437999984],[79.830835986000082,11.702275206999975],[79.828535131000052,11.711586579999979],[79.829970411000048,11.714136040999986],[79.841348985000039,11.714301429999995],[79.846345776000035,11.715496708000007],[79.851418505000041,11.715254186999996],[79.853995370000078,11.71603917600001],[79.85577775700007,11.716562518999989],[79.859608176000052,11.716693692999975],[79.869217968000058,11.716422004999993],[79.873690195000066,11.716022378999989],[79.873607052000082,11.717431246000006],[79.873572044000085,11.718521613999963],[79.87372347000003,11.72028473499998],[79.87362510100003,11.721574243999966],[79.873395080000037,11.722991045999972],[79.87348821000009,11.724108095999986],[79.8737021850001,11.726463466999995],[79.8736326100001,11.727286941000015],[79.873440231000032,11.728106318999968],[79.8734038750001,11.728988751999996],[79.87336973400005,11.729432258000008],[79.873465854000031,11.730281841999972],[79.873553450000045,11.731167834999981],[79.873681024000092,11.732781734999966],[79.873792847000075,11.734753439999979],[79.871296746000056,11.735340849999959],[79.871262406000042,11.73660778899996],[79.870803658000071,11.737360788000005],[79.870322442000031,11.738168531999998],[79.870024745000038,11.738880120999985],[79.870012245000069,11.739173895999972],[79.870143184000042,11.739757054000032],[79.870223933000048,11.740127553999995],[79.870247962000079,11.740339819000008],[79.870018295000037,11.741213755000016],[79.870053355000053,11.741743198000016],[79.87063757500006,11.742961039999965],[79.87094670900008,11.743425482999964],[79.871116987000079,11.743745625999972],[79.8712099200001,11.74391677600001],[79.871237988000033,11.744088633999992],[79.871167862000064,11.74457771299997],[79.870883991000042,11.745424991000018],[79.870615695000041,11.745778994999986],[79.870542650000075,11.745793631999968],[79.870039313000078,11.745895085999981],[79.867942961000054,11.745928653999979],[79.867567313000066,11.745939844999977],[79.867164659000039,11.746005149000018],[79.866107248000063,11.746765979999978],[79.865676520000036,11.746659981999999],[79.864475541000061,11.746404062999968],[79.862803641000042,11.746213516999971],[79.862337473000039,11.746265480999989],[79.86218616500004,11.746411020000004],[79.861983905000059,11.747054360000012],[79.861770096000058,11.74726808900002],[79.858794829000047,11.747333742999988],[79.859008250000059,11.748684874000022],[79.859376136000051,11.74998101899998],[79.859488567000042,11.751314892999986],[79.859629078000083,11.753552497000008],[79.858867200000034,11.753154222000003],[79.857690318000053,11.753029012999972],[79.857104125000049,11.753041479999995],[79.855750811000078,11.753432961000007],[79.854119477000054,11.753848310999988],[79.852628243000041,11.754253969999999],[79.851301665000065,11.754315299000012],[79.849714557000041,11.753789747000011],[79.848765829000072,11.753627465999973],[79.848338765000065,11.753285947000011],[79.848157862000065,11.752920073000004],[79.847792699000038,11.752184900999975],[79.847609817000048,11.751362571999959],[79.847759543000066,11.750371625999964],[79.847670674000042,11.750014463999976],[79.84755059000004,11.749761939000024],[79.847284158000051,11.74962747299999],[79.845504582000061,11.749700390000013],[79.845143373000056,11.749806174999975],[79.844741213000034,11.750056915999963],[79.844232112000057,11.750597753999978],[79.84362644100004,11.751347341000006],[79.843180557000053,11.751846985000016],[79.842806120000034,11.752070603000012],[79.842349244000076,11.752254176999955],[79.841749329000052,11.752198356999955],[79.841391354000066,11.751878672],[79.841167176000056,11.751007363000008],[79.841048928000021,11.750347338999985],[79.840890585000082,11.749922783000011],[79.84071603600006,11.749734060999984],[79.840476995000031,11.749667451999999],[79.840033485000063,11.749651676000003],[79.839256443000082,11.750008526000007],[79.838678981000058,11.750626428999988],[79.83746759900005,11.752632010999969],[79.837263640000089,11.752940293000016],[79.836929263000073,11.753873886999964],[79.836069653000052,11.75499505],[79.835206147000065,11.755275801],[79.834597332000058,11.755206323000003],[79.833479822000086,11.754271264999948],[79.833946651000034,11.753382428999954],[79.834232410000041,11.752937689999969],[79.834031969000037,11.752369140999992],[79.833675066000083,11.751547495999963],[79.83336717300007,11.751227998000019],[79.8331827480001,11.751016629999999],[79.832526365000049,11.750644567000023],[79.831852915000084,11.750562281999992],[79.830554743000064,11.750844757999994],[79.82931075900008,11.751226423000016],[79.828346141000068,11.751353244999988],[79.827503776000086,11.751375703999964],[79.826393510000074,11.750924680999983],[79.825846525000046,11.750615539999989],[79.825319671000059,11.750473087999987],[79.824318809000033,11.749939981999967],[79.823628408000076,11.749129481999956],[79.823015111000046,11.748336470999989],[79.822589079000082,11.747501939999971],[79.822486054000038,11.74703662599997],[79.822608684000059,11.746692267999968],[79.822811960000038,11.746284512999994],[79.824245824000087,11.745548910999979],[79.825048703000064,11.745141958999987],[79.825463195000069,11.744759937999985],[79.825626350000064,11.744442622999955],[79.825524232000035,11.744135838],[79.825325272000057,11.743620715999977],[79.825058300000038,11.743378281999995],[79.824882051000046,11.743804438000012],[79.824709932000047,11.744185128999984],[79.82446364700003,11.744290381000008],[79.824000673000072,11.74421130199997],[79.823357229000081,11.743743850999998],[79.823182073000069,11.743595571999988],[79.823158827000057,11.74341028799997],[79.823400217000042,11.743110481999988],[79.823746282000087,11.742810603999967],[79.823951329000082,11.742650758999975],[79.824028209000062,11.742465332000021],[79.823911810000027,11.742054344000016],[79.823696117000068,11.741951531999996],[79.823375173000059,11.741957266000002],[79.823245895000071,11.741641633000006],[79.823113375000062,11.74088246900001],[79.823006867000075,11.740566063999967],[79.823033676000037,11.740525446000019],[79.823554043000073,11.74035528599998],[79.823487270000058,11.738818103999984],[79.82347170900006,11.738578419999975],[79.823421229000047,11.738460731],[79.823297491000076,11.738371140999973],[79.823218766000039,11.738385103999999],[79.823082783000032,11.738566806000023],[79.82293433500007,11.739105796000022],[79.822731489000049,11.739559073999976],[79.822329952000032,11.739913737000034],[79.821825958000048,11.739911585999973],[79.82143639300007,11.739724027999973],[79.821192906000022,11.739580314999987],[79.820759504000051,11.738926679999979],[79.820528262000053,11.738584180999979],[79.820225540000038,11.738373229000013],[79.819689212000085,11.738185648999975],[79.819248380000062,11.738074860000003],[79.81891870000004,11.737914076000008],[79.81859195300008,11.737639797000005],[79.818435382000033,11.737396249999986],[79.818346374000058,11.737053135999993],[79.818372428000046,11.736772502999967],[79.818507091000086,11.73631480999998],[79.818826134000076,11.734341260999953],[79.818249196000082,11.734348649999973],[79.817139939000086,11.733988089999992],[79.815901260000047,11.734329224999971],[79.815580751000056,11.734380474999989],[79.815086719000035,11.734468946999996],[79.81404279200008,11.734437620000035],[79.813640351000089,11.734489845999988],[79.813279371000036,11.734582056999963],[79.812490649000068,11.735174065999967],[79.811323082000072,11.735908025999978],[79.810971809000037,11.736176873],[79.810719245000044,11.736964916000003],[79.810620490000034,11.737309059000019],[79.810583927000053,11.737390555000003],[79.810192263000062,11.737623363999965],[79.809549379000046,11.738128816999982],[79.809362527000033,11.738360304],[79.809234630000049,11.738533126000011],[79.809089886000066,11.738692196000015],[79.8088517840001,11.73878349399998],[79.808004876000055,11.738738315000003],[79.807630346000067,11.738966325999987],[79.807904100000044,11.739638884000012],[79.8074300000001,11.739903570999976],[79.806384693000055,11.740600618999988],[79.805764612000047,11.741101355999966],[79.805460021000059,11.74150975400001],[79.80540215200007,11.741785960999971],[79.805417244000083,11.742053184000008],[79.805505673000042,11.74228782299998],[79.805775987000075,11.742317878000017],[79.806649200000038,11.742069508999988],[79.80701026900006,11.742044762000011],[79.807592736000075,11.742335968999967],[79.808396434000031,11.74273908899996],[79.808408706000037,11.743399165999968],[79.808205849000061,11.743992952999998],[79.807881065000075,11.744813057000011],[79.807541637000071,11.745551994999991],[79.806509802000065,11.747045190000028],[79.806306596000084,11.747517004000004],[79.80631734300006,11.747914570999983],[79.806342327000053,11.748203876000023],[79.806169800000035,11.748535080999968],[79.805900432000058,11.748731004000007],[79.805429517000064,11.748864774999976],[79.804935459000049,11.748808195999992],[79.804453914000035,11.748751810000021],[79.803912793000066,11.748578142000008],[79.803481558000058,11.748363462000004],[79.802913354000069,11.748175879000005],[79.803207134000061,11.747518863000005],[79.803324617000058,11.747214910999976],[79.803410088000035,11.74692057899996],[79.803422283000046,11.746726284999987],[79.803453127000068,11.746504176000002],[79.803370864000058,11.746382608999992],[79.803237673000083,11.746315334999979],[79.80294473500004,11.746276492000005],[79.802355659000085,11.746614138999988],[79.80155217800008,11.747196892999987],[79.80068947500007,11.747639883999984],[79.799674615000086,11.747848918000008],[79.79877837800008,11.748110943999979],[79.798298830000036,11.748357538000009],[79.79819468400008,11.748466647999988],[79.798425396000042,11.748768716999981],[79.798820989000049,11.74929144899995],[79.799285959000045,11.749673612999995],[79.799406171000058,11.749912691999977],[79.799218875000079,11.750098639000013],[79.798441864000054,11.750161290999998],[79.797960585000069,11.750159410999991],[79.797534038000052,11.750007738999955],[79.796812764000052,11.749572669999983],[79.796147324000074,11.749132846999968],[79.79568868500003,11.749067232999975],[79.794984183000068,11.749007335000012],[79.793652690000059,11.749163606999973],[79.79186342900006,11.749484151000004],[79.791378523000063,11.749495681999987],[79.790956285000078,11.749217587000008],[79.790422529000082,11.748726958999978],[79.790087779000046,11.748670009999971],[79.789447324000051,11.748731938000004],[79.788623980000082,11.748916911000002],[79.788213268000064,11.749126888999994],[79.787779627000035,11.749418572999975],[79.787184239000069,11.749295143000008],[79.786913796000022,11.749201531999988],[79.786468447000075,11.748946107999995],[79.786161739000036,11.748843497000014],[79.786042548000083,11.748825890000003],[79.785921185000078,11.749369222999979],[79.785313119000051,11.749539563999992],[79.784326093000075,11.749784339],[79.784296900000086,11.750326869999995],[79.784215060000079,11.750463301999984],[79.783495541000065,11.750417163999959],[79.782622253000071,11.750593449999963],[79.782276138000057,11.751739204000014],[79.78223194100002,11.752223606999987],[79.7821698330001,11.752477265999996],[79.781896144000044,11.752727040999984],[79.781498241000079,11.752846704999984],[79.781140781000047,11.752644915999982],[79.780753039000061,11.751991279999995],[79.780469631000045,11.751359518999973],[79.780049485000077,11.750669400999987],[79.779687048000042,11.750494513],[79.779421688000085,11.750509454000019],[79.779299339000048,11.750758789999978],[79.779321582000037,11.751568567999991],[79.779200870000068,11.75199892899998],[79.778837620000047,11.752652005999973],[79.778610212000075,11.75292442499997],[79.778236871000061,11.753355873999979],[79.77757088000007,11.753729880999989],[79.777100406000059,11.753904039999975],[79.776683985000034,11.753901421999977],[79.776500376000058,11.753997463999964],[79.776414866000053,11.754219838],[79.776176126000067,11.754912534999974],[79.775701107000046,11.755227146999985],[79.775179913000045,11.755229619999986],[79.77468906200005,11.755114525999955],[79.774280129000061,11.754859068999979],[79.773882836000055,11.754164223999988],[79.773727543000064,11.754056662999995],[79.773470148000072,11.754071155999972],[79.773000121000067,11.754358294000003],[79.77239763300004,11.754533167999984],[79.771833970000074,11.754558568000009],[79.771091029000061,11.754341116999996],[79.770239860000075,11.754272599000011],[79.76944794300006,11.754339918000001],[79.76893993300007,11.754442070999994],[79.76805768300008,11.754677150999978],[79.767691294000045,11.754606157999971],[79.767169137000067,11.754527642999976],[79.766546216000066,11.75441774099996],[79.766150221000046,11.754066907000004],[79.766330365000059,11.753482350999967],[79.766821941000046,11.75291902],[79.767939513000059,11.749390367000005],[79.767634933000082,11.749016254999988],[79.767478607000058,11.747918256000016],[79.767539477000085,11.747812981000013]]]},"properties":{"FID":2825,"OBJECTID":2850,"ST_CODE":"34","ST_NAME":"PUDUCHERRY","DT_CODE":"04","DIST_NAME":"Karaikal","AC_NO":24,"AC_NAME":"Nedungadu (SC)","PC_NO":1,"PC_NAME":"PONDICHERRY","PC_ID":3401,"STATUS":" ","Shape_Leng":0.406240411556,"Shape_Area":0.00360708567432,"dtcode11":"637","dtname11":"Karaikal"}},{"type":"Feature","id":2826,"geometry":{"type":"Polygon","coordinates":[[[79.873690195000066,11.716022378999989],[79.869217968000058,11.716422004999993],[79.859608176000052,11.716693692999975],[79.85577775700007,11.716562518999989],[79.853995370000078,11.71603917600001],[79.851418505000041,11.715254186999996],[79.846345776000035,11.715496708000007],[79.841348985000039,11.714301429999995],[79.829970411000048,11.714136040999986],[79.828535131000052,11.711586579999979],[79.830835986000082,11.702275206999975],[79.824720688000085,11.701576437999984],[79.826722992000043,11.697578911999997],[79.82721202200004,11.696498993999995],[79.82765359400004,11.695254249999966],[79.828153527000055,11.693697385999963],[79.82859426000006,11.692504904],[79.828879396000062,11.691153242999992],[79.828950565000085,11.689955088999984],[79.831242792000083,11.68847805200002],[79.834070012000055,11.689505450999958],[79.835911929000034,11.688164736],[79.83623170500006,11.687935296],[79.836555163000085,11.687471010999985],[79.837936974000073,11.685223531999984],[79.838456424000086,11.684879697000001],[79.840471583000081,11.68256379800002],[79.841678198000082,11.681330776999996],[79.842483002000066,11.680482730000016],[79.844820317000057,11.680322865000024],[79.8466964890001,11.679396175999965],[79.849604788000036,11.676894326999971],[79.872025702000045,11.674814877999971],[79.871956681000029,11.675308342000015],[79.87211297000006,11.676456489999987],[79.872208514000036,11.677192948],[79.8722365730001,11.678102031000002],[79.872105773000058,11.679282952000012],[79.872288404000031,11.681747037],[79.872438751000061,11.684166262999959],[79.872638247000069,11.68878296599998],[79.872628177000038,11.691280200999996],[79.872806160000053,11.694490069999993],[79.872764866000082,11.697168408000012],[79.872790015000035,11.699963544999969],[79.872905886000083,11.701079716999999],[79.872935960000078,11.702522806999998],[79.872834549000089,11.704083627999998],[79.872882987000025,11.706991589000008],[79.872846021000058,11.70961054599999],[79.873025749000035,11.711454964999991],[79.872990551000058,11.712631293999973],[79.873016533000083,11.713897348000019],[79.873018797000057,11.714340814999984],[79.873711598000071,11.715666941000011],[79.873690195000066,11.716022378999989]]]},"properties":{"FID":2826,"OBJECTID":2851,"ST_CODE":"34","ST_NAME":"PUDUCHERRY","DT_CODE":"04","DIST_NAME":"Karaikal","AC_NO":26,"AC_NAME":"Karaikal North","PC_NO":1,"PC_NAME":"PONDICHERRY","PC_ID":3401,"STATUS":" ","Shape_Leng":0.165656603818,"Shape_Area":0.00157578373132,"dtcode11":"637","dtname11":"Karaikal"}},{"type":"Feature","id":2827,"geometry":{"type":"MultiPolygon","coordinates":[[[[79.7591387680001,11.671587987999953],[79.759142790000084,11.672180894999952],[79.758900613000051,11.67245802199996],[79.758880033000054,11.672815088000005],[79.75853652900004,11.67274894800001],[79.758693518000044,11.672115325000007],[79.758244432000055,11.671968275999994],[79.758260069000031,11.671565615999976],[79.7591387680001,11.671587987999953]]],[[[79.7417275390001,11.688792567999961],[79.741659134000045,11.689706368999984],[79.741055691000057,11.68974561299998],[79.740975908000067,11.68857430599998],[79.739690851000049,11.688634674999964],[79.739611865000043,11.687554423999995],[79.740988951000034,11.687429777000004],[79.741056884000059,11.686475514999998],[79.741437504000046,11.686568705999978],[79.741433634000046,11.687500389999995],[79.74203316600007,11.687560552000004],[79.742052075000075,11.688560039999995],[79.7417275390001,11.688792567999961]]],[[[79.750328246000052,11.721940486000024],[79.749769928000049,11.721924850000004],[79.749252308000067,11.720878511999976],[79.74627534400004,11.720589376999985],[79.745447954000056,11.720819539000004],[79.74518475400005,11.720287582999973],[79.744114111000059,11.720296907000007],[79.744268560000037,11.721078924],[79.743252217000034,11.721106532999979],[79.742848950000067,11.720027154000004],[79.742576173000046,11.720498843999986],[79.74183453400002,11.720493736999988],[79.741281111000049,11.719623282999999],[79.740795864000077,11.719661612000008],[79.740965955000036,11.72052931099997],[79.740287983000059,11.720596030999976],[79.739973755000065,11.719846863000013],[79.738660040000084,11.719902841999975],[79.738656316000075,11.719296904],[79.738909242000048,11.718440471999962],[79.739752766000052,11.717780650999963],[79.740071007000054,11.717381076999992],[79.74008124500007,11.715852510999996],[79.739905014000072,11.714387852999973],[79.739768450000057,11.713696623000009],[79.739871023000035,11.712990111999952],[79.739562960000072,11.711865630999993],[79.739354077000044,11.709478200000003],[79.73832414400006,11.708465822000015],[79.738644567000065,11.707654344000012],[79.738136349000072,11.707430957000012],[79.738744895000025,11.706459986999974],[79.738897667000074,11.705952687999989],[79.739153619000035,11.705951725999993],[79.738963417000065,11.708119175],[79.740217500000057,11.708085847999968],[79.740205793000044,11.707619750999998],[79.739765766000062,11.707608215999983],[79.739854654000084,11.707042566999995],[79.740628734000055,11.70700717799998],[79.740636976000033,11.705044207999975],[79.739016849000066,11.705065496999987],[79.739000343000058,11.704545375999963],[79.739202113000047,11.703685362999989],[79.740022998000043,11.703152227999976],[79.740144836000084,11.703630757000015],[79.740538477000044,11.703556686999963],[79.740653440000031,11.702787454999974],[79.741344045000076,11.703611718000017],[79.741682633000053,11.702800538999975],[79.742937462000071,11.702857685000003],[79.74306345600003,11.703291317000003],[79.743620262000064,11.703116435999993],[79.74380233400008,11.702902971999976],[79.74386479600004,11.702491459000008],[79.744345983000031,11.702489026999976],[79.744361785000038,11.702914153999995],[79.744822113000069,11.702726487999959],[79.745016417000059,11.703087023999972],[79.745751025000061,11.702681179000004],[79.746056719000052,11.703186239999999],[79.746550023000069,11.703138470999999],[79.746639430000045,11.702608803999993],[79.747838555000058,11.702594205999983],[79.748760933000057,11.703019168999983],[79.749039419000056,11.702891536000003],[79.748697215000064,11.702322957000005],[79.749048770000073,11.70210881599998],[79.749574044000056,11.702820811000011],[79.75044682500004,11.702590241000028],[79.751062835000042,11.703039534999988],[79.751789016000046,11.702661063999997],[79.751931690000063,11.703818251999996],[79.751737572000039,11.706238538999983],[79.751837052000056,11.706835290999967],[79.752855987000046,11.706432243000011],[79.753116409000043,11.707344595000032],[79.752558723000064,11.707433515000007],[79.75258558000003,11.70822919100001],[79.753954690000072,11.70832683699998],[79.753934922000056,11.708982393999982],[79.75595172400007,11.708633398999973],[79.755710180000065,11.704320066999994],[79.756711183000064,11.703898725999993],[79.756121278000037,11.702192107999972],[79.756031904000068,11.701672523999965],[79.756052035000053,11.701133885999992],[79.756299199000082,11.700413396000014],[79.75078174000005,11.69892965799996],[79.750763772000056,11.698147637999995],[79.749913081000059,11.697373714999982],[79.750051949000081,11.695762454999983],[79.749053260000053,11.69569540400002],[79.748560233000049,11.695100270999964],[79.747230469000058,11.695387602000011],[79.746511541000046,11.695323308999962],[79.745933974000039,11.695099976999996],[79.745327798000076,11.694817740999968],[79.744608172000042,11.69451795400002],[79.74407381100005,11.693878312999992],[79.743772900000081,11.693151920000023],[79.743420893000078,11.693325009000006],[79.743239331000069,11.692742703999967],[79.743810558000078,11.692518043999964],[79.743736325000057,11.692188661000024],[79.744009999000085,11.69200645499998],[79.744488188000076,11.692533360999981],[79.744530857000044,11.691940589999964],[79.744060772000083,11.691196329000006],[79.744547550000064,11.690710122999995],[79.744377961000069,11.689743062999996],[79.745396334000034,11.690203842999962],[79.746518136000034,11.689275938000007],[79.746396344000075,11.688724384999963],[79.744074739000055,11.688532224],[79.743649730000072,11.687675172999965],[79.74245878800005,11.687544874999976],[79.742452701000062,11.686387119999962],[79.743313363000041,11.686405366999988],[79.743311387000077,11.686943701999979],[79.743943278000032,11.686972339999983],[79.744156634000049,11.687627070999971],[79.744779873000041,11.687628592999964],[79.744639229000043,11.686978395000015],[79.745920024000057,11.686899370000008],[79.746011367000065,11.687713436000003],[79.748515760000046,11.687855090999985],[79.748659137000075,11.685479685999967],[79.747081023000035,11.685519151999996],[79.746852012000048,11.68651973600001],[79.746188450000048,11.686550174000013],[79.745675976000044,11.685616435999995],[79.74489296600008,11.685579210999968],[79.744700519000062,11.683644665999987],[79.744044375000058,11.683430759000011],[79.744211170000042,11.681923433999952],[79.74392486800005,11.681418157000024],[79.744195235000092,11.680462651999976],[79.744849699000042,11.680500076000008],[79.746416434000054,11.679900184999976],[79.746851202000045,11.679880145999988],[79.747217797000033,11.679995574000001],[79.748239359000038,11.680117509999961],[79.748563196000035,11.679925988000008],[79.748753352000065,11.679563186000024],[79.749436371000073,11.679871904999988],[79.74903015200006,11.678978107999999],[79.749554275000037,11.678708854999995],[79.750100560000021,11.679801002999987],[79.7506673500001,11.679635261],[79.750502562000079,11.678930195999969],[79.75082384100007,11.678965094999992],[79.751203895000074,11.679022283999995],[79.75164470100006,11.679259700999998],[79.752029808000046,11.679565351999971],[79.752255478000066,11.679744834000003],[79.753274754000032,11.679518285999995],[79.75385839000009,11.678945947000015],[79.754969591000034,11.678940572000005],[79.7547639580001,11.678018513000012],[79.754463795000078,11.677454601999965],[79.754454003000063,11.677287547999999],[79.754667873000031,11.676164805000003],[79.757528312000048,11.676218674000012],[79.756695244000085,11.677095569999963],[79.757508903000044,11.677693478999979],[79.758529914000079,11.677778803999979],[79.758555984000083,11.676593506999971],[79.757826897000029,11.675479959999972],[79.757801049000037,11.674760823999996],[79.758518697000056,11.674757604],[79.758520896000064,11.675182467999951],[79.75880063700005,11.675253777999979],[79.758713564000075,11.676063845000002],[79.759317897000031,11.676245949999979],[79.760737879000047,11.676343206999968],[79.76135042600005,11.676299531999991],[79.76199455800004,11.676061358999979],[79.762314075000077,11.675783762999984],[79.762469476000049,11.674265044000004],[79.762850421000067,11.670547678999991],[79.761461970000042,11.670332937999966],[79.761087398000043,11.669448138999952],[79.761808830000078,11.669069591999996],[79.762472051000046,11.668984571999964],[79.762963117000041,11.670189825999984],[79.763819088000062,11.67028092699999],[79.764018861000068,11.670795449999979],[79.764704946000066,11.670773716999987],[79.764505616000079,11.670372151000009],[79.764271251000039,11.670097589999981],[79.764116673000061,11.669460721999972],[79.764247906000051,11.668238915999956],[79.764208375000067,11.667520145999982],[79.762688297000082,11.667500009000003],[79.7624754980001,11.666176112999974],[79.764360035000053,11.666019956999969],[79.765321092000022,11.665940200999975],[79.766825259000044,11.665607170000019],[79.76792735600003,11.66552513000001],[79.768074904000088,11.665542633999982],[79.768890072000048,11.665764547999995],[79.769384594000044,11.665843722999988],[79.771311165000057,11.665689263999997],[79.773118242000081,11.665540199999981],[79.773524758000079,11.667198103999992],[79.773618271000046,11.667604726999983],[79.773750720000081,11.667712457000007],[79.774726029000036,11.667807059000008],[79.775738526000069,11.667852227999976],[79.776260198000045,11.667799753999999],[79.776703440000077,11.667815723000025],[79.777624516000088,11.668100505999995],[79.77832044700007,11.668101902000011],[79.779110022000069,11.66765466399996],[79.779651241000082,11.667023139999985],[79.779957103000086,11.666813291999988],[79.780546084000051,11.666534843999976],[79.781308176000053,11.666169204999983],[79.781777970000078,11.665877079999991],[79.782369184000075,11.665105292999984],[79.782396650000081,11.665023683999964],[79.782413874000071,11.664942475999993],[79.782414678000066,11.664892476999979],[79.782317332000062,11.664793736999984],[79.782248065000047,11.664716789999959],[79.782143167000086,11.664663445999988],[79.781799600000056,11.664601858000003],[79.781015160000052,11.664306890000004],[79.780912681000032,11.664244592999994],[79.781162207000051,11.664001830999963],[79.783245298000054,11.662383067999947],[79.783405904000062,11.66371171199998],[79.784292976000032,11.662784420999987],[79.784055540000068,11.661849601999979],[79.786621108000034,11.661127317999977],[79.787720507000031,11.661352450999997],[79.788575077000033,11.660534768000014],[79.793586517000051,11.659314578999963],[79.795038485000035,11.660531876000013],[79.795366658000049,11.659705935000005],[79.794870469000074,11.657880982000023],[79.796314464000048,11.656890971000017],[79.798596251000063,11.656769787999989],[79.798604600000047,11.65752961199998],[79.797479657000068,11.657766051999966],[79.79766117600002,11.658362253999947],[79.796417672000032,11.658617067000003],[79.796770527000049,11.66044708799998],[79.798711661000041,11.660441957999991],[79.799259535000047,11.660312828999976],[79.799465257000065,11.660176119999983],[79.799651055000027,11.659862660000007],[79.799880572000092,11.659160479000008],[79.800325858000065,11.658475708999976],[79.800953934000077,11.657879757000014],[79.801169095000049,11.657792640999979],[79.801475783000072,11.657741786999974],[79.802813050000069,11.658024446999976],[79.804494648000073,11.658463601000019],[79.805242503000045,11.658771912999963],[79.80585359800007,11.659171371999955],[79.80646847900006,11.659475925999995],[79.807416911000033,11.659828361000024],[79.808314642000056,11.659936697999992],[79.808676198000072,11.659939498999986],[79.809119222000078,11.659824439000008],[79.80979114000003,11.659544916999973],[79.810383395000031,11.659125929],[79.811200125000042,11.65853397999998],[79.811763139000064,11.657807172000014],[79.812112761000051,11.657199554000012],[79.812811768000032,11.656142207999979],[79.814755701000038,11.654232631999973],[79.814677202000055,11.654163427999977],[79.815711153000066,11.653421990999979],[79.821157346000078,11.656033543000008],[79.822248803000051,11.661158655999964],[79.826014486000034,11.662269703000014],[79.825828393000066,11.664049230000023],[79.823108235000078,11.663552168999981],[79.8231696070001,11.670908125],[79.825520174000033,11.671342187000013],[79.825486174000062,11.673500050999987],[79.826377985000036,11.675218139000007],[79.826905886000048,11.678237152999973],[79.825864977000037,11.678618426999968],[79.825051042000055,11.679174022999993],[79.824292394000068,11.679901299000004],[79.824050187000083,11.680692726999968],[79.826405157000082,11.680785751999991],[79.826816417000046,11.68196880999996],[79.827592764000045,11.683657069000015],[79.82952524100007,11.684077906999988],[79.829530693000052,11.686189838999962],[79.827914192000037,11.685851971000004],[79.827641631000091,11.685971409999995],[79.826351152000043,11.687463796999987],[79.826381594000068,11.688924818999988],[79.828605627000073,11.688385263999994],[79.831242792000083,11.68847805200002],[79.828950565000085,11.689955088999984],[79.828879396000062,11.691153242999992],[79.82859426000006,11.692504904],[79.828153527000055,11.693697385999963],[79.82765359400004,11.695254249999966],[79.82721202200004,11.696498993999995],[79.826722992000043,11.697578911999997],[79.82620655400008,11.697582202999987],[79.821507602000068,11.699618379999951],[79.814302795000074,11.701649381999992],[79.809436161000079,11.703552217999988],[79.80460234700007,11.703311935],[79.803341982000077,11.712962857999997],[79.802386875000053,11.716793375999959],[79.792716855000052,11.716477920000008],[79.790393968000046,11.71619149900001],[79.78807356800003,11.714756858999996],[79.783435693000072,11.712705833999992],[79.782131806000066,11.713571676999978],[79.782202291000047,11.713149580999996],[79.782218495000066,11.712778337999991],[79.782450596000061,11.712492541000001],[79.78271496300006,11.712251650000004],[79.783235327000071,11.711936655000015],[79.783394379000086,11.711736823999994],[79.783393025000066,11.711537848000004],[79.783314482000051,11.711257854000031],[79.7831398970001,11.711150016999991],[79.782969852000079,11.711042812999962],[79.782526138000051,11.711189279000015],[79.782097701000069,11.711517515999976],[79.781815085000076,11.711690676000003],[79.781279776000034,11.711661473999985],[79.781003410000054,11.711445813999969],[79.780599855000048,11.711216914000003],[79.780224438000076,11.711218882999983],[79.779877100000036,11.711243211999964],[79.779383266000039,11.711535004999995],[79.779019455000039,11.711876052000008],[79.778672875000069,11.712135876000003],[79.778219836000076,11.712083788999985],[79.777861181000063,11.711751051999972],[79.77755247000006,11.711354467999991],[79.777002855000049,11.711366051999988],[79.776549231000061,11.711350481999975],[79.776242034000077,11.711283823999983],[79.775937091000074,11.710724310999991],[79.775766030000071,11.710327642999985],[79.775563767000065,11.710102461999988],[79.775114282000075,11.709900924999964],[79.774829884000056,11.709902066],[79.77408110000006,11.710131936000012],[79.773399502000032,11.710357240999963],[79.77288717100005,11.71031431899997],[79.772579711000063,11.710193695999987],[79.772101105000061,11.709752833999994],[79.771825967000055,11.709532680000025],[79.77119288800003,11.709359707999992],[79.770525375000048,11.709417177999992],[79.7698849600001,11.709627941999955],[79.769067182000086,11.709903342999981],[79.768733056000045,11.709954829999971],[79.768467093000041,11.709730317999984],[79.768075925000076,11.709370067999968],[79.767681421000034,11.709145771999971],[79.766788654000052,11.709064219999984],[79.766068753000084,11.708774077999996],[79.765773656000036,11.708382182999994],[79.765729156000035,11.707758207000001],[79.764476019000043,11.708085142999959],[79.764635352000042,11.714190634999994],[79.765445950000085,11.714290572999991],[79.765238249000063,11.715807011000008],[79.765590107000065,11.716488136999965],[79.76406261700005,11.717594777000004],[79.763415463000072,11.717376018000008],[79.762798003000071,11.717501128999992],[79.762397657000079,11.717987130000008],[79.761762380000064,11.717316677000001],[79.761025059000033,11.717958075999951],[79.759700045000059,11.716819747999999],[79.759586724000059,11.715951860999972],[79.758552477000038,11.716033811000004],[79.758612534000079,11.717028996999968],[79.758237070000078,11.717102847999985],[79.75825800500003,11.718405413],[79.757871036000054,11.718837098000018],[79.756952728000059,11.719203581000016],[79.756288647000034,11.719256545999951],[79.755409406000069,11.719039121999984],[79.754295435000046,11.718845501000015],[79.75367133000006,11.719377944999971],[79.75428181100007,11.71982266799996],[79.754365229000044,11.720848592000003],[79.752372310000069,11.720628054000004],[79.751671737000066,11.72131440000002],[79.7516322810001,11.720803437999992],[79.751018953000042,11.720743091999982],[79.75075646300003,11.721422918000007],[79.750293939000031,11.721393071999968],[79.750328246000052,11.721940486000024]]]]},"properties":{"FID":2827,"OBJECTID":2852,"ST_CODE":"34","ST_NAME":"PUDUCHERRY","DT_CODE":"04","DIST_NAME":"Karaikal","AC_NO":25,"AC_NAME":"Thirunallar","PC_NO":1,"PC_NAME":"PONDICHERRY","PC_ID":3401,"STATUS":" ","Shape_Leng":0.47093738361,"Shape_Area":0.00379945682587,"dtcode11":"637","dtname11":"Karaikal"}},{"type":"Feature","id":2828,"geometry":{"type":"Polygon","coordinates":[[[79.872025702000045,11.674814877999971],[79.849604788000036,11.676894326999971],[79.8466964890001,11.679396175999965],[79.844820317000057,11.680322865000024],[79.842483002000066,11.680482730000016],[79.841678198000082,11.681330776999996],[79.840471583000081,11.68256379800002],[79.838456424000086,11.684879697000001],[79.837936974000073,11.685223531999984],[79.836555163000085,11.687471010999985],[79.83623170500006,11.687935296],[79.835911929000034,11.688164736],[79.834070012000055,11.689505450999958],[79.831242792000083,11.68847805200002],[79.828605627000073,11.688385263999994],[79.826381594000068,11.688924818999988],[79.826351152000043,11.687463796999987],[79.827641631000091,11.685971409999995],[79.827914192000037,11.685851971000004],[79.829530693000052,11.686189838999962],[79.82952524100007,11.684077906999988],[79.827592764000045,11.683657069000015],[79.826816417000046,11.68196880999996],[79.826405157000082,11.680785751999991],[79.824050187000083,11.680692726999968],[79.824292394000068,11.679901299000004],[79.825051042000055,11.679174022999993],[79.825864977000037,11.678618426999968],[79.826905886000048,11.678237152999973],[79.826377985000036,11.675218139000007],[79.825486174000062,11.673500050999987],[79.825520174000033,11.671342187000013],[79.8231696070001,11.670908125],[79.823108235000078,11.663552168999981],[79.825828393000066,11.664049230000023],[79.826014486000034,11.662269703000014],[79.826271026000043,11.659482648999994],[79.82484953200003,11.658407749000016],[79.825121327000048,11.654725870999995],[79.823054905000063,11.65395681999998],[79.821700220000039,11.652040103000013],[79.821960984000057,11.648989703999989],[79.823729478000047,11.648385414999959],[79.825165295000062,11.651935624],[79.827386708000077,11.652969988000024],[79.829328892000063,11.652095774999985],[79.83010704200008,11.65178015400002],[79.833241955000076,11.651266968999971],[79.840947469000085,11.655129455999967],[79.844846835000084,11.654159076],[79.84978159700006,11.653579147999968],[79.850305116000087,11.656395473000002],[79.853761849000023,11.659537395999987],[79.855774886000077,11.657976673999956],[79.856905885000074,11.658368633999961],[79.859636483000045,11.659439462999984],[79.861906109000032,11.659660966999997],[79.863962392000033,11.66147108800001],[79.864757405000049,11.665134418000019],[79.865781101000039,11.666367008999963],[79.867289653000071,11.666764044000013],[79.872610039000065,11.666640337000006],[79.872625859000053,11.667163160999973],[79.872654768000032,11.668312163000024],[79.872456810000031,11.670456854999964],[79.872352775000039,11.672483850000015],[79.872025702000045,11.674814877999971]]]},"properties":{"FID":2828,"OBJECTID":2853,"ST_CODE":"34","ST_NAME":"PUDUCHERRY","DT_CODE":"04","DIST_NAME":"Karaikal","AC_NO":27,"AC_NAME":"Karaikal South","PC_NO":1,"PC_NAME":"PONDICHERRY","PC_ID":3401,"STATUS":" ","Shape_Leng":0.179023403592,"Shape_Area":0.00109936221411,"dtcode11":"637","dtname11":"Karaikal"}},{"type":"Feature","id":2829,"geometry":{"type":"MultiPolygon","coordinates":[[[[79.828959115000046,11.629487328000003],[79.829378358000056,11.629865152000008],[79.829617955000074,11.631039718999958],[79.829109578000057,11.631919620999989],[79.82852908200006,11.632107902999982],[79.826785821000044,11.632135018000016],[79.826167244000047,11.631853561999968],[79.825398616000044,11.63113829300001],[79.825304275000079,11.630559825000006],[79.826299174000056,11.629107049000002],[79.826723821000044,11.628996721999959],[79.828959115000046,11.629487328000003]]],[[[79.78212232500006,11.660511124000003],[79.783075637000024,11.660981239999973],[79.783245298000054,11.662383067999947],[79.781162207000051,11.664001830999963],[79.780912681000032,11.664244592999994],[79.780322595000044,11.663885243999985],[79.779401451000084,11.662899209000011],[79.778834277000044,11.662105856],[79.777872386000084,11.661038822999968],[79.777513263000074,11.660602184999979],[79.777249991000033,11.660074341000016],[79.776917078000068,11.659352104000012],[79.77686572000006,11.65837526099998],[79.776912747000054,11.657714637999975],[79.777075060000087,11.657026611000008],[79.777570220000044,11.656499471999975],[79.777947818000044,11.655999700999995],[79.778487916000032,11.655011385999984],[79.778569365000081,11.654825553999977],[79.778845395000033,11.653358847000016],[79.778620452000055,11.652428182000012],[79.778058825000016,11.652494078999979],[79.778087578000083,11.652756373999996],[79.777739393000061,11.652771686000001],[79.777778739000055,11.653223506999968],[79.777239090000037,11.653407183999972],[79.776962319000077,11.650188236999968],[79.776723454000049,11.649275903000003],[79.776378363000063,11.647970264999987],[79.776918323000032,11.647836608999995],[79.77734956500008,11.649865064999993],[79.778369514000033,11.649792335000008],[79.778964715000043,11.649829790999968],[79.779180897000074,11.650032660999971],[79.779311171000046,11.650416233000012],[79.779295664000017,11.651026764000008],[79.779565757000086,11.651129903999973],[79.779671656000076,11.651120330999971],[79.779638579000078,11.65197501100001],[79.780068438000072,11.651900855999953],[79.780161296000031,11.651217369000019],[79.780578259000052,11.651237968999995],[79.780793375000044,11.651295290999959],[79.780926421000075,11.651294572000003],[79.780998066000066,11.651081617999994],[79.780713016000064,11.650847886999964],[79.780287052000077,11.650750728000013],[79.78031785800006,11.650461277000007],[79.780652107000051,11.650463719999976],[79.781101308000046,11.650742171999992],[79.781691337000069,11.651526288999973],[79.7818634710001,11.651923440999983],[79.780564107000046,11.652047433999959],[79.780298618000032,11.652152830999983],[79.780240447000054,11.652446910999995],[79.780716467000076,11.653250035000008],[79.781077311000061,11.65322536300002],[79.78125533500004,11.653043858000016],[79.781375605000051,11.652423168000004],[79.781671843000041,11.652173283999975],[79.782398460000024,11.652029050999959],[79.782745650000052,11.651792325999983],[79.782935651000088,11.651289605999997],[79.782920603000036,11.65123542799998],[79.782279394000057,11.651088820999993],[79.782144565000081,11.650705180000008],[79.781637475000039,11.650703396000008],[79.781736627000058,11.649486215999984],[79.780866705000065,11.649563013],[79.780239748000056,11.649520570999993],[79.779716412000042,11.649256684999978],[79.779386294000076,11.649068319999987],[79.779307101000043,11.648760845999984],[79.779306115000068,11.648539446999987],[79.779198755000067,11.648286596000023],[79.778951908000067,11.648152356999995],[79.778678201000062,11.648415509999975],[79.778435033000065,11.648335268000007],[79.778025382000067,11.648708658999983],[79.777798754000074,11.648307276999976],[79.778189666000074,11.647685240999987],[79.778242901000084,11.647486046999994],[79.778136651000082,11.647305697000002],[79.77799061900005,11.64726575299996],[79.777349922000056,11.647300622000012],[79.777215451000032,11.64696643199996],[79.777166249000075,11.646279599999982],[79.77662990000006,11.646118886999968],[79.776758409000038,11.646964294999989],[79.775211248000062,11.646098793999972],[79.775230679000074,11.645316400999974],[79.77552674600004,11.645147444],[79.775795254000073,11.644924674],[79.776100981000084,11.644579438000003],[79.776171287000082,11.644167565000007],[79.775769868000069,11.643536436999996],[79.775640292000048,11.643251772999994],[79.777218361000067,11.642972645000011],[79.777709577000067,11.644241225],[79.779356816000032,11.644115428999971],[79.780399725000066,11.644096987999976],[79.781401902000042,11.644136895999983],[79.78193722400006,11.644007645000007],[79.782457543000035,11.643679815000008],[79.782886635000082,11.643510122999963],[79.783261526000061,11.643458696999996],[79.783637248000062,11.643497182999981],[79.783848131000084,11.643605001],[79.78391338400003,11.643789758999983],[79.783863443000058,11.643926073000008],[79.783392942000049,11.644054661999991],[79.783590520000047,11.644212279000016],[79.78535729000005,11.644289441999968],[79.786586932000063,11.64418342199998],[79.786948487000032,11.64404187699998],[79.787295393000036,11.643963030999974],[79.787200746000067,11.645044285000012],[79.786597077000081,11.645110678000016],[79.786368575000054,11.645179578999965],[79.786274218000017,11.645533207000012],[79.785968422000067,11.645742490000003],[79.784641758000035,11.64587114399998],[79.7845008890001,11.647776524000019],[79.7917871440001,11.648042913999987],[79.793438256000073,11.647890043999976],[79.794468646000041,11.648016268999998],[79.796349690000085,11.648060806000011],[79.796358242000068,11.649661752000014],[79.796359830000043,11.649847198999986],[79.796052712000076,11.656904867000005],[79.796314464000048,11.656890971000017],[79.794870469000074,11.657880982000023],[79.795366658000049,11.659705935000005],[79.795038485000035,11.660531876000013],[79.793586517000051,11.659314578999963],[79.788575077000033,11.660534768000014],[79.787720507000031,11.661352450999997],[79.786621108000034,11.661127317999977],[79.784055540000068,11.661849601999979],[79.784445949000045,11.660409364999985],[79.783404041000054,11.658800002999964],[79.78322128300006,11.658072275000016],[79.783249721000075,11.657434396999985],[79.783835391000039,11.657359302999984],[79.78383377300004,11.656893458999971],[79.785383844000037,11.656808765000026],[79.785310188000054,11.655800681999976],[79.7857177280001,11.654920955999984],[79.786443648000045,11.655388036000007],[79.786747318000067,11.654816286999983],[79.786443230000046,11.654492362000012],[79.78654723700005,11.654175395999982],[79.786954730000048,11.654290791000024],[79.787233796000081,11.653267455000019],[79.78643559800004,11.653053787],[79.785361693000041,11.652448646999996],[79.784958829000075,11.653178972999992],[79.784052283000065,11.653269263999983],[79.783772013000046,11.652949642999976],[79.783328530000077,11.652951672999979],[79.783321765000053,11.653585385000016],[79.784696052000086,11.65368224300002],[79.784587992000084,11.655030788999975],[79.783604303000075,11.654967593000004],[79.783508089000065,11.654090644999968],[79.782963464000048,11.654088840000007],[79.782861471000061,11.653076386999972],[79.781529540000079,11.653032993999968],[79.781644993000057,11.65490536399996],[79.782230347000066,11.654920176999955],[79.782209792000074,11.655350269000015],[79.784426945000092,11.655642420000014],[79.784401498000037,11.656094351],[79.783028279000078,11.656141915000008],[79.78305347800007,11.656626107999976],[79.782623894000054,11.656682296999991],[79.782376055000043,11.658307367999983],[79.781819185000032,11.657722106999991],[79.78212232500006,11.660511124000003]],[[79.777511755000049,11.651302685999969],[79.777516238000047,11.652012988999985],[79.777982834000071,11.651987740999987],[79.777979187000057,11.65129599299998],[79.777511755000049,11.651302685999969]],[[79.786534713000037,11.652687299999995],[79.786961238000075,11.652820971999997],[79.787643803000051,11.65308395799998],[79.788432430000057,11.653256449999978],[79.788290673000063,11.652452405999984],[79.788652017000089,11.652396256000008],[79.788833203000053,11.653010433999988],[79.789780053000086,11.65288815400001],[79.78962104600005,11.65223780199997],[79.788894277000068,11.652250023999974],[79.788697648000053,11.651464228999963],[79.787307231000071,11.651665521999995],[79.786295879000036,11.651697994999974],[79.786276765000054,11.651471815000004],[79.787241876000067,11.651344781999988],[79.787171454000031,11.650205288000025],[79.785981975000055,11.650143379999996],[79.785912585000077,11.650854205999979],[79.785409376000018,11.650964874999964],[79.785507004000081,11.652108733000011],[79.78623385300007,11.652091472000013],[79.786534713000037,11.652687299999995]],[[79.790038502000016,11.652298838999986],[79.790103494000064,11.652429652999988],[79.79038222100003,11.652491327999959],[79.790624576000042,11.652481071999988],[79.790838996000062,11.652227078999955],[79.790901017000081,11.651833039000023],[79.790881061000064,11.651516943000015],[79.790780245000064,11.651422091999988],[79.790569168000061,11.651396314999973],[79.790469037000051,11.651613885999973],[79.790306199000042,11.651913074000014],[79.790174027000049,11.652072268999991],[79.790038502000016,11.652298838999986]],[[79.790238251000076,11.650262299999975],[79.79040534800005,11.650691388000011],[79.791007795000056,11.650489541999965],[79.790868635000052,11.650019873999975],[79.790238251000076,11.650262299999975]],[[79.789695372000054,11.654199980000016],[79.789932492000077,11.65387779],[79.789880877000044,11.653692679999978],[79.789660702000063,11.653666758999993],[79.789168110000048,11.653895044999972],[79.789118242000043,11.654026871999998],[79.789137169000085,11.65419405100001],[79.789421775000065,11.654314819000003],[79.789695372000054,11.654199980000016]],[[79.78862871500003,11.654915434999994],[79.788023964000061,11.654904839999977],[79.78801605300005,11.655185665999987],[79.788630244000061,11.655245854999993],[79.78862871500003,11.654915434999994]]],[[[79.87214482800006,11.661928424000028],[79.872225025000049,11.663216967999992],[79.871882517000031,11.663232033999995],[79.871925948000083,11.663733914999987],[79.87184170200004,11.665288584999999],[79.872476843000086,11.665838720999959],[79.872597869000074,11.666249620999972],[79.872610039000065,11.666640337000006],[79.867289653000071,11.666764044000013],[79.865781101000039,11.666367008999963],[79.864757405000049,11.665134418000019],[79.863962392000033,11.66147108800001],[79.861906109000032,11.659660966999997],[79.859636483000045,11.659439462999984],[79.856905885000074,11.658368633999961],[79.855774886000077,11.657976673999956],[79.853761849000023,11.659537395999987],[79.850305116000087,11.656395473000002],[79.84978159700006,11.653579147999968],[79.844846835000084,11.654159076],[79.840947469000085,11.655129455999967],[79.833241955000076,11.651266968999971],[79.83010704200008,11.65178015400002],[79.829328892000063,11.652095774999985],[79.827386708000077,11.652969988000024],[79.825165295000062,11.651935624],[79.823729478000047,11.648385414999959],[79.821960984000057,11.648989703999989],[79.821700220000039,11.652040103000013],[79.823054905000063,11.65395681999998],[79.825121327000048,11.654725870999995],[79.82484953200003,11.658407749000016],[79.826271026000043,11.659482648999994],[79.826014486000034,11.662269703000014],[79.822248803000051,11.661158655999964],[79.821157346000078,11.656033543000008],[79.815711153000066,11.653421990999979],[79.814677202000055,11.654163427999977],[79.81404804500005,11.653612023000012],[79.81308704900006,11.654413016000003],[79.811907110000064,11.655467960999969],[79.811258361000071,11.65593720699998],[79.810711967000032,11.656333304999995],[79.810667843000047,11.656032566999974],[79.810608227000046,11.655633256000007],[79.81058380900005,11.654520319000001],[79.810964929000036,11.652858522999983],[79.811347737000077,11.651735054000007],[79.811671160000074,11.651416417999961],[79.813253325000076,11.65037727199997],[79.813210774000055,11.650192314000003],[79.81295962600008,11.650112007999983],[79.812359429000026,11.650174071000007],[79.811795321000034,11.649896186000003],[79.811490302000053,11.649269450999968],[79.811294256000068,11.648582598999974],[79.810721728000061,11.64761739899998],[79.810616207000081,11.647460121],[79.810429068000047,11.647574090999996],[79.809877645000043,11.64807404299996],[79.809531437000047,11.648252408999966],[79.808876822000073,11.648233262999989],[79.808472053000088,11.648017960999999],[79.808113577000043,11.647608403000014],[79.807823189000047,11.647207206999976],[79.807570842000047,11.647131368999984],[79.807195333000053,11.647006980999963],[79.804015155000073,11.64707724199998],[79.802321205000084,11.646922780999965],[79.801908959000073,11.646820844000015],[79.801793657000033,11.646635875999964],[79.801617409000045,11.64627971],[79.801691667000057,11.645686397999974],[79.801759233000055,11.644442329999974],[79.801658079000063,11.643583334000004],[79.801539105000032,11.642629668999998],[79.801462790000031,11.64192445599998],[79.80154853300003,11.641752173000008],[79.802122130000058,11.641288007999952],[79.802523004000051,11.640960496000016],[79.802846106000075,11.640447481999972],[79.803008302000038,11.639971856999992],[79.803173045000079,11.639907557999964],[79.80355763200005,11.639960174999954],[79.803695547000046,11.640081435999955],[79.803890225000046,11.640636779],[79.804720761000056,11.640244024999973],[79.80491755400007,11.64016617600001],[79.805574243000038,11.640696109999988],[79.805812022000055,11.640686320000013],[79.8062910620001,11.641162922999987],[79.806414623000038,11.641257550999992],[79.808167662000031,11.641266792999971],[79.808419571000087,11.641369590999968],[79.808539977000066,11.641663070000028],[79.808966218000037,11.641742166],[79.80931485300006,11.641839722000004],[79.809401678000029,11.641956813999995],[79.809534929000066,11.642802250000008],[79.80931401900007,11.645259271000009],[79.80933484100008,11.645738313999999],[79.809482944000052,11.646149658999979],[79.80970450100007,11.64637447599997],[79.810043006000072,11.646322976999976],[79.810644240000073,11.645836160999984],[79.811730720000085,11.645364729999997],[79.812159936000072,11.645113479999978],[79.812591050000051,11.644455458999987],[79.812995191000041,11.642987924999973],[79.813108719000084,11.642711557000004],[79.814630069000032,11.64234685699998],[79.815062658000059,11.641091592999958],[79.814837629000081,11.640798748999956],[79.814094235000056,11.639567432000005],[79.814052396000037,11.639409461999975],[79.814000612000044,11.639233358999968],[79.814041209000038,11.63903902000002],[79.815442703000031,11.639348384999968],[79.816632742000024,11.639369599999975],[79.817113284000087,11.639393886000024],[79.81755715900006,11.639292308000018],[79.817998787000036,11.638973252000003],[79.818358467000067,11.638659671999987],[79.819137673000071,11.638849818999999],[79.819270840000073,11.638912556999982],[79.819306091000058,11.640423393999997],[79.820116930000054,11.640626948999984],[79.820291803000032,11.640784723999975],[79.820433732000041,11.641588699999968],[79.82134421400005,11.641674670999995],[79.821548633000035,11.642121700999967],[79.823085926000047,11.642113946000023],[79.823682712000078,11.642554099999996],[79.824357232000082,11.642030156999992],[79.824852732000082,11.641394450999959],[79.825179099000039,11.640669050999991],[79.825418929000037,11.639374274999975],[79.82646522000006,11.638993709999982],[79.827255246000064,11.638786180999984],[79.828180924000051,11.638844809999988],[79.83011172300003,11.639766734999984],[79.830697938000085,11.639939806999992],[79.83119631200006,11.639842394999967],[79.832186309000079,11.639208646000005],[79.833154127000071,11.638683553],[79.833875061000086,11.638313672999999],[79.834639070000065,11.638241674999966],[79.836079960000077,11.63828848799996],[79.836991063000042,11.638261432999984],[79.83805566000008,11.637943432000007],[79.83958007400004,11.637302649000015],[79.841190732000044,11.636380557000008],[79.842624873000048,11.635767019999971],[79.843383522000082,11.635672981999983],[79.844680652000051,11.635969222999963],[79.845652394000084,11.636280713999959],[79.846489428000055,11.636190664999978],[79.847046397000057,11.635979473999978],[79.84793040600006,11.635282767999987],[79.848162742000085,11.634964928999983],[79.848254981000053,11.634371895999971],[79.847903349000049,11.633591181999993],[79.847415962000085,11.633205064999979],[79.846792161000067,11.63296406999998],[79.844796911000074,11.632892611000011],[79.844465302000074,11.632505490999984],[79.844187972000057,11.631991660999997],[79.844013369000052,11.631888424999952],[79.843895851000084,11.632060801999971],[79.843129792000084,11.632557573000001],[79.842908202000061,11.632332820000022],[79.842733298000056,11.632030683000012],[79.842494099000035,11.631841617999985],[79.842172893000068,11.631735014999972],[79.841422550000075,11.632462372999962],[79.840362490000032,11.632856872999994],[79.839804254000057,11.632059498000007],[79.839633057000071,11.631738873000002],[79.839376093000084,11.631595603000024],[79.838657520000041,11.631454817999975],[79.837561866000044,11.63194426499998],[79.837063665000031,11.632032708999997],[79.836368699000062,11.632126564],[79.83579523300007,11.631939668999994],[79.835130884000037,11.631748568999978],[79.833562294000046,11.631874521999995],[79.832857732000051,11.631927758999964],[79.832151034000063,11.631682620000014],[79.831428278000047,11.631736132999954],[79.830651377000052,11.631834881999989],[79.830452628000046,11.631387968999968],[79.830360749000036,11.630579185000018],[79.830153412000087,11.629377024999956],[79.830456787000074,11.627073088],[79.832662855000024,11.627106971000007],[79.832666261000057,11.626817676999979],[79.834139148000034,11.626701505999989],[79.835272509000063,11.626415497000014],[79.836102025000073,11.625931550999974],[79.836266516000038,11.625808782999986],[79.839689425000032,11.625813444999968],[79.841410149000083,11.625840888999983],[79.841757330000078,11.625739448000003],[79.84191953300008,11.624526684000012],[79.841912105000077,11.623983841999998],[79.842073128000052,11.623209855999978],[79.842290522000042,11.622683936999998],[79.842668668000059,11.621546399999964],[79.842980550000064,11.620938777999994],[79.843996263000079,11.620757092999972],[79.84415433900007,11.620534778000012],[79.84425642500004,11.616327758999956],[79.843536500000042,11.616060014999988],[79.842559362000046,11.615739460000009],[79.842133393000054,11.61564699200002],[79.840660272000051,11.61564075999998],[79.839126816000046,11.615422348],[79.838833005000041,11.615311106],[79.838593618000061,11.615063614999951],[79.83827295600004,11.614924994999987],[79.837604857000031,11.614978246999973],[79.837321146000036,11.614948057999998],[79.836549084000083,11.614381721999981],[79.835230270000082,11.61330755299999],[79.832903481000045,11.612071274999968],[79.83105028100006,11.611153480000008],[79.830218118000076,11.613039595000011],[79.829970564000078,11.613818951000008],[79.82927453300006,11.614491973000007],[79.828922171000059,11.615429836999994],[79.828945598000033,11.616397639999958],[79.829005129000066,11.61716599500002],[79.828433216000079,11.61731844099997],[79.827939470000061,11.617343431000011],[79.827832757000081,11.617117623999972],[79.82784597000007,11.617000407999987],[79.826838584000043,11.616942206999987],[79.826707150000075,11.612799633999954],[79.826650994000047,11.611529089000003],[79.826658679000062,11.61132976600001],[79.826849454000083,11.611125397999979],[79.826891818000064,11.610528291000007],[79.827201039000059,11.610092598000014],[79.827529042000052,11.608968990000015],[79.827521042000072,11.608177293000008],[79.82747785100004,11.607815954999992],[79.827256401000085,11.607514232999989],[79.827286542000039,11.607115821999976],[79.82744918200008,11.606748664999959],[79.827635757000081,11.606521761999964],[79.828396345000058,11.605861558999964],[79.828801175000038,11.60541666700002],[79.829431451000076,11.604440978999975],[79.829836851000053,11.604103958000023],[79.831120380000016,11.603581558000002],[79.831602849000049,11.603041226999984],[79.831833534000069,11.602538039999979],[79.832315370000089,11.602037586000018],[79.83310872400007,11.60145933200001],[79.834549946000067,11.601533129999979],[79.834993829000055,11.601494996000019],[79.835943405000052,11.601101139999983],[79.836025530000043,11.601010265999969],[79.836492086000035,11.601048314999986],[79.836960132000073,11.601208854000024],[79.838783186000072,11.600633984999975],[79.838603783000067,11.598880174000019],[79.8389776710001,11.598520744],[79.839987557000043,11.597466581000024],[79.84042920900005,11.597061557999972],[79.841056452000046,11.597144182999978],[79.84160625800007,11.597236294999988],[79.843065682000045,11.598033849000002],[79.843304192000076,11.598263327000007],[79.843808608000018,11.598423834999979],[79.844614249000017,11.598437261999967],[79.845571381000084,11.599595087999974],[79.846387057000086,11.599767078999964],[79.846464858000061,11.600535655999984],[79.847438095000044,11.601172952999976],[79.847864697000048,11.597868902999977],[79.848268984000072,11.596505464999971],[79.848799009000075,11.593928846999995],[79.849619156000031,11.589799478999996],[79.848707773000086,11.589646276999996],[79.848831776000083,11.588763402000012],[79.849426079000082,11.588769649000003],[79.849116089000077,11.587147078000008],[79.849606246000079,11.583770579999987],[79.850048139000037,11.580864686000007],[79.850412001000052,11.578881683999983],[79.854536329000055,11.579235411999965],[79.858223877000057,11.579175697999988],[79.860718767000051,11.579443283000007],[79.870137025000034,11.579334063],[79.870184670000086,11.57963418599998],[79.87022214100007,11.579857197999987],[79.870324901000075,11.580489014999971],[79.870985342000054,11.580257433000005],[79.871143506000081,11.580686737999962],[79.871709748000086,11.582289488999962],[79.872130940000048,11.584824240000007],[79.872269373000066,11.587492379999988],[79.87182032000004,11.590891523999987],[79.871789089000075,11.591737622999993],[79.871748487000062,11.592822894000024],[79.871953284000043,11.595020231999984],[79.87230667300004,11.597090059000013],[79.871512817000067,11.597492115999968],[79.870318674000046,11.597244339000003],[79.870284653000084,11.59782863],[79.870214322000052,11.598409003999977],[79.871289717000025,11.598397699000008],[79.87150909900005,11.598396513999949],[79.872081034000033,11.598529288999957],[79.872511928000065,11.599332380999975],[79.872649003000049,11.601131573000002],[79.872713237000042,11.603601010999993],[79.872479484000081,11.608663149000014],[79.872103040000084,11.611772649000008],[79.87188422800007,11.612841270000013],[79.872018148000066,11.615509064000003],[79.871918298000026,11.616676688000007],[79.871794191000049,11.618237783999989],[79.87206997400007,11.62003638799998],[79.871996234000065,11.620837555999994],[79.87213454900008,11.622704894],[79.872342837000033,11.625711569],[79.872903567000051,11.628643808000012],[79.872609405000063,11.630174320999991],[79.872239842000084,11.632170598999977],[79.872237115000033,11.633306050000019],[79.872512032000031,11.636638039000015],[79.872365612000081,11.637507270999967],[79.871862235000052,11.637636775999994],[79.871142128000045,11.637296669999971],[79.870466660000048,11.63597960799998],[79.870351709000062,11.637018989999964],[79.870517655000086,11.637242864999985],[79.871266102000064,11.638177846999964],[79.871737585000076,11.639084492000009],[79.871732110000053,11.639808086999983],[79.871308181000032,11.641714840999976],[79.871107701000028,11.642697331999978],[79.871215786000064,11.644166565000004],[79.871150790000073,11.646537252999993],[79.871808325000032,11.648799737999992],[79.872028201000049,11.649730156999979],[79.872160154000042,11.651127305000019],[79.87207480900004,11.652385206999968],[79.87222959900005,11.654808728999996],[79.87218709400004,11.657933919999966],[79.87214482800006,11.661928424000028]]]]},"properties":{"FID":2829,"OBJECTID":2854,"ST_CODE":"34","ST_NAME":"PUDUCHERRY","DT_CODE":"04","DIST_NAME":"Karaikal","AC_NO":28,"AC_NAME":"Neravy T.R. Pattinam","PC_NO":1,"PC_NAME":"PONDICHERRY","PC_ID":3401,"STATUS":" ","Shape_Leng":0.645010282784,"Shape_Area":0.00324105867427,"dtcode11":"637","dtname11":"Karaikal"}}]}