{"type":"FeatureCollection","crs":{"type":"name","properties":{"name":"EPSG:4326"}},"features":[{"type":"Feature","id":2800,"geometry":{"type":"Polygon","coordinates":[[[82.26747,16.69465],[82.26797,16.69482],[82.26974,16.69562],[82.2716,16.69651],[82.27229,16.69676],[82.27404,16.69741],[82.27521,16.698],[82.27727,16.69939],[82.27879,16.70022],[82.2801,16.7008],[82.28083,16.70105],[82.28432,16.70129],[82.28602,16.70157],[82.28868,16.70197],[82.29016,16.70243],[82.29229,16.70339],[82.29448,16.70454],[82.29673,16.70606],[82.2974,16.7067],[82.29783,16.70714],[82.29897,16.70794],[82.30168,16.70957],[82.30307,16.71056],[82.30364,16.71102],[82.3051,16.71239],[82.30701,16.71448],[82.30855,16.71613],[82.30915,16.71681],[82.31007,16.71818],[82.31039,16.71877],[82.31142,16.72185],[82.31195,16.72332],[82.31264,16.72482],[82.31328,16.72664],[82.3136,16.72779],[82.31375,16.72852],[82.31379,16.7294],[82.31362,16.73027],[82.31326,16.73101],[82.31259,16.73183],[82.31184,16.7328],[82.31156,16.73336],[82.31152,16.7338],[82.31132,16.73455],[82.31064,16.7364],[82.31002,16.73775],[82.30887,16.74029],[82.3071,16.74471],[82.30612,16.74671],[82.30549,16.74827],[82.30503,16.74777],[82.30441,16.74729],[82.30365,16.74683],[82.30307,16.7463],[82.30275,16.74574],[82.30254,16.74493],[82.30187,16.7442],[82.30099,16.74296],[82.30028,16.74142],[82.29855,16.739],[82.29727,16.73699],[82.29687,16.73602],[82.29487,16.73214],[82.29464,16.73189],[82.29411,16.73159],[82.29382,16.73126],[82.2933,16.73047],[82.29277,16.72983],[82.29187,16.72841],[82.28971,16.72667],[82.28888,16.7264],[82.28799,16.7262],[82.28716,16.72612],[82.28635,16.72617],[82.28538,16.72633],[82.28227,16.72714],[82.28037,16.72745],[82.27913,16.72754],[82.27736,16.72758],[82.27597,16.7274],[82.27483,16.7271],[82.27389,16.72664],[82.2734,16.72625],[82.27295,16.72567],[82.27165,16.72328],[82.27116,16.72264],[82.27068,16.72213],[82.27039,16.72193],[82.2698,16.7218],[82.26818,16.72173],[82.26668,16.72174],[82.26562,16.72184],[82.26501,16.72209],[82.26439,16.7223],[82.26397,16.72234],[82.26347,16.72221],[82.26086,16.72098],[82.25942,16.72059],[82.25806,16.72042],[82.25719,16.7205],[82.25616,16.72085],[82.25413,16.72139],[82.25326,16.72134],[82.25268,16.72142],[82.25167,16.7217],[82.24999,16.7222],[82.24879,16.72247],[82.24825,16.72247],[82.24734,16.72236],[82.24667,16.72229],[82.24583,16.72211],[82.24556,16.72215],[82.24465,16.72222],[82.24347,16.72227],[82.24284,16.72245],[82.24239,16.7226],[82.24154,16.7229],[82.23918,16.72373],[82.23813,16.72416],[82.23762,16.72445],[82.23599,16.72506],[82.23504,16.7254],[82.23424,16.72576],[82.23358,16.72608],[82.23309,16.72638],[82.23274,16.72673],[82.23238,16.72725],[82.23202,16.72765],[82.23168,16.72784],[82.23148,16.72788],[82.23051,16.72802],[82.2301,16.72809],[82.22972,16.72817],[82.22935,16.72831],[82.22901,16.72831],[82.22865,16.7284],[82.22811,16.72867],[82.22769,16.7289],[82.22709,16.7293],[82.22666,16.72943],[82.22529,16.73013],[82.22383,16.73073],[82.22263,16.73128],[82.22098,16.73186],[82.21991,16.73227],[82.2192,16.73244],[82.21837,16.7327],[82.21796,16.73277],[82.21748,16.73277],[82.21776,16.73418],[82.21792,16.73524],[82.21819,16.73656],[82.21832,16.73729],[82.21832,16.73773],[82.21827,16.73819],[82.21819,16.73868],[82.21799,16.73989],[82.21802,16.74044],[82.21808,16.74079],[82.21832,16.7413],[82.21855,16.7417],[82.21902,16.74259],[82.21927,16.74287],[82.21994,16.74361],[82.22029,16.7441],[82.22059,16.74446],[82.22112,16.74488],[82.22146,16.74523],[82.2218,16.74598],[82.22249,16.74744],[82.2227,16.74792],[82.22291,16.7481],[82.22317,16.74823],[82.22369,16.74843],[82.22416,16.7486],[82.22456,16.74877],[82.22479,16.74893],[82.2251,16.74938],[82.22523,16.74975],[82.2253,16.75018],[82.22527,16.75058],[82.22512,16.7511],[82.2247,16.75202],[82.2244,16.75304],[82.22586,16.75324],[82.22628,16.75321],[82.22744,16.75282],[82.22845,16.75274],[82.22979,16.75302],[82.2308,16.75376],[82.23198,16.75483],[82.23192,16.7552],[82.23152,16.75623],[82.23032,16.75791],[82.22892,16.75968],[82.22814,16.76073],[82.22765,16.76075],[82.22718,16.76041],[82.22666,16.75989],[82.22628,16.75925],[82.226,16.75862],[82.2258,16.75737],[82.22541,16.75646],[82.22464,16.7561],[82.22403,16.75604],[82.22304,16.75631],[82.22278,16.75682],[82.22198,16.75767],[82.22148,16.75796],[82.22122,16.75814],[82.2207,16.75751],[82.22035,16.75699],[82.22006,16.75649],[82.22003,16.75621],[82.22009,16.75603],[82.22029,16.75595],[82.22042,16.75595],[82.22064,16.75607],[82.22129,16.7566],[82.22182,16.75685],[82.22214,16.75687],[82.22241,16.75678],[82.22261,16.75662],[82.22259,16.75611],[82.22223,16.75509],[82.22175,16.75391],[82.22149,16.75337],[82.22109,16.75296],[82.22024,16.7523],[82.21973,16.75174],[82.21973,16.75134],[82.21983,16.7511],[82.22004,16.75088],[82.2201,16.75069],[82.22009,16.75062],[82.22003,16.75048],[82.21986,16.75031],[82.21963,16.7502],[82.21935,16.75017],[82.2191,16.75021],[82.21876,16.75036],[82.21832,16.75065],[82.2181,16.75082],[82.21787,16.75095],[82.21767,16.7511],[82.21755,16.7512],[82.21734,16.7513],[82.21714,16.75132],[82.21691,16.75137],[82.21656,16.75148],[82.2162,16.75159],[82.21579,16.75184],[82.21566,16.75195],[82.21535,16.7523],[82.21519,16.75264],[82.21505,16.75309],[82.21499,16.75329],[82.21488,16.75336],[82.21471,16.75343],[82.21462,16.75343],[82.21433,16.75325],[82.2129,16.75187],[82.21245,16.75156],[82.21192,16.7511],[82.21135,16.75039],[82.21124,16.75009],[82.21113,16.74937],[82.21118,16.74827],[82.21115,16.7477],[82.211,16.74715],[82.21062,16.74643],[82.21019,16.74585],[82.20958,16.74532],[82.2084,16.74451],[82.20773,16.74387],[82.20675,16.7429],[82.20701,16.74265],[82.2073,16.74227],[82.20746,16.74198],[82.20756,16.74148],[82.20748,16.74096],[82.20857,16.74025],[82.20868,16.73985],[82.20798,16.73849],[82.20709,16.73692],[82.20584,16.73491],[82.20558,16.73459],[82.20541,16.7345],[82.20524,16.73453],[82.20451,16.73481],[82.20414,16.73487],[82.20383,16.73475],[82.20313,16.73443],[82.20269,16.73443],[82.20214,16.7347],[82.20152,16.73479],[82.20071,16.73472],[82.19955,16.73461],[82.19783,16.73469],[82.19682,16.73478],[82.19559,16.73513],[82.19396,16.73563],[82.19323,16.73585],[82.19231,16.73603],[82.19119,16.73652],[82.19081,16.73656],[82.19039,16.73631],[82.18942,16.73582],[82.18911,16.73587],[82.18837,16.7369],[82.18807,16.7371],[82.1872,16.7372],[82.18632,16.73708],[82.18619,16.73675],[82.18598,16.7358],[82.18588,16.73415],[82.18585,16.73348],[82.18592,16.73222],[82.18625,16.73054],[82.18633,16.73014],[82.18636,16.73],[82.18796,16.72999],[82.18958,16.73001],[82.19107,16.7301],[82.19265,16.73021],[82.19373,16.73013],[82.19496,16.73018],[82.19445,16.72891],[82.19386,16.7277],[82.19366,16.72706],[82.19355,16.72637],[82.1934,16.72402],[82.19341,16.72163],[82.19484,16.72116],[82.19829,16.71959],[82.20079,16.71866],[82.2038,16.71772],[82.20546,16.71741],[82.20685,16.71741],[82.20769,16.7176],[82.21181,16.7181],[82.21384,16.7181],[82.2161,16.71808],[82.21794,16.71787],[82.22027,16.71765],[82.22284,16.71756],[82.22521,16.71769],[82.22833,16.71782],[82.23234,16.71817],[82.23285,16.71815],[82.23421,16.71765],[82.23736,16.71682],[82.23904,16.71629],[82.2424,16.71333],[82.24282,16.71291],[82.2453,16.71068],[82.24824,16.70817],[82.25222,16.70541],[82.25465,16.70349],[82.25718,16.70144],[82.26046,16.69882],[82.2626,16.69716],[82.26539,16.69532],[82.26673,16.69466],[82.26747,16.69465]]]},"properties":{"AC_NO":30,"AC_NAME":"Yanam","DIST_NAME":"YANAM"}},{"type":"Feature","id":2801,"geometry":{"type":"MultiPolygon","coordinates":[[[[79.62788,12.03179],[79.62639,12.0319],[79.62529,12.03159],[79.62527,12.03036],[79.62588,12.03037],[79.62573,12.02854],[79.62648,12.02834],[79.62652,12.02716],[79.62728,12.02719],[79.62714,12.02383],[79.62755,12.02377],[79.62836,12.02409],[79.62924,12.01869],[79.62906,12.0183],[79.62771,12.01692],[79.62624,12.01525],[79.62514,12.01466],[79.62381,12.01447],[79.62275,12.01443],[79.62097,12.0143],[79.62096,12.01361],[79.62108,12.01141],[79.62126,12.01042],[79.62113,12.01025],[79.62054,12.00953],[79.61991,12.00783],[79.61982,12.00481],[79.61956,12.00423],[79.61905,12.00373],[79.61884,12.00194],[79.61888,12.00143],[79.61888,12.00128],[79.61964,12.00125],[79.61963,12.00041],[79.62162,12.00042],[79.62467,12.00035],[79.62625,12.00038],[79.62614,11.99961],[79.62562,11.99735],[79.62482,11.99485],[79.62458,11.99338],[79.62439,11.99184],[79.62396,11.99024],[79.62359,11.98928],[79.6205,11.98935],[79.61711,11.98957],[79.61721,11.98779],[79.61784,11.98777],[79.61781,11.98668],[79.61742,11.98668],[79.6174,11.98626],[79.61739,11.98566],[79.61794,11.98566],[79.61795,11.9849],[79.61972,11.98485],[79.61972,11.98394],[79.62076,11.98394],[79.62076,11.98303],[79.62078,11.98242],[79.62435,11.98178],[79.62419,11.98003],[79.62379,11.97997],[79.62372,11.97855],[79.62412,11.97852],[79.62411,11.97709],[79.62451,11.97707],[79.6245,11.976],[79.62194,11.97368],[79.62,11.97206],[79.61855,11.97085],[79.61854,11.97048],[79.61852,11.96994],[79.62242,11.96987],[79.62248,11.96927],[79.62359,11.9691],[79.62512,11.96875],[79.62669,11.9683],[79.62747,11.96808],[79.62738,11.96774],[79.62689,11.96599],[79.62676,11.96551],[79.6266,11.9648],[79.62662,11.96405],[79.62669,11.96374],[79.62682,11.96342],[79.62707,11.96289],[79.6271,11.96234],[79.62718,11.96198],[79.62741,11.9615],[79.62787,11.96091],[79.62806,11.96027],[79.62817,11.95989],[79.62836,11.9597],[79.62866,11.95951],[79.62869,11.95711],[79.62869,11.95696],[79.62871,11.95639],[79.62868,11.95406],[79.62859,11.95039],[79.62843,11.94724],[79.62838,11.94562],[79.62849,11.94518],[79.6301,11.94406],[79.63198,11.94348],[79.63566,11.94244],[79.63834,11.94193],[79.64021,11.94153],[79.64301,11.9414],[79.64575,11.94126],[79.6479,11.94276],[79.64787,11.94455],[79.64708,11.9445],[79.64607,11.94434],[79.64515,11.94403],[79.64465,11.9437],[79.64269,11.94212],[79.6426,11.9438],[79.64254,11.94522],[79.64243,11.94729],[79.64185,11.94783],[79.64189,11.94975],[79.64222,11.95389],[79.64441,11.95371],[79.64728,11.95343],[79.64744,11.95548],[79.647,11.95596],[79.64689,11.95621],[79.64687,11.9568],[79.64737,11.95785],[79.64764,11.95845],[79.64746,11.95917],[79.64733,11.95989],[79.64739,11.96042],[79.64775,11.96178],[79.64758,11.96306],[79.64758,11.9641],[79.64774,11.96495],[79.64798,11.96577],[79.64815,11.96638],[79.64824,11.96677],[79.64832,11.96733],[79.6479,11.96764],[79.64701,11.96818],[79.64595,11.96877],[79.64492,11.96918],[79.64365,11.96971],[79.6425,11.97007],[79.64133,11.97043],[79.64137,11.97084],[79.64099,11.97117],[79.64088,11.97235],[79.64085,11.97288],[79.64049,11.97322],[79.64037,11.97379],[79.64032,11.97532],[79.64027,11.97621],[79.63902,11.97675],[79.63637,11.97782],[79.63696,11.97945],[79.6373,11.98098],[79.63735,11.98203],[79.63738,11.98248],[79.63737,11.98283],[79.63776,11.98463],[79.6384,11.98629],[79.63913,11.98816],[79.63973,11.98802],[79.63999,11.98853],[79.64,11.9902],[79.63976,11.99021],[79.63973,11.99144],[79.63964,11.99145],[79.63999,11.99268],[79.63947,11.993],[79.63814,11.99374],[79.63748,11.99419],[79.63721,11.99472],[79.63666,11.9953],[79.63611,11.99571],[79.63599,11.99603],[79.63619,11.99713],[79.63645,11.99804],[79.63701,11.9979],[79.63719,11.9984],[79.63842,11.99835],[79.64002,11.99821],[79.64121,11.99822],[79.64149,11.99837],[79.64192,11.99873],[79.64233,11.99929],[79.64276,12.00037],[79.64294,12.00087],[79.64317,12.00143],[79.64432,12.0055],[79.64602,12.00566],[79.64663,12.0092],[79.64685,12.0123],[79.64747,12.01238],[79.6471,12.01342],[79.64843,12.01629],[79.64758,12.01629],[79.64779,12.0169],[79.64845,12.01951],[79.65141,12.02132],[79.65136,12.0223],[79.65083,12.02349],[79.65041,12.0239],[79.64984,12.02407],[79.64826,12.02476],[79.64721,12.02531],[79.64653,12.02591],[79.64518,12.02692],[79.64401,12.0276],[79.64288,12.02784],[79.64118,12.02807],[79.6401,12.02797],[79.6392,12.02769],[79.63838,12.02728],[79.63754,12.02674],[79.63621,12.02853],[79.63593,12.02884],[79.63576,12.02887],[79.6352,12.02968],[79.63487,12.02958],[79.63478,12.02966],[79.63437,12.0297],[79.6339,12.02965],[79.63388,12.02961],[79.63357,12.02966],[79.633,12.02998],[79.6325,12.03039],[79.63244,12.03047],[79.63147,12.03105],[79.63032,12.0312],[79.62997,12.03132],[79.62932,12.03115],[79.62788,12.03179]]],[[[79.69503,12.03556],[79.69402,12.03541],[79.69276,12.03529],[79.69173,12.0315],[79.69118,12.02865],[79.68935,12.02906],[79.68868,12.02753],[79.68754,12.0276],[79.68747,12.02675],[79.68655,12.02677],[79.68645,12.02572],[79.68572,12.02523],[79.68504,12.02358],[79.68418,12.0217],[79.67921,12.0216],[79.67648,12.02157],[79.67481,12.01766],[79.67467,12.01558],[79.67328,12.01392],[79.67237,12.00998],[79.67223,12.0097],[79.67009,12.00964],[79.66919,12.00979],[79.66779,12.01043],[79.66699,12.01082],[79.66546,12.01145],[79.66398,12.01166],[79.66224,12.01194],[79.66153,12.01221],[79.66136,12.0123],[79.66046,12.00857],[79.66017,12.00699],[79.65934,12.0072],[79.65854,12.00457],[79.65832,12.00377],[79.65899,12.00359],[79.65879,12.00257],[79.65955,12.00243],[79.65918,12.00144],[79.65904,12.00118],[79.65845,11.99954],[79.65809,11.99872],[79.65759,11.99713],[79.65727,11.99555],[79.65691,11.9936],[79.65673,11.99227],[79.65694,11.99156],[79.6573,11.99133],[79.65805,11.99114],[79.65857,11.99112],[79.65874,11.991],[79.65894,11.9907],[79.6593,11.99057],[79.66001,11.99044],[79.66056,11.99024],[79.66073,11.99004],[79.66069,11.9897],[79.6607,11.98952],[79.66069,11.98924],[79.66086,11.98919],[79.66115,11.98932],[79.66152,11.98959],[79.66173,11.98963],[79.66213,11.98954],[79.66253,11.9895],[79.66286,11.98958],[79.66336,11.99016],[79.66373,11.99036],[79.66519,11.99049],[79.66657,11.99077],[79.66726,11.99091],[79.66755,11.99125],[79.66809,11.99174],[79.66868,11.99218],[79.66909,11.99245],[79.66984,11.99275],[79.67035,11.99287],[79.67069,11.99313],[79.67123,11.99365],[79.67158,11.99435],[79.67206,11.99476],[79.67266,11.99484],[79.67295,11.99487],[79.67385,11.99505],[79.67398,11.99415],[79.67423,11.99294],[79.67457,11.99215],[79.67504,11.99122],[79.67618,11.98962],[79.67676,11.98881],[79.67731,11.98765],[79.67764,11.98676],[79.67797,11.98624],[79.67825,11.9859],[79.67964,11.98441],[79.68083,11.98334],[79.68094,11.9835],[79.68118,11.98413],[79.68138,11.98556],[79.68192,11.98562],[79.6828,11.98698],[79.68312,11.98805],[79.68321,11.98866],[79.6833,11.98911],[79.68398,11.98942],[79.68431,11.9897],[79.68497,11.99051],[79.68541,11.99162],[79.68678,11.99096],[79.68834,11.99038],[79.68969,11.98999],[79.69134,11.98974],[79.69267,11.98987],[79.69352,11.9899],[79.69354,11.99027],[79.6939,11.9903],[79.69396,11.99106],[79.69459,11.99105],[79.69467,11.99195],[79.69734,11.99193],[79.69839,11.99188],[79.70008,11.9917],[79.70021,11.99207],[79.70144,11.99186],[79.70161,11.99341],[79.70218,11.99341],[79.70222,11.99415],[79.70343,11.99409],[79.70542,11.99395],[79.70558,11.99456],[79.70616,11.99453],[79.70685,11.99433],[79.70719,11.99404],[79.70895,11.99312],[79.71139,11.99206],[79.7134,11.99107],[79.71358,11.99101],[79.71447,11.99069],[79.71583,11.99046],[79.71643,11.99039],[79.7179,11.99041],[79.71806,11.99079],[79.71817,11.99157],[79.71772,11.99163],[79.71777,11.99224],[79.7196,11.99217],[79.71963,11.99289],[79.71801,11.99292],[79.71826,11.99444],[79.71837,11.99519],[79.71741,11.99598],[79.7175,11.99775],[79.7154,11.99819],[79.71545,11.9992],[79.71503,11.99938],[79.71511,12.0002],[79.7131,12.00122],[79.71287,12.00142],[79.71145,12.00141],[79.71143,12.00233],[79.71103,12.0023],[79.7111,12.00366],[79.70925,12.00429],[79.70903,12.0069],[79.70734,12.00703],[79.70737,12.0078],[79.70556,12.00834],[79.70556,12.00978],[79.70482,12.00977],[79.70478,12.01032],[79.70368,12.01029],[79.7037,12.011],[79.70281,12.01107],[79.703,12.01398],[79.70315,12.01549],[79.70315,12.01621],[79.70346,12.01645],[79.70355,12.01793],[79.7037,12.01979],[79.7041,12.02009],[79.70393,12.02119],[79.7041,12.0221],[79.70435,12.02402],[79.70472,12.02511],[79.7052,12.02713],[79.70528,12.02758],[79.70521,12.02858],[79.70477,12.03198],[79.70357,12.03191],[79.70328,12.03299],[79.70174,12.03301],[79.70169,12.0332],[79.7011,12.0332],[79.70072,12.03406],[79.69945,12.03403],[79.69893,12.03401],[79.6989,12.03308],[79.69723,12.03323],[79.69649,12.03537],[79.69503,12.03474],[79.69503,12.03556]]]]},"properties":{"AC_NO":1,"AC_NAME":"Mannadipet","DIST_NAME":"PONDICHERRY"}},{"type":"Feature","id":2802,"geometry":{"type":"MultiPolygon","coordinates":[[[[79.76972,11.944],[79.76891,11.94403],[79.76623,11.94415],[79.7651,11.94422],[79.7635,11.94422],[79.76262,11.94351],[79.75988,11.94365],[79.75974,11.94263],[79.75973,11.94115],[79.75975,11.94005],[79.76042,11.9401],[79.76045,11.93918],[79.76037,11.93849],[79.76036,11.93597],[79.76045,11.93433],[79.76064,11.93207],[79.76093,11.93074],[79.76211,11.93086],[79.76213,11.92859],[79.76119,11.92852],[79.76137,11.92842],[79.76185,11.92822],[79.76954,11.92895],[79.76896,11.93086],[79.76748,11.93131],[79.76675,11.93227],[79.76622,11.93272],[79.76531,11.93271],[79.76489,11.93333],[79.76529,11.93419],[79.76719,11.93507],[79.76933,11.93511],[79.7705,11.93575],[79.7712,11.93796],[79.77115,11.93841],[79.77088,11.9411],[79.76922,11.94216],[79.76972,11.944]]],[[[79.75618,12.0041],[79.75457,12.00468],[79.7521,12.00595],[79.75057,12.00664],[79.74857,12.00713],[79.74756,12.00783],[79.74678,12.0069],[79.74662,12.00587],[79.74596,12.00585],[79.74571,12.00458],[79.74555,12.00433],[79.74535,12.00407],[79.74476,12.0028],[79.74312,12.00331],[79.74258,12.00141],[79.7426,12.00117],[79.74002,12.0013],[79.73982,12.00086],[79.73768,12.00092],[79.73747,11.99843],[79.73698,11.9984],[79.73692,11.99785],[79.73585,11.99782],[79.73573,11.99744],[79.73477,11.99745],[79.73448,11.99664],[79.73388,11.99456],[79.73339,11.99326],[79.7319,11.99351],[79.73165,11.99289],[79.72899,11.99357],[79.72825,11.99229],[79.72428,11.99288],[79.72333,11.99307],[79.7231,11.99246],[79.72055,11.99269],[79.72004,11.99185],[79.7198,11.99149],[79.71966,11.99093],[79.71956,11.99025],[79.7194,11.98921],[79.71869,11.98835],[79.71705,11.98641],[79.71584,11.98485],[79.71493,11.98486],[79.71452,11.98495],[79.71463,11.98636],[79.71237,11.98647],[79.71217,11.98506],[79.71186,11.98356],[79.71129,11.98087],[79.7109,11.97897],[79.7104,11.97693],[79.71017,11.97672],[79.70927,11.97573],[79.71079,11.97564],[79.71087,11.97458],[79.71222,11.97437],[79.7124,11.97354],[79.71288,11.97347],[79.71296,11.97306],[79.71393,11.97249],[79.71462,11.97271],[79.7146,11.9722],[79.71529,11.97164],[79.71597,11.97102],[79.71577,11.9699],[79.71499,11.96762],[79.71437,11.96772],[79.71416,11.96698],[79.71245,11.96742],[79.71196,11.9675],[79.71153,11.96752],[79.71131,11.96714],[79.71079,11.96724],[79.71014,11.96572],[79.70853,11.96586],[79.70604,11.96632],[79.70582,11.96707],[79.70493,11.96714],[79.70339,11.96706],[79.70312,11.9662],[79.70365,11.96547],[79.70285,11.96477],[79.70184,11.96487],[79.70147,11.96367],[79.70101,11.96266],[79.70011,11.96284],[79.70006,11.96276],[79.70122,11.95115],[79.70242,11.94956],[79.70388,11.94795],[79.70492,11.94578],[79.70796,11.94409],[79.70797,11.94496],[79.70792,11.94597],[79.70789,11.94657],[79.70835,11.94671],[79.70831,11.94759],[79.70915,11.94752],[79.70934,11.94887],[79.70962,11.94984],[79.71085,11.9493],[79.71291,11.94816],[79.71654,11.94668],[79.72085,11.9449],[79.72078,11.94426],[79.72045,11.94242],[79.72017,11.94071],[79.7198,11.93914],[79.71917,11.93638],[79.71875,11.93491],[79.71805,11.93277],[79.71782,11.93174],[79.71804,11.93155],[79.71789,11.93084],[79.71748,11.92897],[79.7183,11.92825],[79.72124,11.92638],[79.72229,11.9256],[79.72452,11.92386],[79.72551,11.92311],[79.72606,11.92253],[79.72654,11.92175],[79.72726,11.92063],[79.72858,11.91869],[79.72908,11.91798],[79.72955,11.91739],[79.73026,11.91654],[79.73113,11.91515],[79.73163,11.91441],[79.73228,11.91356],[79.73317,11.91275],[79.73379,11.91246],[79.73444,11.91198],[79.73464,11.9118],[79.73525,11.91236],[79.73566,11.91419],[79.73605,11.91655],[79.73749,11.91715],[79.73782,11.91956],[79.7391,11.9197],[79.74142,11.9198],[79.74356,11.91977],[79.74501,11.92094],[79.74492,11.92262],[79.7449,11.9237],[79.74406,11.92658],[79.74311,11.92867],[79.74413,11.92995],[79.74804,11.92959],[79.74912,11.92946],[79.7491,11.93009],[79.74892,11.93373],[79.7488,11.93636],[79.74876,11.93825],[79.74881,11.9409],[79.74862,11.94422],[79.74829,11.94576],[79.74798,11.94715],[79.74746,11.94961],[79.74733,11.95065],[79.74683,11.95318],[79.74662,11.95422],[79.74616,11.95656],[79.74599,11.95764],[79.74559,11.95954],[79.74539,11.96039],[79.74499,11.96258],[79.74481,11.96372],[79.74452,11.96493],[79.74274,11.96564],[79.74167,11.96592],[79.73996,11.96649],[79.73786,11.96728],[79.73667,11.96768],[79.7342,11.96848],[79.7333,11.96878],[79.73247,11.96911],[79.73039,11.97027],[79.72997,11.97049],[79.72907,11.97078],[79.72779,11.97112],[79.72603,11.97121],[79.72447,11.97126],[79.72439,11.97217],[79.72424,11.9728],[79.72392,11.97363],[79.72379,11.97408],[79.72359,11.97531],[79.72353,11.97622],[79.72351,11.97684],[79.72355,11.97754],[79.7236,11.97814],[79.72375,11.97859],[79.72413,11.97944],[79.72446,11.97943],[79.72543,11.98179],[79.72592,11.98352],[79.72644,11.98568],[79.72693,11.98582],[79.72809,11.98589],[79.72876,11.98596],[79.73037,11.98589],[79.73034,11.98537],[79.72984,11.98534],[79.72965,11.98513],[79.72957,11.98465],[79.73013,11.98424],[79.73022,11.98387],[79.73021,11.98321],[79.73077,11.98316],[79.73086,11.98256],[79.73187,11.98249],[79.73182,11.98176],[79.73194,11.98148],[79.73276,11.98111],[79.73347,11.98088],[79.73423,11.98035],[79.73513,11.97947],[79.73555,11.97915],[79.736,11.979],[79.73622,11.97897],[79.73757,11.9789],[79.73837,11.97888],[79.74018,11.97851],[79.74017,11.9782],[79.74106,11.97791],[79.74189,11.97768],[79.7428,11.97777],[79.74315,11.9788],[79.74338,11.97938],[79.74387,11.98011],[79.7462,11.98254],[79.74811,11.98471],[79.74861,11.98456],[79.74884,11.98451],[79.74992,11.98446],[79.75185,11.98432],[79.75197,11.9849],[79.75292,11.98493],[79.75321,11.98613],[79.75428,11.98616],[79.75516,11.98801],[79.75546,11.98834],[79.7559,11.98851],[79.75697,11.98837],[79.75807,11.98873],[79.75988,11.98903],[79.76036,11.98924],[79.76148,11.99115],[79.76201,11.99317],[79.76221,11.99478],[79.76229,11.99604],[79.76235,11.99857],[79.76223,11.99997],[79.76207,12.0014],[79.76238,12.00267],[79.76155,12.00293],[79.75976,12.00358],[79.75926,12.00379],[79.75838,12.00387],[79.75765,12.00389],[79.7569,12.00387],[79.75618,12.0041]]]]},"properties":{"AC_NO":3,"AC_NAME":"Oussudu (SC)","DIST_NAME":"PONDICHERRY"}},{"type":"Feature","id":2803,"geometry":{"type":"MultiPolygon","coordinates":[[[[79.82164,11.96956],[79.82138,11.97001],[79.82086,11.97082],[79.82071,11.97124],[79.82015,11.97308],[79.81983,11.97402],[79.81958,11.97533],[79.81895,11.97687],[79.81844,11.97793],[79.81797,11.97822],[79.81697,11.97874],[79.81623,11.97907],[79.81576,11.97899],[79.81386,11.9784],[79.81254,11.97793],[79.81129,11.97683],[79.81074,11.97633],[79.80975,11.97527],[79.80875,11.97331],[79.80832,11.9725],[79.80727,11.96981],[79.80713,11.96951],[79.80641,11.96807],[79.80609,11.96659],[79.80582,11.9657],[79.80528,11.96363],[79.80656,11.96354],[79.80683,11.96352],[79.80806,11.96312],[79.80978,11.96287],[79.80974,11.96232],[79.8098,11.96034],[79.81091,11.95879],[79.81125,11.95877],[79.81351,11.95856],[79.81614,11.95852],[79.81639,11.95856],[79.8161,11.95999],[79.81566,11.96156],[79.81521,11.96298],[79.81546,11.96423],[79.81579,11.96629],[79.81629,11.96895],[79.81769,11.96781],[79.81868,11.96687],[79.81905,11.96643],[79.82071,11.96431],[79.82113,11.96383],[79.8202,11.96377],[79.82056,11.96248],[79.82068,11.96037],[79.82171,11.95978],[79.82253,11.95968],[79.82272,11.95897],[79.82274,11.95779],[79.82388,11.95756],[79.82472,11.9576],[79.82505,11.95775],[79.82837,11.95872],[79.82751,11.95943],[79.82601,11.96065],[79.82481,11.96156],[79.82455,11.96202],[79.82442,11.96252],[79.82375,11.96365],[79.82296,11.96477],[79.82228,11.96581],[79.82211,11.9663],[79.8221,11.96701],[79.82185,11.96836],[79.82164,11.96956]]],[[[79.79434,12.02584],[79.79293,12.02617],[79.79209,12.02649],[79.79134,12.02713],[79.79091,12.02729],[79.79016,12.02753],[79.78929,12.02769],[79.78937,12.02686],[79.78947,12.02505],[79.78949,12.02377],[79.7895,12.02197],[79.78914,12.02081],[79.78832,12.01924],[79.78975,12.01881],[79.79089,12.01853],[79.79251,12.01801],[79.79322,12.0178],[79.79479,12.01734],[79.79598,12.01709],[79.79706,12.01698],[79.79833,12.01695],[79.80092,12.01697],[79.80098,12.01779],[79.80111,12.01808],[79.80168,12.01846],[79.80232,12.01913],[79.80289,12.0196],[79.8032,12.01969],[79.80381,12.01992],[79.80407,12.02008],[79.80415,12.02025],[79.80427,12.02068],[79.80419,12.02108],[79.80412,12.02138],[79.80435,12.02143],[79.80477,12.02148],[79.80512,12.02162],[79.80539,12.0218],[79.80552,12.02216],[79.80545,12.02251],[79.80514,12.02302],[79.80502,12.02343],[79.80502,12.02362],[79.80523,12.02386],[79.80534,12.02411],[79.80539,12.02435],[79.80531,12.02454],[79.80514,12.02467],[79.80468,12.02496],[79.80355,12.02567],[79.80316,12.02583],[79.80229,12.0259],[79.80141,12.02586],[79.80032,12.0258],[79.79908,12.0259],[79.79819,12.02591],[79.79709,12.02581],[79.79573,12.02576],[79.79434,12.02584]]],[[[79.85758,12.00778],[79.85809,12.00875],[79.85906,12.01117],[79.85964,12.0125],[79.86022,12.01382],[79.86086,12.01512],[79.86212,12.01766],[79.86272,12.01891],[79.86398,12.02176],[79.86501,12.0239],[79.86679,12.02756],[79.86754,12.02907],[79.86898,12.03186],[79.86957,12.03323],[79.87017,12.03461],[79.87042,12.03514],[79.87068,12.03567],[79.87169,12.03746],[79.87239,12.03909],[79.87308,12.04071],[79.87379,12.04262],[79.87353,12.04273],[79.87297,12.04297],[79.86984,12.04427],[79.87001,12.04474],[79.86707,12.04561],[79.86457,12.04632],[79.85561,12.04955],[79.85328,12.05044],[79.85137,12.05106],[79.84976,12.05182],[79.84881,12.04915],[79.84763,12.04587],[79.84567,12.041],[79.84514,12.03979],[79.84475,12.03837],[79.84452,12.03682],[79.84396,12.03558],[79.84345,12.03453],[79.84335,12.03411],[79.84333,12.03292],[79.84324,12.02877],[79.84319,12.02643],[79.84312,12.02348],[79.84296,12.02199],[79.84259,12.02082],[79.84175,12.01908],[79.84121,12.0173],[79.84096,12.01615],[79.84084,12.01508],[79.84047,12.01327],[79.8425,12.01253],[79.84496,12.01171],[79.84654,12.01109],[79.84854,12.01036],[79.84971,12.00993],[79.8512,12.00928],[79.85334,12.00835],[79.85541,12.00757],[79.85686,12.0069],[79.85706,12.00681],[79.85758,12.00778]]]]},"properties":{"AC_NO":12,"AC_NAME":"Kalapet","DIST_NAME":"PONDICHERRY"}},{"type":"Feature","id":2804,"geometry":{"type":"Polygon","coordinates":[[[79.80528,11.96363],[79.80518,11.96321],[79.80517,11.96285],[79.80486,11.95978],[79.80497,11.95648],[79.80504,11.95533],[79.80501,11.9533],[79.80328,11.95318],[79.80323,11.95322],[79.80323,11.95311],[79.80394,11.95181],[79.80427,11.95103],[79.80481,11.9504],[79.80543,11.94918],[79.80596,11.94832],[79.80732,11.94632],[79.80626,11.94999],[79.80595,11.95157],[79.8055,11.95219],[79.80549,11.95287],[79.80634,11.95268],[79.80722,11.9527],[79.80832,11.95232],[79.80846,11.95339],[79.80771,11.95492],[79.8077,11.95583],[79.80895,11.95569],[79.80918,11.95633],[79.81023,11.95623],[79.81031,11.9556],[79.81068,11.9556],[79.81079,11.95616],[79.81155,11.95609],[79.81168,11.95566],[79.81196,11.95566],[79.81207,11.95622],[79.81356,11.9562],[79.81421,11.95573],[79.81466,11.95582],[79.81465,11.95622],[79.81517,11.95622],[79.81526,11.95551],[79.81462,11.95546],[79.81426,11.95506],[79.81428,11.95411],[79.81477,11.954],[79.81496,11.95361],[79.81565,11.95288],[79.81522,11.95167],[79.81545,11.95141],[79.81523,11.95098],[79.81561,11.95079],[79.81584,11.94912],[79.81619,11.94915],[79.81926,11.94959],[79.81923,11.94988],[79.81937,11.95018],[79.81943,11.95054],[79.81948,11.95113],[79.81926,11.95158],[79.81856,11.95219],[79.81855,11.95293],[79.82388,11.95756],[79.82274,11.95779],[79.82272,11.95897],[79.82253,11.95968],[79.82171,11.95978],[79.82068,11.96037],[79.82056,11.96248],[79.8202,11.96377],[79.82113,11.96383],[79.82071,11.96431],[79.81905,11.96643],[79.81868,11.96687],[79.81769,11.96781],[79.81629,11.96895],[79.81579,11.96629],[79.81546,11.96423],[79.81521,11.96298],[79.81566,11.96156],[79.8161,11.95999],[79.81639,11.95856],[79.81614,11.95852],[79.81351,11.95856],[79.81125,11.95877],[79.81091,11.95879],[79.8098,11.96034],[79.80974,11.96232],[79.80978,11.96287],[79.80806,11.96312],[79.80683,11.96352],[79.80656,11.96354],[79.80528,11.96363]]]},"properties":{"AC_NO":11,"AC_NAME":"Lawspet","DIST_NAME":"PONDICHERRY"}},{"type":"Feature","id":2805,"geometry":{"type":"Polygon","coordinates":[[[79.80323,11.95322],[79.80123,11.95467],[79.7976,11.95669],[79.7958,11.95727],[79.79375,11.95819],[79.79166,11.95942],[79.79061,11.95965],[79.78835,11.95974],[79.78812,11.96042],[79.78763,11.96029],[79.78466,11.95991],[79.78455,11.95963],[79.78385,11.95767],[79.78342,11.95631],[79.78079,11.95657],[79.77995,11.95585],[79.77978,11.95498],[79.77941,11.95361],[79.77671,11.95374],[79.77661,11.95333],[79.77627,11.95177],[79.77532,11.9517],[79.77504,11.94978],[79.77378,11.94994],[79.77354,11.94907],[79.77314,11.94913],[79.77289,11.94778],[79.77216,11.94647],[79.77146,11.94393],[79.76972,11.944],[79.76922,11.94216],[79.77088,11.9411],[79.77115,11.93841],[79.7712,11.93796],[79.7705,11.93575],[79.77379,11.93591],[79.77485,11.93608],[79.77598,11.9358],[79.78012,11.93698],[79.78419,11.93726],[79.78519,11.93653],[79.78546,11.93855],[79.78469,11.93891],[79.78533,11.94152],[79.78603,11.94517],[79.78515,11.94836],[79.78491,11.94967],[79.78445,11.95155],[79.78435,11.95272],[79.78438,11.95364],[79.7847,11.95477],[79.78573,11.95437],[79.78667,11.95367],[79.78723,11.95297],[79.78911,11.95007],[79.79043,11.94696],[79.792,11.9471],[79.79353,11.94709],[79.79502,11.94694],[79.79534,11.94548],[79.79563,11.94344],[79.79609,11.94102],[79.79669,11.94099],[79.79687,11.94028],[79.79714,11.93998],[79.79741,11.93941],[79.798,11.93909],[79.79849,11.93972],[79.79846,11.94139],[79.8005,11.94151],[79.80067,11.94415],[79.79934,11.94509],[79.79984,11.94543],[79.80057,11.94519],[79.80145,11.94592],[79.80153,11.94638],[79.8022,11.94672],[79.80425,11.94901],[79.80543,11.94918],[79.80481,11.9504],[79.80427,11.95103],[79.80394,11.95181],[79.80323,11.95311],[79.80323,11.95322]]]},"properties":{"AC_NO":8,"AC_NAME":"Indira Nagar","DIST_NAME":"PONDICHERRY"}},{"type":"Feature","id":2806,"geometry":{"type":"Polygon","coordinates":[[[79.82837,11.95872],[79.82505,11.95775],[79.82472,11.9576],[79.82388,11.95756],[79.81855,11.95293],[79.81856,11.95219],[79.81926,11.95158],[79.81948,11.95113],[79.81943,11.95054],[79.81937,11.95018],[79.81923,11.94988],[79.81926,11.94959],[79.81619,11.94915],[79.81655,11.94758],[79.81701,11.94524],[79.81708,11.94468],[79.81721,11.94388],[79.81717,11.94287],[79.81662,11.94295],[79.81505,11.94331],[79.81389,11.94365],[79.81363,11.9432],[79.81314,11.94174],[79.81327,11.94082],[79.81252,11.94081],[79.80974,11.94115],[79.80847,11.94128],[79.80793,11.93858],[79.80998,11.93817],[79.81607,11.93454],[79.81766,11.93445],[79.81896,11.93494],[79.82073,11.93475],[79.82174,11.93506],[79.82205,11.93531],[79.8228,11.93639],[79.82371,11.93763],[79.82468,11.9395],[79.82446,11.9396],[79.82507,11.94091],[79.82642,11.94138],[79.82827,11.94651],[79.82937,11.94947],[79.8285,11.95109],[79.82855,11.95154],[79.82878,11.95276],[79.82909,11.95401],[79.82944,11.95467],[79.82976,11.95521],[79.83003,11.95569],[79.82993,11.95766],[79.82947,11.95783],[79.82879,11.95837],[79.82837,11.95872]]]},"properties":{"AC_NO":10,"AC_NAME":"Kamraj Nagar","DIST_NAME":"PONDICHERRY"}},{"type":"Feature","id":2807,"geometry":{"type":"Polygon","coordinates":[[[79.82993,11.95766],[79.83003,11.95569],[79.82976,11.95521],[79.82944,11.95467],[79.82909,11.95401],[79.82878,11.95276],[79.82855,11.95154],[79.8285,11.95109],[79.82937,11.94947],[79.82827,11.94651],[79.82642,11.94138],[79.82507,11.94091],[79.82446,11.9396],[79.82468,11.9395],[79.8263,11.93909],[79.82926,11.93997],[79.82953,11.94096],[79.83029,11.94102],[79.83281,11.94181],[79.83349,11.94499],[79.83435,11.94896],[79.836,11.94867],[79.83593,11.94791],[79.83595,11.94776],[79.83838,11.94746],[79.83839,11.94756],[79.8385,11.94823],[79.83863,11.94881],[79.83893,11.94987],[79.83934,11.95099],[79.83962,11.9519],[79.84011,11.95363],[79.84048,11.95546],[79.84057,11.95583],[79.83887,11.95607],[79.83683,11.9563],[79.83461,11.95641],[79.83398,11.95641],[79.83274,11.95656],[79.83121,11.95716],[79.82993,11.95766]]]},"properties":{"AC_NO":13,"AC_NAME":"Muthialpet","DIST_NAME":"PONDICHERRY"}},{"type":"Feature","id":2808,"geometry":{"type":"Polygon","coordinates":[[[79.81023,11.95623],[79.80918,11.95633],[79.80895,11.95569],[79.8077,11.95583],[79.80771,11.95492],[79.80846,11.95339],[79.80832,11.95232],[79.80722,11.9527],[79.80634,11.95268],[79.80549,11.95287],[79.8055,11.95219],[79.80595,11.95157],[79.80626,11.94999],[79.80732,11.94632],[79.80596,11.94832],[79.80543,11.94918],[79.80425,11.94901],[79.8022,11.94672],[79.80153,11.94638],[79.80145,11.94592],[79.80057,11.94519],[79.79984,11.94543],[79.79934,11.94509],[79.80067,11.94415],[79.8005,11.94151],[79.79846,11.94139],[79.79849,11.93972],[79.798,11.93909],[79.79792,11.93578],[79.8025,11.93598],[79.80279,11.93657],[79.80547,11.93644],[79.80529,11.93681],[79.80601,11.93674],[79.80615,11.93595],[79.80756,11.93588],[79.80782,11.93774],[79.80793,11.93858],[79.80847,11.94128],[79.80974,11.94115],[79.81252,11.94081],[79.81327,11.94082],[79.81314,11.94174],[79.81363,11.9432],[79.81389,11.94365],[79.81505,11.94331],[79.81662,11.94295],[79.81717,11.94287],[79.81721,11.94388],[79.81708,11.94468],[79.81701,11.94524],[79.81655,11.94758],[79.81619,11.94915],[79.81584,11.94912],[79.81561,11.95079],[79.81523,11.95098],[79.81545,11.95141],[79.81522,11.95167],[79.81565,11.95288],[79.81496,11.95361],[79.81477,11.954],[79.81428,11.95411],[79.81426,11.95506],[79.81462,11.95546],[79.81526,11.95551],[79.81517,11.95622],[79.81465,11.95622],[79.81466,11.95582],[79.81421,11.95573],[79.81356,11.9562],[79.81207,11.95622],[79.81196,11.95566],[79.81168,11.95566],[79.81155,11.95609],[79.81079,11.95616],[79.81068,11.9556],[79.81031,11.9556],[79.81023,11.95623]]]},"properties":{"AC_NO":9,"AC_NAME":"Thattanchavady","DIST_NAME":"PONDICHERRY"}},{"type":"Feature","id":2809,"geometry":{"type":"MultiPolygon","coordinates":[[[[79.65859,11.94457],[79.65819,11.94482],[79.65759,11.94496],[79.65746,11.94513],[79.65738,11.94588],[79.65693,11.94646],[79.65662,11.94689],[79.65661,11.94718],[79.65666,11.94734],[79.6572,11.94748],[79.65736,11.94779],[79.65736,11.94806],[79.65662,11.94808],[79.65298,11.94822],[79.65287,11.94817],[79.65283,11.94785],[79.65269,11.94672],[79.65223,11.9467],[79.65212,11.94577],[79.65205,11.94525],[79.65203,11.94487],[79.65195,11.94359],[79.65046,11.94393],[79.64948,11.94429],[79.64866,11.94442],[79.64809,11.94457],[79.64787,11.94455],[79.6479,11.94276],[79.64575,11.94126],[79.64301,11.9414],[79.64021,11.94153],[79.63834,11.94193],[79.63566,11.94244],[79.63198,11.94348],[79.6301,11.94406],[79.62849,11.94518],[79.62734,11.94465],[79.62603,11.94398],[79.62476,11.94311],[79.62438,11.94304],[79.62375,11.94306],[79.62304,11.94325],[79.62251,11.94321],[79.62195,11.94305],[79.6209,11.94307],[79.6189,11.94322],[79.61864,11.9409],[79.6184,11.93939],[79.61815,11.9376],[79.61787,11.93605],[79.61843,11.93604],[79.61844,11.93487],[79.6183,11.93324],[79.6182,11.93213],[79.61866,11.93204],[79.61844,11.93031],[79.61888,11.93026],[79.61877,11.92944],[79.61842,11.92609],[79.61941,11.92552],[79.6228,11.92372],[79.62448,11.92267],[79.62501,11.92241],[79.62564,11.9221],[79.6266,11.922],[79.62671,11.92198],[79.62724,11.92153],[79.62774,11.92095],[79.62809,11.92029],[79.62832,11.91958],[79.62838,11.9191],[79.62837,11.91891],[79.62824,11.91826],[79.62808,11.91629],[79.62753,11.91291],[79.62717,11.91061],[79.62672,11.90942],[79.62644,11.90879],[79.62596,11.90617],[79.6259,11.90592],[79.62572,11.90519],[79.62527,11.90305],[79.62607,11.90296],[79.62739,11.90257],[79.62983,11.90158],[79.63152,11.90133],[79.6321,11.90127],[79.63691,11.90145],[79.63871,11.90211],[79.63957,11.90231],[79.64062,11.9022],[79.64085,11.90476],[79.64106,11.90767],[79.64227,11.9078],[79.64452,11.90775],[79.64772,11.9077],[79.64995,11.90771],[79.65214,11.90774],[79.65297,11.90772],[79.6546,11.90776],[79.65589,11.90794],[79.65597,11.90915],[79.65594,11.91014],[79.65604,11.9129],[79.65828,11.9129],[79.6609,11.91307],[79.66262,11.91309],[79.66267,11.91515],[79.6611,11.91516],[79.661,11.91629],[79.66255,11.91639],[79.66272,11.91765],[79.66442,11.91809],[79.6653,11.91828],[79.667,11.91841],[79.66885,11.91841],[79.66895,11.92055],[79.66897,11.92328],[79.669,11.92601],[79.66927,11.92632],[79.6693,11.92759],[79.66984,11.92759],[79.66989,11.92981],[79.67054,11.92982],[79.67065,11.93157],[79.66975,11.9316],[79.66979,11.93269],[79.67032,11.93268],[79.66988,11.93398],[79.6697,11.93497],[79.67034,11.93498],[79.67026,11.93551],[79.66956,11.93553],[79.66929,11.93748],[79.66752,11.93769],[79.66414,11.93834],[79.66418,11.93703],[79.66069,11.93708],[79.66071,11.94003],[79.66035,11.94021],[79.66038,11.94141],[79.65942,11.94154],[79.65935,11.94179],[79.65858,11.94192],[79.65859,11.94324],[79.65859,11.94457]]],[[[79.69652,11.96263],[79.69567,11.96387],[79.69502,11.96198],[79.69441,11.96038],[79.69389,11.95876],[79.69351,11.95728],[79.6929,11.95735],[79.69237,11.95481],[79.69207,11.95354],[79.6916,11.95135],[79.6938,11.95019],[79.69401,11.94903],[79.69573,11.94771],[79.69579,11.94684],[79.69581,11.94501],[79.6959,11.94454],[79.69627,11.94413],[79.69636,11.94383],[79.69648,11.94326],[79.69724,11.94176],[79.69857,11.94166],[79.70049,11.94144],[79.70158,11.9414],[79.70164,11.94082],[79.70272,11.9407],[79.70357,11.94045],[79.70411,11.94024],[79.70446,11.93996],[79.70547,11.93908],[79.70563,11.93864],[79.70604,11.93803],[79.70647,11.93727],[79.70661,11.93693],[79.70659,11.93668],[79.70658,11.93639],[79.70646,11.93575],[79.70653,11.93527],[79.70663,11.9351],[79.70692,11.93489],[79.70776,11.93449],[79.70863,11.93424],[79.71023,11.93349],[79.71111,11.93306],[79.7107,11.93413],[79.70993,11.93545],[79.70923,11.93732],[79.70916,11.93805],[79.70852,11.93974],[79.70822,11.94039],[79.70811,11.94074],[79.70796,11.94178],[79.70789,11.94234],[79.70796,11.94311],[79.70796,11.94409],[79.70492,11.94578],[79.70388,11.94795],[79.70242,11.94956],[79.70122,11.95115],[79.70006,11.96276],[79.69963,11.96201],[79.698,11.96041],[79.69652,11.96263]]],[[[79.68649,11.97321],[79.6847,11.97308],[79.68198,11.97283],[79.6803,11.97285],[79.68014,11.97186],[79.67837,11.97178],[79.67774,11.96881],[79.67676,11.96884],[79.67666,11.96809],[79.67498,11.9683],[79.67487,11.96786],[79.67394,11.96786],[79.67259,11.96775],[79.67187,11.96797],[79.67142,11.9682],[79.66957,11.96852],[79.66882,11.96856],[79.66844,11.96838],[79.66821,11.96826],[79.66784,11.96819],[79.66702,11.96826],[79.66511,11.96855],[79.66216,11.96909],[79.6624,11.9682],[79.66264,11.96668],[79.66236,11.96565],[79.66218,11.96456],[79.6619,11.96251],[79.66048,11.96253],[79.66011,11.9606],[79.65998,11.95836],[79.65927,11.95823],[79.65705,11.95863],[79.65608,11.95915],[79.65434,11.95942],[79.65423,11.95975],[79.65433,11.9605],[79.65379,11.9606],[79.65338,11.95962],[79.65279,11.9578],[79.65366,11.95616],[79.6543,11.95427],[79.65449,11.95371],[79.65466,11.95345],[79.65483,11.95331],[79.65523,11.95308],[79.65657,11.95292],[79.65701,11.95272],[79.65731,11.95244],[79.65818,11.95249],[79.6583,11.95236],[79.65824,11.95115],[79.65837,11.95109],[79.65865,11.95108],[79.65869,11.95067],[79.65878,11.95002],[79.66002,11.95005],[79.66013,11.95022],[79.66055,11.95022],[79.66115,11.95019],[79.66128,11.95053],[79.66233,11.95056],[79.6634,11.95087],[79.6638,11.95089],[79.66447,11.95077],[79.66517,11.95049],[79.66668,11.94985],[79.66792,11.94963],[79.669,11.94961],[79.66977,11.94957],[79.67053,11.94934],[79.67085,11.94925],[79.67093,11.94881],[79.67159,11.9486],[79.67177,11.94842],[79.67182,11.94816],[79.67248,11.94798],[79.67327,11.94786],[79.67351,11.94833],[79.67654,11.94848],[79.67667,11.94954],[79.67794,11.94985],[79.67928,11.95071],[79.68023,11.95176],[79.68073,11.95169],[79.68202,11.95215],[79.68278,11.95231],[79.68273,11.95303],[79.68409,11.95313],[79.68461,11.95336],[79.68456,11.95371],[79.68389,11.95373],[79.68384,11.95427],[79.6835,11.95443],[79.6834,11.95578],[79.6834,11.95626],[79.68371,11.95654],[79.68382,11.95718],[79.68397,11.95828],[79.68426,11.96011],[79.68385,11.96039],[79.68442,11.96202],[79.6853,11.96403],[79.68577,11.96491],[79.6864,11.96668],[79.68696,11.96785],[79.68771,11.96924],[79.68782,11.96955],[79.68779,11.96971],[79.6876,11.97027],[79.68649,11.97321]]]]},"properties":{"AC_NO":2,"AC_NAME":"Thirubhuvanai (SC)","DIST_NAME":"PONDICHERRY"}},{"type":"Feature","id":2810,"geometry":{"type":"Polygon","coordinates":[[[79.83838,11.94746],[79.83595,11.94776],[79.83593,11.94791],[79.836,11.94867],[79.83435,11.94896],[79.83349,11.94499],[79.83281,11.94181],[79.83029,11.94102],[79.82953,11.94096],[79.82926,11.93997],[79.8263,11.93909],[79.82468,11.9395],[79.82371,11.93763],[79.8228,11.93639],[79.82205,11.93531],[79.82174,11.93506],[79.82073,11.93475],[79.82227,11.93456],[79.82875,11.9339],[79.82743,11.92862],[79.82714,11.92825],[79.82767,11.92826],[79.82872,11.928],[79.83496,11.92709],[79.835,11.92723],[79.83523,11.92823],[79.83553,11.92969],[79.83574,11.93077],[79.83598,11.93212],[79.83643,11.93353],[79.8367,11.93475],[79.83691,11.93561],[79.83691,11.9361],[79.83684,11.93679],[79.83679,11.93712],[79.83675,11.93753],[79.83685,11.93804],[79.83723,11.93936],[79.83742,11.94046],[79.83749,11.94128],[79.83751,11.94237],[79.83758,11.94324],[79.83761,11.9439],[79.83769,11.94434],[79.83782,11.94457],[79.83798,11.94487],[79.83819,11.94563],[79.8383,11.94656],[79.83838,11.94746]]]},"properties":{"AC_NO":14,"AC_NAME":"Raj Bhavan","DIST_NAME":"PONDICHERRY"}},{"type":"Feature","id":2811,"geometry":{"type":"Polygon","coordinates":[[[79.79741,11.93941],[79.79716,11.93893],[79.79702,11.93789],[79.79611,11.93694],[79.79618,11.93474],[79.79584,11.93389],[79.79559,11.93382],[79.79432,11.93352],[79.79279,11.93319],[79.79203,11.93311],[79.79056,11.93312],[79.79021,11.93358],[79.78749,11.93436],[79.78741,11.93489],[79.78681,11.93507],[79.78654,11.93554],[79.78603,11.93568],[79.78523,11.93627],[79.78519,11.93653],[79.78419,11.93726],[79.78012,11.93698],[79.77598,11.9358],[79.77485,11.93608],[79.77379,11.93591],[79.7705,11.93575],[79.76933,11.93511],[79.76719,11.93507],[79.76529,11.93419],[79.76489,11.93333],[79.76531,11.93271],[79.76622,11.93272],[79.76675,11.93227],[79.76748,11.93131],[79.76896,11.93086],[79.76954,11.92895],[79.77101,11.92908],[79.77246,11.9293],[79.77286,11.92939],[79.7739,11.92988],[79.77491,11.9293],[79.77501,11.92807],[79.77358,11.9273],[79.772,11.92783],[79.77011,11.92764],[79.76892,11.92639],[79.76925,11.92589],[79.76995,11.92538],[79.77035,11.92539],[79.77183,11.92573],[79.77251,11.92602],[79.77372,11.92588],[79.77501,11.92574],[79.77653,11.92584],[79.77736,11.92672],[79.7776,11.92708],[79.77799,11.92796],[79.77939,11.9285],[79.77986,11.92922],[79.77927,11.93103],[79.77961,11.93222],[79.78074,11.93201],[79.78116,11.93059],[79.78182,11.92972],[79.78452,11.92965],[79.78516,11.92942],[79.78558,11.92887],[79.786,11.92753],[79.78656,11.92746],[79.78757,11.92764],[79.78846,11.92717],[79.78867,11.92634],[79.78872,11.92575],[79.78918,11.92485],[79.79023,11.92447],[79.79045,11.92336],[79.79046,11.92297],[79.79027,11.92209],[79.7902,11.92166],[79.79054,11.91996],[79.79055,11.91936],[79.79054,11.91899],[79.79005,11.91856],[79.79292,11.91855],[79.79526,11.91838],[79.79687,11.91853],[79.79686,11.92192],[79.80229,11.92263],[79.80215,11.92355],[79.80195,11.92513],[79.80291,11.92615],[79.80604,11.92695],[79.80662,11.92801],[79.80496,11.93062],[79.80047,11.9303],[79.79994,11.93397],[79.79769,11.93377],[79.79792,11.93578],[79.798,11.93909],[79.79741,11.93941]]]},"properties":{"AC_NO":6,"AC_NAME":"Ozhukarai","DIST_NAME":"PONDICHERRY"}},{"type":"Feature","id":2812,"geometry":{"type":"MultiPolygon","coordinates":[[[[79.81011,11.93017],[79.81032,11.92685],[79.81093,11.92424],[79.81253,11.92471],[79.81329,11.9248],[79.81634,11.92516],[79.81654,11.92532],[79.81387,11.92651],[79.81326,11.92662],[79.81426,11.92972],[79.81244,11.93009],[79.81112,11.93007],[79.81011,11.93017]]],[[[79.81099,11.93058],[79.81122,11.93082],[79.81436,11.93352],[79.8156,11.93382],[79.817,11.9342],[79.81766,11.93445],[79.81607,11.93454],[79.80998,11.93817],[79.80793,11.93858],[79.80782,11.93774],[79.80756,11.93588],[79.80721,11.93266],[79.80529,11.93236],[79.80519,11.93105],[79.80543,11.93077],[79.81006,11.93041],[79.81099,11.93058]]]]},"properties":{"AC_NO":17,"AC_NAME":"Nellithope","DIST_NAME":"PONDICHERRY"}},{"type":"Feature","id":2813,"geometry":{"type":"MultiPolygon","coordinates":[[[[79.80601,11.93674],[79.80529,11.93681],[79.80547,11.93644],[79.80279,11.93657],[79.8025,11.93598],[79.79792,11.93578],[79.79769,11.93377],[79.79994,11.93397],[79.80047,11.9303],[79.80496,11.93062],[79.80662,11.92801],[79.80604,11.92695],[79.80291,11.92615],[79.80195,11.92513],[79.80215,11.92355],[79.80229,11.92263],[79.81098,11.92356],[79.81093,11.92424],[79.81032,11.92685],[79.81011,11.93017],[79.81006,11.93041],[79.80543,11.93077],[79.80519,11.93105],[79.80529,11.93236],[79.80721,11.93266],[79.80756,11.93588],[79.80615,11.93595],[79.80601,11.93674]]],[[[79.78911,11.95007],[79.78723,11.95297],[79.78667,11.95367],[79.78573,11.95437],[79.7847,11.95477],[79.78438,11.95364],[79.78435,11.95272],[79.78445,11.95155],[79.78491,11.94967],[79.78515,11.94836],[79.78603,11.94517],[79.78533,11.94152],[79.78469,11.93891],[79.78546,11.93855],[79.78519,11.93653],[79.78523,11.93627],[79.78603,11.93568],[79.78654,11.93554],[79.78681,11.93507],[79.78741,11.93489],[79.78749,11.93436],[79.79021,11.93358],[79.79056,11.93312],[79.79203,11.93311],[79.79279,11.93319],[79.79432,11.93352],[79.79559,11.93382],[79.79584,11.93389],[79.79618,11.93474],[79.79611,11.93694],[79.79702,11.93789],[79.79716,11.93893],[79.79741,11.93941],[79.79714,11.93998],[79.79687,11.94028],[79.79669,11.94099],[79.79609,11.94102],[79.79563,11.94344],[79.79534,11.94548],[79.79502,11.94694],[79.79353,11.94709],[79.792,11.9471],[79.79043,11.94696],[79.78911,11.95007]]]]},"properties":{"AC_NO":7,"AC_NAME":"Kadirgamam","DIST_NAME":"PONDICHERRY"}},{"type":"Feature","id":2814,"geometry":{"type":"Polygon","coordinates":[[[79.82073,11.93475],[79.81896,11.93494],[79.81766,11.93445],[79.817,11.9342],[79.8156,11.93382],[79.81436,11.93352],[79.81122,11.93082],[79.81099,11.93058],[79.81006,11.93041],[79.81011,11.93017],[79.81112,11.93007],[79.81244,11.93009],[79.81426,11.92972],[79.81326,11.92662],[79.81387,11.92651],[79.81654,11.92532],[79.81682,11.92525],[79.81721,11.926],[79.82018,11.92942],[79.823,11.92886],[79.8242,11.92868],[79.82714,11.92825],[79.82743,11.92862],[79.82875,11.9339],[79.82227,11.93456],[79.82073,11.93475]]]},"properties":{"AC_NO":16,"AC_NAME":"Orleampeth","DIST_NAME":"PONDICHERRY"}},{"type":"Feature","id":2815,"geometry":{"type":"Polygon","coordinates":[[[79.76954,11.92895],[79.76185,11.92822],[79.76137,11.92842],[79.76119,11.92852],[79.76097,11.9285],[79.75893,11.92819],[79.75719,11.92822],[79.75712,11.92703],[79.75642,11.92707],[79.75638,11.92609],[79.75501,11.92606],[79.75506,11.92446],[79.75633,11.92431],[79.75629,11.92378],[79.75624,11.92283],[79.75621,11.92043],[79.7549,11.92028],[79.75359,11.92014],[79.7519,11.92003],[79.75021,11.91995],[79.75023,11.92061],[79.7511,11.92061],[79.75105,11.92174],[79.75067,11.92176],[79.7506,11.92261],[79.74986,11.9227],[79.74981,11.9221],[79.74926,11.9222],[79.74925,11.92329],[79.7492,11.92632],[79.74912,11.92946],[79.74804,11.92959],[79.74413,11.92995],[79.74311,11.92867],[79.74406,11.92658],[79.7449,11.9237],[79.74492,11.92262],[79.74501,11.92094],[79.74356,11.91977],[79.74142,11.9198],[79.7391,11.9197],[79.73782,11.91956],[79.73749,11.91715],[79.73787,11.91618],[79.73799,11.91675],[79.7384,11.91679],[79.73887,11.91575],[79.73924,11.91569],[79.73966,11.91553],[79.74079,11.91531],[79.74165,11.91482],[79.74261,11.91453],[79.74398,11.91435],[79.74525,11.91437],[79.74544,11.91498],[79.7455,11.91569],[79.74645,11.91601],[79.74748,11.91602],[79.74851,11.91584],[79.74927,11.91511],[79.75054,11.91479],[79.75127,11.91416],[79.75203,11.91411],[79.75326,11.91382],[79.75394,11.91376],[79.75443,11.91364],[79.7554,11.91395],[79.75753,11.91398],[79.75905,11.91383],[79.76002,11.9139],[79.76136,11.91374],[79.76053,11.91271],[79.76094,11.90961],[79.76161,11.9073],[79.76213,11.90532],[79.76271,11.90373],[79.76321,11.90299],[79.76416,11.90291],[79.76455,11.90316],[79.76537,11.90375],[79.76594,11.90418],[79.76673,11.90455],[79.76776,11.90494],[79.77154,11.90275],[79.77194,11.90273],[79.77192,11.90195],[79.77509,11.90187],[79.77532,11.90503],[79.7765,11.905],[79.7778,11.90481],[79.77875,11.90469],[79.77949,11.9044],[79.77985,11.90417],[79.78039,11.9035],[79.78072,11.90306],[79.78144,11.90281],[79.78245,11.89955],[79.78786,11.89679],[79.78948,11.89691],[79.79029,11.89719],[79.79045,11.90007],[79.79033,11.90043],[79.78936,11.9024],[79.79056,11.90296],[79.79092,11.9032],[79.79157,11.90371],[79.79141,11.9041],[79.79014,11.90431],[79.78888,11.90432],[79.78833,11.90491],[79.78826,11.90527],[79.7881,11.90571],[79.78803,11.90618],[79.78824,11.90672],[79.78829,11.90708],[79.78891,11.90768],[79.78945,11.90828],[79.79025,11.90922],[79.79046,11.9127],[79.79043,11.9132],[79.79009,11.91516],[79.78991,11.91711],[79.78995,11.91815],[79.79005,11.91856],[79.79054,11.91899],[79.79055,11.91936],[79.79054,11.91996],[79.7902,11.92166],[79.79027,11.92209],[79.79046,11.92297],[79.79045,11.92336],[79.79023,11.92447],[79.78918,11.92485],[79.78872,11.92575],[79.78867,11.92634],[79.78846,11.92717],[79.78757,11.92764],[79.78656,11.92746],[79.786,11.92753],[79.78558,11.92887],[79.78516,11.92942],[79.78452,11.92965],[79.78182,11.92972],[79.78116,11.93059],[79.78074,11.93201],[79.77961,11.93222],[79.77927,11.93103],[79.77986,11.92922],[79.77939,11.9285],[79.77799,11.92796],[79.7776,11.92708],[79.77736,11.92672],[79.77653,11.92584],[79.77501,11.92574],[79.77372,11.92588],[79.77251,11.92602],[79.77183,11.92573],[79.77035,11.92539],[79.76995,11.92538],[79.76925,11.92589],[79.76892,11.92639],[79.77011,11.92764],[79.772,11.92783],[79.77358,11.9273],[79.77501,11.92807],[79.77491,11.9293],[79.7739,11.92988],[79.77286,11.92939],[79.77246,11.9293],[79.77101,11.92908],[79.76954,11.92895]]]},"properties":{"AC_NO":5,"AC_NAME":"Villianur","DIST_NAME":"PONDICHERRY"}},{"type":"Feature","id":2816,"geometry":{"type":"Polygon","coordinates":[[[79.8242,11.92868],[79.823,11.92886],[79.82018,11.92942],[79.81721,11.926],[79.81682,11.92525],[79.81654,11.92532],[79.81634,11.92516],[79.81333,11.92001],[79.81485,11.92134],[79.81542,11.92144],[79.81647,11.92151],[79.81898,11.92111],[79.8246,11.91849],[79.82509,11.91841],[79.82633,11.91834],[79.83177,11.91678],[79.83194,11.91732],[79.83236,11.91845],[79.83288,11.92013],[79.83341,11.92178],[79.83379,11.9228],[79.83394,11.92295],[79.834,11.92311],[79.83425,11.92407],[79.83483,11.92666],[79.83496,11.92709],[79.82872,11.928],[79.82767,11.92826],[79.82714,11.92825],[79.8242,11.92868]]]},"properties":{"AC_NO":15,"AC_NAME":"Oupalam","DIST_NAME":"PONDICHERRY"}},{"type":"Feature","id":2817,"geometry":{"type":"Polygon","coordinates":[[[79.81634,11.92516],[79.81329,11.9248],[79.81253,11.92471],[79.81093,11.92424],[79.81098,11.92356],[79.80229,11.92263],[79.79686,11.92192],[79.79687,11.91853],[79.79526,11.91838],[79.79292,11.91855],[79.79005,11.91856],[79.78995,11.91815],[79.78991,11.91711],[79.79009,11.91516],[79.79059,11.91515],[79.79086,11.91583],[79.79139,11.91512],[79.79207,11.91545],[79.79462,11.9149],[79.79807,11.91534],[79.79824,11.91428],[79.79828,11.91234],[79.79829,11.91139],[79.79777,11.90884],[79.79849,11.90867],[79.79933,11.90907],[79.79978,11.90878],[79.80027,11.90861],[79.80106,11.90842],[79.80186,11.90881],[79.80268,11.90877],[79.80355,11.90881],[79.80434,11.90891],[79.80707,11.90794],[79.80721,11.90818],[79.80765,11.90899],[79.80844,11.90894],[79.80917,11.91023],[79.81041,11.90998],[79.811,11.91258],[79.812,11.91432],[79.81188,11.91464],[79.81287,11.91671],[79.81256,11.91715],[79.81354,11.91844],[79.81317,11.91885],[79.8128,11.91908],[79.81333,11.92001],[79.81634,11.92516]]]},"properties":{"AC_NO":18,"AC_NAME":"Mudaliarpet","DIST_NAME":"PONDICHERRY"}},{"type":"Feature","id":2818,"geometry":{"type":"Polygon","coordinates":[[[79.83177,11.91678],[79.82633,11.91834],[79.82509,11.91841],[79.8246,11.91849],[79.81898,11.92111],[79.81647,11.92151],[79.81542,11.92144],[79.81485,11.92134],[79.81333,11.92001],[79.8128,11.91908],[79.81317,11.91885],[79.81354,11.91844],[79.81256,11.91715],[79.81287,11.91671],[79.81188,11.91464],[79.812,11.91432],[79.811,11.91258],[79.81041,11.90998],[79.80917,11.91023],[79.80844,11.90894],[79.80765,11.90899],[79.80721,11.90818],[79.80707,11.90794],[79.80434,11.90891],[79.80355,11.90881],[79.80268,11.90877],[79.80186,11.90881],[79.80106,11.90842],[79.80027,11.90861],[79.79978,11.90878],[79.79933,11.90907],[79.79849,11.90867],[79.79777,11.90884],[79.79829,11.91139],[79.79828,11.91234],[79.79824,11.91428],[79.79807,11.91534],[79.79462,11.9149],[79.79207,11.91545],[79.79139,11.91512],[79.79086,11.91583],[79.79059,11.91515],[79.79009,11.91516],[79.79043,11.9132],[79.79046,11.9127],[79.79025,11.90922],[79.78945,11.90828],[79.78891,11.90768],[79.78829,11.90708],[79.78824,11.90672],[79.78803,11.90618],[79.7881,11.90571],[79.78826,11.90527],[79.78833,11.90491],[79.78888,11.90432],[79.79014,11.90431],[79.79141,11.9041],[79.79157,11.90371],[79.79092,11.9032],[79.79056,11.90296],[79.78936,11.9024],[79.79033,11.90043],[79.79045,11.90007],[79.79029,11.89719],[79.79118,11.89749],[79.79638,11.8999],[79.79652,11.89695],[79.79652,11.89499],[79.79649,11.89487],[79.80527,11.89411],[79.80653,11.89475],[79.80746,11.89448],[79.80818,11.89497],[79.8096,11.8947],[79.81043,11.89472],[79.81131,11.89434],[79.81154,11.892],[79.81267,11.89163],[79.81365,11.89116],[79.81452,11.89151],[79.8158,11.89096],[79.81692,11.89088],[79.81723,11.88973],[79.81831,11.88955],[79.8248,11.88996],[79.82494,11.8907],[79.82554,11.89304],[79.8262,11.89491],[79.82662,11.896],[79.82728,11.8975],[79.82753,11.8988],[79.82761,11.89922],[79.82772,11.89979],[79.82776,11.90003],[79.82789,11.90058],[79.82805,11.90158],[79.82828,11.9025],[79.82877,11.90426],[79.82905,11.9059],[79.82964,11.90846],[79.83,11.91014],[79.83044,11.91171],[79.8308,11.91339],[79.83136,11.91535],[79.83172,11.91663],[79.83177,11.91678]]]},"properties":{"AC_NO":19,"AC_NAME":"Ariankuppam","DIST_NAME":"PONDICHERRY"}},{"type":"Feature","id":2819,"geometry":{"type":"MultiPolygon","coordinates":[[[[79.69983,11.8738],[79.69972,11.87417],[79.6994,11.87432],[79.69901,11.87364],[79.69715,11.87404],[79.69711,11.87168],[79.69668,11.86744],[79.69633,11.86357],[79.69612,11.86183],[79.69598,11.86039],[79.69703,11.86062],[79.69909,11.86127],[79.69918,11.86357],[79.69927,11.86459],[79.69941,11.86627],[79.69944,11.86819],[79.69949,11.87043],[79.69974,11.87229],[79.69983,11.8738]]],[[[79.70452,11.91912],[79.70085,11.91913],[79.69842,11.91912],[79.69624,11.91918],[79.69612,11.91806],[79.69574,11.91569],[79.69552,11.91389],[79.69531,11.91198],[79.69535,11.91116],[79.69562,11.91081],[79.69573,11.91017],[79.69584,11.90955],[79.69562,11.90869],[79.69553,11.90791],[79.69775,11.90757],[79.69768,11.90619],[79.69756,11.90512],[79.69756,11.90476],[79.69789,11.90473],[79.69771,11.90339],[79.69756,11.90242],[79.69566,11.90241],[79.69569,11.90082],[79.69555,11.89849],[79.69536,11.8948],[79.69325,11.89497],[79.69318,11.89462],[79.69185,11.89473],[79.68992,11.89478],[79.68828,11.89458],[79.68711,11.89451],[79.68713,11.8932],[79.68705,11.89225],[79.68687,11.8896],[79.68682,11.88887],[79.68433,11.88884],[79.68259,11.88879],[79.68269,11.89037],[79.68274,11.89186],[79.68132,11.89176],[79.67868,11.89161],[79.6762,11.89144],[79.67441,11.89156],[79.67381,11.89159],[79.67387,11.89033],[79.67383,11.88899],[79.67372,11.88619],[79.67376,11.88498],[79.67387,11.88327],[79.67392,11.88176],[79.67397,11.88066],[79.6759,11.88073],[79.6768,11.8807],[79.68038,11.88083],[79.68504,11.88096],[79.68506,11.88244],[79.68507,11.88341],[79.68524,11.88395],[79.68547,11.8843],[79.68555,11.88466],[79.68553,11.88503],[79.68541,11.88533],[79.68513,11.88556],[79.68473,11.88575],[79.68471,11.88586],[79.68481,11.88596],[79.68565,11.88622],[79.68703,11.88648],[79.6881,11.88647],[79.68878,11.88628],[79.68939,11.88635],[79.6898,11.88648],[79.6928,11.88647],[79.69488,11.88652],[79.69652,11.88666],[79.69661,11.88772],[79.69676,11.88806],[79.69685,11.8885],[79.69703,11.88854],[79.69794,11.88862],[79.69879,11.88862],[79.6995,11.88866],[79.69959,11.88907],[79.70041,11.88911],[79.7017,11.8891],[79.70742,11.88914],[79.70872,11.88911],[79.70946,11.88923],[79.70972,11.88925],[79.70995,11.88919],[79.71004,11.88906],[79.71005,11.88881],[79.70987,11.88788],[79.71007,11.88778],[79.71071,11.88757],[79.71055,11.88703],[79.71028,11.88618],[79.71003,11.88592],[79.70965,11.88564],[79.70955,11.8855],[79.70947,11.88522],[79.7094,11.88486],[79.70938,11.8837],[79.7101,11.88358],[79.71172,11.88453],[79.71336,11.88455],[79.71387,11.88225],[79.7145,11.88183],[79.71569,11.88172],[79.71774,11.88143],[79.71878,11.88229],[79.72199,11.88311],[79.72495,11.88349],[79.72646,11.88345],[79.72761,11.88458],[79.73091,11.88732],[79.73235,11.88691],[79.73345,11.88809],[79.73425,11.88841],[79.73568,11.8885],[79.73692,11.88845],[79.73842,11.88842],[79.74046,11.88863],[79.74139,11.88877],[79.74279,11.88887],[79.74304,11.88865],[79.74577,11.88824],[79.74623,11.88825],[79.74727,11.88861],[79.748,11.8888],[79.75003,11.8889],[79.75182,11.88796],[79.75222,11.88528],[79.75208,11.88493],[79.75117,11.88285],[79.75072,11.88113],[79.75119,11.87961],[79.75123,11.87928],[79.75124,11.87891],[79.75113,11.8778],[79.75122,11.87621],[79.75133,11.8753],[79.75072,11.87409],[79.75188,11.87362],[79.75266,11.87333],[79.75373,11.87289],[79.75449,11.87207],[79.7548,11.8718],[79.75703,11.86821],[79.75862,11.86851],[79.75869,11.87051],[79.75871,11.87165],[79.75869,11.87178],[79.75818,11.87176],[79.75801,11.87175],[79.75771,11.87236],[79.75755,11.87336],[79.75741,11.87381],[79.75737,11.87485],[79.75736,11.87529],[79.75736,11.87611],[79.75791,11.87594],[79.75889,11.8758],[79.75967,11.87573],[79.76003,11.87574],[79.76023,11.87578],[79.76041,11.87604],[79.76061,11.87677],[79.76065,11.87692],[79.76152,11.87697],[79.76255,11.87694],[79.76326,11.87699],[79.76392,11.87701],[79.7642,11.87622],[79.76447,11.8755],[79.7651,11.87583],[79.7655,11.87624],[79.76571,11.87635],[79.76588,11.87632],[79.76633,11.87612],[79.76686,11.87602],[79.76743,11.87598],[79.76821,11.876],[79.76846,11.87597],[79.76869,11.87546],[79.76888,11.87517],[79.76909,11.8749],[79.76964,11.87466],[79.77003,11.87465],[79.77002,11.87459],[79.77259,11.8752],[79.77267,11.87582],[79.77262,11.87585],[79.77254,11.87686],[79.773,11.87865],[79.77329,11.88055],[79.77335,11.88216],[79.77349,11.88333],[79.77195,11.88368],[79.77096,11.88348],[79.77078,11.88407],[79.77183,11.8851],[79.77196,11.88542],[79.77171,11.88645],[79.77103,11.88755],[79.77085,11.88837],[79.77078,11.8891],[79.77092,11.88951],[79.77101,11.89011],[79.77047,11.89093],[79.77155,11.89674],[79.77202,11.8992],[79.7728,11.89906],[79.77282,11.90049],[79.76913,11.90071],[79.76919,11.90179],[79.76978,11.90282],[79.77154,11.90275],[79.76776,11.90494],[79.76673,11.90455],[79.76594,11.90418],[79.76537,11.90375],[79.76455,11.90316],[79.76416,11.90291],[79.76321,11.90299],[79.76271,11.90373],[79.76213,11.90532],[79.76161,11.9073],[79.76094,11.90961],[79.76053,11.91271],[79.76136,11.91374],[79.76002,11.9139],[79.75905,11.91383],[79.75753,11.91398],[79.7554,11.91395],[79.75443,11.91364],[79.75394,11.91376],[79.75326,11.91382],[79.75203,11.91411],[79.75127,11.91416],[79.75054,11.91479],[79.74927,11.91511],[79.74851,11.91584],[79.74748,11.91602],[79.74645,11.91601],[79.7455,11.91569],[79.74544,11.91498],[79.74525,11.91437],[79.74398,11.91435],[79.74261,11.91453],[79.74165,11.91482],[79.74079,11.91531],[79.73966,11.91553],[79.73924,11.91569],[79.73887,11.91575],[79.7384,11.91679],[79.73799,11.91675],[79.73787,11.91618],[79.73749,11.91715],[79.73605,11.91655],[79.73566,11.91419],[79.73525,11.91236],[79.73464,11.9118],[79.73516,11.91133],[79.73617,11.91042],[79.73729,11.90944],[79.73785,11.90887],[79.73876,11.90772],[79.73977,11.90646],[79.74033,11.90583],[79.74065,11.90547],[79.7396,11.90471],[79.73892,11.90441],[79.7383,11.90424],[79.73788,11.90411],[79.73696,11.90402],[79.73618,11.904],[79.73475,11.90402],[79.734,11.90403],[79.73342,11.904],[79.7334,11.90362],[79.73251,11.90346],[79.73128,11.90315],[79.73114,11.90199],[79.73068,11.90198],[79.73066,11.90109],[79.73062,11.89828],[79.7305,11.89375],[79.7305,11.8917],[79.72947,11.89161],[79.72911,11.89075],[79.72888,11.89025],[79.72873,11.89025],[79.7285,11.89018],[79.72818,11.89016],[79.72785,11.89016],[79.72763,11.89026],[79.72742,11.89033],[79.72728,11.89043],[79.72672,11.8907],[79.72611,11.89105],[79.72587,11.89112],[79.72571,11.8911],[79.72557,11.89104],[79.72542,11.89085],[79.72529,11.89066],[79.72513,11.89059],[79.72498,11.89059],[79.72483,11.89067],[79.72471,11.89089],[79.72467,11.8912],[79.72463,11.89151],[79.7246,11.89177],[79.72451,11.89189],[79.72438,11.89196],[79.72421,11.89197],[79.72398,11.89191],[79.7237,11.89183],[79.72352,11.89181],[79.72326,11.8918],[79.72294,11.89181],[79.72276,11.89176],[79.72268,11.89165],[79.72264,11.89153],[79.72264,11.89137],[79.72274,11.89112],[79.72308,11.89066],[79.72328,11.89043],[79.7233,11.8903],[79.7233,11.89011],[79.72324,11.88997],[79.72398,11.88987],[79.72444,11.88978],[79.72468,11.88967],[79.72482,11.88955],[79.7249,11.88941],[79.72491,11.88925],[79.72485,11.88911],[79.72463,11.88891],[79.7243,11.88871],[79.72409,11.88865],[79.72384,11.88863],[79.72362,11.88866],[79.72318,11.88877],[79.7225,11.88911],[79.72226,11.88922],[79.72207,11.88933],[79.72203,11.88947],[79.72206,11.88958],[79.72211,11.88969],[79.72227,11.88975],[79.72246,11.88982],[79.72197,11.89004],[79.72157,11.89021],[79.7209,11.89055],[79.72069,11.8906],[79.72032,11.89062],[79.71997,11.89057],[79.71954,11.89047],[79.71917,11.89039],[79.71894,11.8904],[79.71876,11.89047],[79.71853,11.89072],[79.71823,11.89124],[79.71797,11.89187],[79.71787,11.89204],[79.71741,11.89248],[79.71709,11.89273],[79.71683,11.89284],[79.71658,11.89284],[79.71636,11.89277],[79.71622,11.89265],[79.7161,11.89252],[79.71594,11.89224],[79.71576,11.892],[79.71557,11.89186],[79.71531,11.89174],[79.71509,11.89169],[79.71478,11.89168],[79.71451,11.89172],[79.71429,11.8917],[79.7141,11.89163],[79.71401,11.89155],[79.7139,11.89139],[79.71376,11.89118],[79.71362,11.89108],[79.71344,11.89106],[79.71329,11.89112],[79.71314,11.89128],[79.71305,11.89154],[79.71289,11.89175],[79.71269,11.89185],[79.71251,11.89187],[79.71233,11.89178],[79.71224,11.89164],[79.71217,11.89145],[79.71204,11.89105],[79.7119,11.89088],[79.71174,11.89077],[79.7115,11.89072],[79.71113,11.89075],[79.71087,11.89087],[79.71038,11.89121],[79.70971,11.89171],[79.70956,11.89187],[79.70951,11.89196],[79.70949,11.89215],[79.70945,11.89249],[79.70934,11.89275],[79.70911,11.89296],[79.70915,11.89312],[79.70825,11.89333],[79.70673,11.89367],[79.70525,11.89388],[79.70547,11.89538],[79.70558,11.89609],[79.70583,11.89835],[79.7059,11.89908],[79.70604,11.89931],[79.70674,11.89968],[79.70696,11.89989],[79.70704,11.89999],[79.70703,11.90075],[79.7073,11.90075],[79.70731,11.90127],[79.70747,11.90171],[79.70837,11.9017],[79.70848,11.90178],[79.70863,11.9021],[79.70898,11.90331],[79.70894,11.90427],[79.70846,11.90448],[79.70747,11.9047],[79.70661,11.9051],[79.70664,11.90671],[79.70665,11.90772],[79.70657,11.91069],[79.70654,11.91211],[79.70656,11.9135],[79.70844,11.91353],[79.71018,11.91356],[79.71267,11.91345],[79.714,11.91341],[79.71687,11.91332],[79.71793,11.91335],[79.71807,11.91421],[79.71823,11.9161],[79.7186,11.91897],[79.71682,11.91908],[79.71398,11.9192],[79.7098,11.9193],[79.7078,11.91931],[79.70704,11.91925],[79.70674,11.91897],[79.70452,11.91912]]]]},"properties":{"AC_NO":4,"AC_NAME":"Mangalam","DIST_NAME":"PONDICHERRY"}},{"type":"Feature","id":2820,"geometry":{"type":"Polygon","coordinates":[[[79.8248,11.88996],[79.81831,11.88955],[79.81723,11.88973],[79.81692,11.89088],[79.8158,11.89096],[79.81452,11.89151],[79.81365,11.89116],[79.81267,11.89163],[79.81154,11.892],[79.81131,11.89434],[79.81043,11.89472],[79.8096,11.8947],[79.80818,11.89497],[79.80746,11.89448],[79.80653,11.89475],[79.80527,11.89411],[79.79649,11.89487],[79.79555,11.89097],[79.7946,11.88671],[79.79453,11.88531],[79.79368,11.88455],[79.79338,11.8837],[79.79337,11.88288],[79.79317,11.88223],[79.79282,11.88175],[79.79206,11.88037],[79.79188,11.87958],[79.79174,11.878],[79.79252,11.87789],[79.79231,11.87689],[79.79023,11.87686],[79.79017,11.87735],[79.78952,11.8772],[79.78914,11.87565],[79.78885,11.87536],[79.78818,11.87496],[79.78803,11.87376],[79.78718,11.8735],[79.78671,11.87151],[79.78693,11.87022],[79.78667,11.8687],[79.78506,11.86296],[79.7823,11.86283],[79.78224,11.86328],[79.78117,11.86341],[79.78103,11.86286],[79.78061,11.8628],[79.77838,11.86322],[79.77836,11.86659],[79.77771,11.86664],[79.77836,11.86764],[79.77851,11.86811],[79.77854,11.86849],[79.77877,11.86858],[79.77914,11.86863],[79.77944,11.87036],[79.77985,11.87243],[79.77981,11.87322],[79.77998,11.87553],[79.77947,11.87655],[79.77947,11.87711],[79.77961,11.87796],[79.77913,11.87787],[79.7789,11.87763],[79.77818,11.87786],[79.77699,11.87845],[79.77614,11.87827],[79.77498,11.87762],[79.77383,11.87659],[79.77342,11.87536],[79.77267,11.87582],[79.77259,11.8752],[79.77002,11.87459],[79.76994,11.87343],[79.76995,11.87288],[79.76988,11.87128],[79.76986,11.87063],[79.76974,11.86843],[79.76966,11.86771],[79.76914,11.86766],[79.76919,11.86729],[79.76921,11.86512],[79.76978,11.86491],[79.77019,11.86485],[79.77014,11.86368],[79.77014,11.86296],[79.77027,11.86286],[79.77047,11.86279],[79.77059,11.86268],[79.77067,11.86254],[79.77076,11.86219],[79.77078,11.86176],[79.77081,11.86137],[79.77075,11.86126],[79.77047,11.86126],[79.77026,11.86119],[79.77011,11.86085],[79.77007,11.86046],[79.76995,11.86002],[79.76967,11.85899],[79.76944,11.85831],[79.76874,11.85835],[79.7682,11.85843],[79.76809,11.858],[79.76727,11.85805],[79.7669,11.85805],[79.76684,11.85769],[79.76635,11.85652],[79.76596,11.85569],[79.76577,11.85501],[79.76568,11.85442],[79.76542,11.85353],[79.76517,11.85244],[79.76507,11.85199],[79.76485,11.8518],[79.76424,11.85184],[79.76331,11.8519],[79.76313,11.85188],[79.76308,11.85139],[79.76211,11.84844],[79.76311,11.84792],[79.76369,11.84755],[79.76395,11.84735],[79.76426,11.84691],[79.7645,11.84624],[79.76481,11.84553],[79.76502,11.84474],[79.76512,11.84439],[79.76516,11.84334],[79.76519,11.84291],[79.76524,11.84235],[79.76541,11.84172],[79.76576,11.84112],[79.76609,11.84059],[79.76667,11.84011],[79.76813,11.83884],[79.76928,11.83801],[79.77061,11.83726],[79.77122,11.837],[79.77237,11.83667],[79.77355,11.83662],[79.7739,11.83675],[79.77442,11.83739],[79.77492,11.83787],[79.77544,11.83829],[79.77581,11.83846],[79.77632,11.83912],[79.77642,11.83951],[79.7764,11.8399],[79.77636,11.84079],[79.77636,11.84235],[79.7764,11.84367],[79.77638,11.84402],[79.77649,11.84415],[79.77661,11.84422],[79.77655,11.84491],[79.77665,11.84525],[79.77694,11.84585],[79.77723,11.84623],[79.77755,11.84672],[79.77783,11.84711],[79.77837,11.84765],[79.77909,11.84794],[79.78009,11.84816],[79.78023,11.84909],[79.7803,11.84963],[79.78044,11.85045],[79.78061,11.85137],[79.78118,11.85441],[79.78139,11.85533],[79.7815,11.85569],[79.78167,11.85581],[79.78222,11.85592],[79.78333,11.85591],[79.78421,11.85591],[79.78572,11.85575],[79.787,11.85569],[79.78867,11.85551],[79.78955,11.85537],[79.79027,11.85531],[79.79331,11.85493],[79.79454,11.85482],[79.79479,11.85516],[79.79626,11.85507],[79.79918,11.85514],[79.80061,11.85531],[79.80119,11.85473],[79.80147,11.85435],[79.80211,11.85455],[79.80263,11.85405],[79.80263,11.8532],[79.80321,11.85277],[79.80303,11.85078],[79.80506,11.84939],[79.80509,11.84863],[79.80523,11.8477],[79.80653,11.84717],[79.80768,11.84678],[79.80814,11.8453],[79.80787,11.84475],[79.80773,11.84438],[79.80706,11.84343],[79.80646,11.84264],[79.80618,11.84213],[79.80609,11.84171],[79.80607,11.84049],[79.80616,11.83916],[79.80626,11.83845],[79.80649,11.83712],[79.80685,11.83692],[79.80771,11.8364],[79.80795,11.8374],[79.80821,11.83837],[79.80846,11.83928],[79.80879,11.84045],[79.80908,11.84132],[79.80928,11.84186],[79.80947,11.84214],[79.80968,11.84275],[79.80993,11.84376],[79.8102,11.84464],[79.8104,11.84523],[79.8106,11.84601],[79.81094,11.84709],[79.81111,11.84784],[79.81126,11.84826],[79.8115,11.84889],[79.81155,11.84908],[79.81161,11.84918],[79.81171,11.84938],[79.81181,11.84974],[79.81222,11.851],[79.81231,11.85141],[79.81245,11.85192],[79.81263,11.85216],[79.81272,11.85253],[79.81293,11.8532],[79.81314,11.8538],[79.81332,11.8542],[79.81346,11.85474],[79.81376,11.85548],[79.81395,11.85613],[79.81422,11.85699],[79.81455,11.85784],[79.81483,11.85873],[79.81514,11.85959],[79.81546,11.86047],[79.81609,11.86199],[79.8163,11.86256],[79.81653,11.86311],[79.81685,11.86376],[79.81719,11.86463],[79.81766,11.86567],[79.81811,11.8665],[79.81828,11.86701],[79.8186,11.86791],[79.81882,11.86868],[79.81908,11.86967],[79.8194,11.87034],[79.81959,11.87088],[79.82013,11.87179],[79.82042,11.87224],[79.82074,11.87278],[79.82108,11.87338],[79.82162,11.8742],[79.82198,11.875],[79.82236,11.87577],[79.82264,11.87652],[79.82284,11.87733],[79.82294,11.87786],[79.82304,11.87814],[79.82309,11.87858],[79.82329,11.88017],[79.82341,11.88057],[79.82368,11.88343],[79.82414,11.88662],[79.8248,11.88996]]]},"properties":{"AC_NO":20,"AC_NAME":"Manavely","DIST_NAME":"PONDICHERRY"}},{"type":"Feature","id":2821,"geometry":{"type":"MultiPolygon","coordinates":[[[[79.67966,11.81451],[79.67894,11.81441],[79.67775,11.8144],[79.67595,11.81431],[79.67584,11.81365],[79.67541,11.81067],[79.67509,11.80858],[79.67491,11.80773],[79.67479,11.8067],[79.67457,11.80356],[79.67554,11.80244],[79.67595,11.80193],[79.67739,11.79958],[79.67845,11.79841],[79.67983,11.79715],[79.68131,11.79632],[79.68167,11.79701],[79.68222,11.79808],[79.68288,11.79965],[79.68389,11.80216],[79.68561,11.80173],[79.68567,11.80248],[79.68744,11.8023],[79.68963,11.80214],[79.69005,11.80436],[79.69028,11.80539],[79.6906,11.80783],[79.69054,11.8085],[79.68967,11.80885],[79.68927,11.80927],[79.68893,11.81005],[79.68857,11.8107],[79.68812,11.8122],[79.68655,11.81228],[79.68577,11.81247],[79.68452,11.81258],[79.68417,11.81269],[79.68266,11.81324],[79.68102,11.81399],[79.67966,11.81451]]],[[[79.65372,11.84277],[79.65359,11.84297],[79.65258,11.84298],[79.65193,11.84346],[79.65151,11.84379],[79.64919,11.84404],[79.64732,11.84422],[79.64718,11.84225],[79.64594,11.84227],[79.64538,11.83908],[79.64576,11.83895],[79.64572,11.83716],[79.64586,11.83608],[79.64591,11.83574],[79.6458,11.83505],[79.64529,11.83433],[79.6446,11.83366],[79.64448,11.83254],[79.64433,11.83197],[79.64429,11.83174],[79.64425,11.8314],[79.64416,11.8311],[79.64398,11.83047],[79.64379,11.8295],[79.64359,11.82851],[79.6434,11.82774],[79.64342,11.8272],[79.64334,11.8264],[79.64324,11.82614],[79.64297,11.82597],[79.64244,11.82568],[79.64226,11.82545],[79.64206,11.82512],[79.64183,11.82481],[79.64163,11.82471],[79.64102,11.82445],[79.64099,11.82415],[79.64095,11.82285],[79.64133,11.82272],[79.64245,11.82259],[79.64365,11.82237],[79.64433,11.82222],[79.64446,11.82133],[79.64514,11.8209],[79.64499,11.82019],[79.64596,11.81991],[79.64697,11.81972],[79.64693,11.81913],[79.64679,11.81814],[79.64648,11.81739],[79.64633,11.81675],[79.64629,11.81626],[79.64788,11.81601],[79.64796,11.81542],[79.6502,11.81527],[79.65149,11.81496],[79.65238,11.8145],[79.65315,11.81435],[79.65438,11.81434],[79.65557,11.81419],[79.65756,11.81393],[79.65839,11.8136],[79.65924,11.81289],[79.65962,11.81284],[79.66001,11.81295],[79.6606,11.81361],[79.66139,11.81348],[79.66272,11.81313],[79.66344,11.81304],[79.66363,11.81324],[79.66405,11.81391],[79.66465,11.81463],[79.66513,11.81495],[79.66536,11.81498],[79.66747,11.815],[79.67123,11.81485],[79.67118,11.81735],[79.67126,11.82358],[79.67038,11.82373],[79.66832,11.82418],[79.66691,11.82436],[79.66492,11.82469],[79.66357,11.82513],[79.66262,11.82565],[79.66199,11.8263],[79.66067,11.82772],[79.66014,11.82851],[79.65972,11.82898],[79.65944,11.82947],[79.65938,11.82982],[79.65972,11.83062],[79.66017,11.83157],[79.66067,11.83286],[79.66097,11.83405],[79.6612,11.83521],[79.66152,11.83628],[79.6618,11.83731],[79.66186,11.83846],[79.66172,11.83931],[79.66091,11.83971],[79.65929,11.8403],[79.65632,11.84131],[79.65476,11.84175],[79.65415,11.84203],[79.65372,11.84277]]],[[[79.63067,11.88121],[79.62967,11.88131],[79.62989,11.88343],[79.62994,11.88469],[79.62983,11.8855],[79.62959,11.8871],[79.62958,11.88785],[79.62975,11.88862],[79.62723,11.88893],[79.62699,11.88896],[79.62493,11.88921],[79.62491,11.89077],[79.62117,11.89056],[79.61909,11.88716],[79.61892,11.88681],[79.61889,11.88633],[79.61851,11.88631],[79.61836,11.88601],[79.61841,11.88565],[79.61844,11.88526],[79.61836,11.88493],[79.61816,11.8846],[79.61792,11.8844],[79.61756,11.88435],[79.61748,11.88388],[79.61664,11.88296],[79.61534,11.88163],[79.61412,11.88065],[79.61167,11.87885],[79.60953,11.87746],[79.6085,11.87698],[79.60817,11.87687],[79.60794,11.8771],[79.60759,11.87792],[79.60746,11.87835],[79.60726,11.87851],[79.60679,11.87881],[79.60651,11.87916],[79.60591,11.87998],[79.60537,11.88068],[79.60484,11.88116],[79.60382,11.88176],[79.60286,11.88218],[79.60181,11.88258],[79.60082,11.88286],[79.6001,11.88292],[79.59933,11.88295],[79.59959,11.88151],[79.59972,11.87984],[79.59986,11.87708],[79.60001,11.87583],[79.60052,11.87566],[79.6013,11.8712],[79.60149,11.8712],[79.6027,11.87171],[79.60293,11.87006],[79.60309,11.86856],[79.60311,11.86747],[79.60299,11.86633],[79.60291,11.86492],[79.60254,11.86347],[79.60244,11.86264],[79.60242,11.86216],[79.60239,11.8616],[79.60212,11.85918],[79.60197,11.8578],[79.60342,11.8584],[79.60424,11.85868],[79.60471,11.85866],[79.60523,11.85861],[79.60565,11.8587],[79.6061,11.85895],[79.60718,11.85995],[79.60763,11.86009],[79.60989,11.86016],[79.61043,11.86028],[79.61017,11.86061],[79.61103,11.86107],[79.61242,11.86167],[79.61221,11.86258],[79.61396,11.86274],[79.61404,11.86305],[79.61553,11.86283],[79.61697,11.86263],[79.61942,11.86267],[79.61957,11.86383],[79.6196,11.86702],[79.61966,11.8686],[79.61915,11.87015],[79.62236,11.86966],[79.62439,11.86945],[79.62556,11.86963],[79.62744,11.86984],[79.62849,11.86979],[79.62837,11.86839],[79.62851,11.86724],[79.62852,11.8653],[79.62726,11.86481],[79.62729,11.86385],[79.62705,11.86053],[79.62688,11.85878],[79.62678,11.85681],[79.62654,11.85563],[79.6264,11.8548],[79.62685,11.85428],[79.62861,11.8539],[79.63077,11.85369],[79.6332,11.85329],[79.63514,11.85309],[79.63691,11.85276],[79.63911,11.85224],[79.64179,11.85161],[79.64407,11.85107],[79.64705,11.85072],[79.64708,11.85005],[79.64986,11.85026],[79.65198,11.85035],[79.65273,11.85052],[79.65377,11.85091],[79.65376,11.85175],[79.65468,11.85183],[79.6568,11.85208],[79.6569,11.85255],[79.65781,11.85264],[79.65784,11.8533],[79.65806,11.85383],[79.65958,11.85631],[79.66073,11.85826],[79.6611,11.85919],[79.66171,11.8593],[79.66155,11.8611],[79.66338,11.86119],[79.66346,11.86282],[79.66346,11.86405],[79.66331,11.86542],[79.66274,11.86546],[79.66267,11.86722],[79.66051,11.86727],[79.66003,11.86758],[79.6596,11.86771],[79.65933,11.86773],[79.65916,11.86862],[79.65777,11.86868],[79.65772,11.87002],[79.65465,11.87019],[79.65041,11.87039],[79.64854,11.87047],[79.6486,11.87188],[79.64859,11.87501],[79.64851,11.87694],[79.64851,11.87803],[79.64842,11.88031],[79.64636,11.88056],[79.64514,11.88062],[79.6444,11.88055],[79.64223,11.88045],[79.64047,11.88058],[79.6407,11.88265],[79.64097,11.88503],[79.64112,11.88596],[79.64112,11.88661],[79.64021,11.88692],[79.63767,11.88777],[79.63595,11.88807],[79.6354,11.88832],[79.63478,11.88877],[79.63477,11.88841],[79.63486,11.888],[79.63479,11.88662],[79.63468,11.88496],[79.6345,11.88098],[79.63067,11.88121]]]]},"properties":{"AC_NO":22,"AC_NAME":"Nettapakkam (SC)","DIST_NAME":"PONDICHERRY"}},{"type":"Feature","id":2822,"geometry":{"type":"MultiPolygon","coordinates":[[[[79.7377,11.84294],[79.7376,11.84327],[79.73746,11.84425],[79.7372,11.84472],[79.73683,11.84465],[79.73676,11.84426],[79.73677,11.84381],[79.73689,11.84248],[79.737,11.84194],[79.73754,11.83994],[79.7381,11.83778],[79.73811,11.83706],[79.73809,11.83691],[79.73661,11.83697],[79.73503,11.83705],[79.73306,11.83714],[79.73191,11.83704],[79.73132,11.83694],[79.73036,11.83707],[79.72956,11.83719],[79.72947,11.83704],[79.73974,11.8362],[79.74077,11.83485],[79.7416,11.83251],[79.74219,11.83129],[79.74214,11.82748],[79.74376,11.8256],[79.74445,11.82419],[79.74483,11.82315],[79.74531,11.82114],[79.74546,11.81913],[79.74547,11.81835],[79.74512,11.81681],[79.7442,11.81392],[79.75129,11.81361],[79.75681,11.81359],[79.75751,11.81271],[79.75934,11.81207],[79.76195,11.81211],[79.76604,11.81228],[79.76883,11.81233],[79.7715,11.81226],[79.77539,11.81075],[79.78086,11.81038],[79.78426,11.80984],[79.78726,11.80944],[79.7883,11.80852],[79.7894,11.80803],[79.79093,11.80799],[79.79218,11.80977],[79.79416,11.81005],[79.7964,11.81022],[79.79838,11.81006],[79.80041,11.80995],[79.80053,11.81031],[79.80088,11.81213],[79.80121,11.81357],[79.80153,11.81507],[79.80204,11.81656],[79.80245,11.81797],[79.80287,11.81942],[79.80342,11.82134],[79.80379,11.8226],[79.80421,11.82417],[79.80456,11.82585],[79.80474,11.82686],[79.80488,11.82755],[79.80528,11.82853],[79.8057,11.82931],[79.80598,11.82979],[79.80604,11.83006],[79.80622,11.83036],[79.80641,11.83086],[79.80644,11.83093],[79.80673,11.83174],[79.8069,11.83265],[79.80699,11.83347],[79.80618,11.83357],[79.80593,11.8336],[79.80456,11.83356],[79.80341,11.83362],[79.80219,11.83393],[79.80132,11.83472],[79.80097,11.83571],[79.80069,11.83647],[79.80036,11.8377],[79.79979,11.83831],[79.79902,11.83863],[79.79822,11.83874],[79.79776,11.83837],[79.79761,11.83791],[79.79816,11.83572],[79.79837,11.83511],[79.79807,11.8347],[79.79758,11.83437],[79.79701,11.83419],[79.79662,11.83413],[79.7952,11.83383],[79.79378,11.8336],[79.79357,11.83239],[79.79399,11.83242],[79.79461,11.83251],[79.79595,11.83328],[79.79743,11.83352],[79.79862,11.83335],[79.7995,11.83277],[79.79959,11.83208],[79.7998,11.83176],[79.80064,11.83069],[79.80079,11.83013],[79.80061,11.82948],[79.80046,11.82907],[79.80002,11.82875],[79.79916,11.82807],[79.79834,11.8276],[79.7983,11.82577],[79.79804,11.82501],[79.79747,11.8246],[79.79664,11.82448],[79.79593,11.82474],[79.79545,11.82503],[79.795,11.82573],[79.79518,11.82617],[79.79619,11.82696],[79.7961,11.82749],[79.79592,11.82781],[79.79609,11.82811],[79.796,11.82833],[79.79574,11.82854],[79.79529,11.82863],[79.79476,11.82854],[79.79297,11.82774],[79.79229,11.82759],[79.79161,11.82782],[79.78938,11.82901],[79.78879,11.82866],[79.78819,11.82939],[79.78732,11.8294],[79.78642,11.83103],[79.78535,11.83126],[79.78473,11.83138],[79.78408,11.83111],[79.78369,11.83135],[79.78306,11.83178],[79.78253,11.83169],[79.7822,11.83157],[79.78179,11.83172],[79.78119,11.83189],[79.78015,11.83189],[79.77831,11.83176],[79.77796,11.83147],[79.77728,11.83055],[79.77616,11.82871],[79.77606,11.82872],[79.77464,11.82869],[79.77408,11.82722],[79.77432,11.82699],[79.77391,11.82634],[79.77325,11.82643],[79.77329,11.82482],[79.77309,11.82382],[79.77297,11.82271],[79.77107,11.8227],[79.77098,11.82332],[79.76997,11.82349],[79.77006,11.82264],[79.76775,11.82275],[79.76768,11.82339],[79.76492,11.82417],[79.76501,11.82485],[79.76516,11.82685],[79.76526,11.83194],[79.76514,11.83285],[79.76481,11.83293],[79.76448,11.83313],[79.76445,11.83345],[79.76436,11.83378],[79.76389,11.83378],[79.76309,11.83392],[79.7621,11.83447],[79.76065,11.83528],[79.75962,11.83564],[79.75793,11.83595],[79.75778,11.83637],[79.75727,11.83666],[79.75564,11.83691],[79.75563,11.83759],[79.75287,11.83848],[79.75266,11.83804],[79.7507,11.83867],[79.75077,11.83913],[79.74858,11.84065],[79.74665,11.8412],[79.74591,11.84126],[79.74478,11.84133],[79.74322,11.84189],[79.74236,11.84219],[79.74129,11.84207],[79.74026,11.84223],[79.73954,11.8424],[79.73927,11.84263],[79.73917,11.84341],[79.73881,11.84364],[79.73825,11.84304],[79.73794,11.84287],[79.7377,11.84294]]],[[[79.74304,11.88865],[79.74279,11.88887],[79.74139,11.88877],[79.74046,11.88863],[79.73842,11.88842],[79.73692,11.88845],[79.73568,11.8885],[79.73425,11.88841],[79.73345,11.88809],[79.73235,11.88691],[79.73091,11.88732],[79.72761,11.88458],[79.72646,11.88345],[79.72495,11.88349],[79.72199,11.88311],[79.71878,11.88229],[79.71774,11.88143],[79.71569,11.88172],[79.7145,11.88183],[79.71387,11.88225],[79.71336,11.88455],[79.71172,11.88453],[79.7101,11.88358],[79.70938,11.8837],[79.70937,11.88324],[79.70922,11.88232],[79.70913,11.88165],[79.70891,11.87931],[79.7087,11.8775],[79.70854,11.87577],[79.70852,11.87428],[79.70824,11.86952],[79.70824,11.8691],[79.70916,11.86895],[79.70956,11.86861],[79.70973,11.86829],[79.70993,11.86817],[79.71087,11.86798],[79.71105,11.86779],[79.71114,11.86741],[79.71125,11.86686],[79.71255,11.86661],[79.71267,11.86625],[79.71268,11.8654],[79.71272,11.8651],[79.71316,11.86448],[79.71346,11.86396],[79.71353,11.86359],[79.71356,11.86289],[79.71346,11.8618],[79.7134,11.86071],[79.71376,11.86038],[79.71441,11.85961],[79.71477,11.85903],[79.7154,11.85793],[79.71587,11.85686],[79.71629,11.85617],[79.71662,11.85546],[79.71735,11.85452],[79.71809,11.85378],[79.71875,11.85334],[79.71962,11.85304],[79.71965,11.85351],[79.71954,11.85518],[79.7195,11.85575],[79.71946,11.85672],[79.71973,11.8576],[79.72004,11.8585],[79.72058,11.86029],[79.72092,11.86162],[79.72109,11.8625],[79.72232,11.86258],[79.72336,11.8625],[79.72458,11.86228],[79.72558,11.86222],[79.72672,11.86223],[79.72883,11.86242],[79.73108,11.86248],[79.73255,11.86255],[79.73263,11.86551],[79.73376,11.86557],[79.73598,11.86489],[79.7368,11.8648],[79.73885,11.86472],[79.73988,11.8646],[79.74032,11.86439],[79.74079,11.86392],[79.74121,11.86351],[79.74185,11.86285],[79.74203,11.86251],[79.74205,11.862],[79.74205,11.86136],[79.74221,11.86087],[79.74244,11.86058],[79.74314,11.85999],[79.74333,11.85965],[79.74334,11.85905],[79.74374,11.85803],[79.74377,11.85653],[79.74395,11.85489],[79.74402,11.85383],[79.74403,11.85293],[79.74305,11.85279],[79.74298,11.85172],[79.74241,11.85158],[79.74274,11.84991],[79.74308,11.84846],[79.74382,11.8485],[79.74617,11.84893],[79.74823,11.84908],[79.74862,11.84905],[79.74947,11.84833],[79.75033,11.84797],[79.75097,11.84805],[79.75182,11.84839],[79.75253,11.84892],[79.75324,11.84954],[79.75366,11.84978],[79.75386,11.85017],[79.75403,11.85111],[79.75403,11.85177],[79.7538,11.85268],[79.75365,11.85352],[79.7536,11.85384],[79.75369,11.85406],[79.75391,11.85424],[79.75392,11.85459],[79.75383,11.85551],[79.75372,11.856],[79.75361,11.85693],[79.75356,11.85723],[79.75368,11.85755],[79.75362,11.85828],[79.75359,11.85886],[79.75366,11.86],[79.7542,11.86077],[79.75426,11.86108],[79.75431,11.86189],[79.75386,11.86198],[79.75366,11.86215],[79.75367,11.86424],[79.75435,11.86416],[79.75438,11.86476],[79.75445,11.86529],[79.7545,11.86586],[79.7538,11.86598],[79.75484,11.86727],[79.75543,11.8674],[79.75543,11.8679],[79.75703,11.86821],[79.7548,11.8718],[79.75449,11.87207],[79.75373,11.87289],[79.75266,11.87333],[79.75188,11.87362],[79.75072,11.87409],[79.75133,11.8753],[79.75122,11.87621],[79.75113,11.8778],[79.75124,11.87891],[79.75123,11.87928],[79.75119,11.87961],[79.75072,11.88113],[79.75117,11.88285],[79.75208,11.88493],[79.75222,11.88528],[79.75182,11.88796],[79.75003,11.8889],[79.748,11.8888],[79.74727,11.88861],[79.74623,11.88825],[79.74577,11.88824],[79.74304,11.88865]]]]},"properties":{"AC_NO":21,"AC_NAME":"Embalam (SC)","DIST_NAME":"PONDICHERRY"}},{"type":"Feature","id":2823,"geometry":{"type":"MultiPolygon","coordinates":[[[[75.542,11.69874],[75.54181,11.69873],[75.54167,11.69888],[75.54167,11.69906],[75.54181,11.6998],[75.54224,11.70124],[75.54224,11.70166],[75.54243,11.70236],[75.54276,11.70273],[75.54361,11.70342],[75.54429,11.70462],[75.54441,11.70481],[75.54394,11.70504],[75.54305,11.70565],[75.54216,11.70648],[75.54112,11.70751],[75.53948,11.70928],[75.53844,11.70988],[75.5375,11.70998],[75.53585,11.70993],[75.53444,11.70928],[75.53407,11.70826],[75.53323,11.70607],[75.53227,11.70497],[75.53056,11.70403],[75.53015,11.70308],[75.53006,11.70229],[75.5301,11.702],[75.53029,11.70183],[75.53068,11.70158],[75.53141,11.7013],[75.53195,11.70108],[75.53222,11.70087],[75.53242,11.70045],[75.53259,11.69985],[75.53277,11.69958],[75.5331,11.69921],[75.53365,11.6988],[75.53389,11.69863],[75.53413,11.69834],[75.53455,11.69756],[75.53484,11.69679],[75.53497,11.69654],[75.53509,11.69627],[75.53527,11.69594],[75.53543,11.69559],[75.5358,11.695],[75.53625,11.69446],[75.53659,11.69394],[75.53931,11.69587],[75.54011,11.69646],[75.54114,11.6966],[75.54162,11.69628],[75.54181,11.69628],[75.54166,11.69707],[75.54181,11.69776],[75.54162,11.69781],[75.54167,11.69809],[75.54186,11.69809],[75.542,11.69874]]],[[[75.53822,11.76271],[75.53795,11.7628],[75.53768,11.76264],[75.53748,11.76255],[75.53701,11.76258],[75.5368,11.76264],[75.5366,11.76264],[75.53633,11.76258],[75.53613,11.76244],[75.53595,11.76217],[75.53595,11.7619],[75.53595,11.76157],[75.53595,11.76123],[75.53586,11.76098],[75.53559,11.76078],[75.53532,11.76071],[75.53485,11.76069],[75.53454,11.76063],[75.53393,11.76018],[75.53297,11.75973],[75.53218,11.75948],[75.53158,11.7591],[75.53126,11.75863],[75.53146,11.75809],[75.5318,11.75768],[75.53234,11.75741],[75.5336,11.75708],[75.53391,11.75692],[75.53427,11.75632],[75.53449,11.75589],[75.53447,11.75416],[75.53447,11.75351],[75.53461,11.75288],[75.53515,11.75196],[75.53613,11.75122],[75.53732,11.75077],[75.53755,11.75056],[75.53753,11.74869],[75.5389,11.74924],[75.53926,11.74928],[75.53977,11.74867],[75.54056,11.74858],[75.54086,11.74662],[75.54099,11.74558],[75.54117,11.74499],[75.54149,11.74447],[75.54169,11.74341],[75.54191,11.74215],[75.54169,11.74109],[75.54137,11.73979],[75.5416,11.73884],[75.54108,11.73871],[75.54074,11.73692],[75.54025,11.73474],[75.53773,11.73463],[75.53613,11.73444],[75.53613,11.7335],[75.53291,11.73444],[75.53192,11.73454],[75.53111,11.73177],[75.53092,11.73097],[75.52993,11.73097],[75.52941,11.73045],[75.52824,11.72914],[75.52797,11.72774],[75.52727,11.727],[75.52683,11.7266],[75.52664,11.72614],[75.52676,11.7254],[75.52692,11.72518],[75.52689,11.72441],[75.52696,11.72409],[75.5273,11.72355],[75.52743,11.72265],[75.52716,11.72175],[75.52766,11.72157],[75.52716,11.72069],[75.52739,11.71997],[75.52809,11.71853],[75.52809,11.71767],[75.52793,11.71709],[75.52791,11.71619],[75.52822,11.71603],[75.52838,11.71622],[75.52856,11.71675],[75.52881,11.71689],[75.52905,11.71689],[75.5304,11.71603],[75.53122,11.71601],[75.53193,11.71574],[75.53229,11.71405],[75.53092,11.7137],[75.53077,11.7112],[75.53046,11.71018],[75.52876,11.70972],[75.52872,11.70933],[75.52927,11.70908],[75.5305,11.70894],[75.53065,11.70874],[75.53117,11.70844],[75.53191,11.7089],[75.53093,11.71035],[75.53247,11.7102],[75.53283,11.71039],[75.53418,11.71095],[75.53616,11.71135],[75.53667,11.71194],[75.53702,11.71205],[75.53754,11.71217],[75.5376,11.71236],[75.53713,11.71253],[75.53722,11.71292],[75.53725,11.71325],[75.53702,11.7135],[75.5368,11.71347],[75.5362,11.71323],[75.53593,11.71324],[75.53523,11.71373],[75.53472,11.7133],[75.53458,11.71372],[75.53415,11.71379],[75.53407,11.71396],[75.53329,11.71412],[75.53342,11.71436],[75.53292,11.71497],[75.53271,11.71538],[75.5325,11.71581],[75.53277,11.71631],[75.53389,11.71673],[75.53445,11.71702],[75.53463,11.71745],[75.5347,11.71783],[75.53517,11.71827],[75.53587,11.71885],[75.53659,11.71939],[75.53705,11.7194],[75.53723,11.71922],[75.53744,11.71895],[75.53748,11.71848],[75.5375,11.71684],[75.53777,11.71605],[75.53878,11.71642],[75.53935,11.71633],[75.54067,11.71588],[75.54142,11.71569],[75.54166,11.71565],[75.5422,11.71587],[75.54252,11.71678],[75.543,11.71644],[75.54335,11.7163],[75.54354,11.7166],[75.54391,11.71646],[75.54414,11.71702],[75.54437,11.71757],[75.54538,11.71772],[75.54601,11.71747],[75.54608,11.71687],[75.54695,11.71689],[75.54723,11.71588],[75.54747,11.7156],[75.54788,11.71542],[75.54819,11.71551],[75.54828,11.71578],[75.5483,11.7166],[75.5485,11.71707],[75.54919,11.71731],[75.55009,11.71732],[75.55086,11.71842],[75.55151,11.71921],[75.55196,11.71939],[75.55416,11.71939],[75.55471,11.71963],[75.5547,11.72029],[75.55551,11.72175],[75.55506,11.72365],[75.55509,11.72431],[75.55536,11.72491],[75.55551,11.72624],[75.55578,11.7277],[75.55331,11.72931],[75.55083,11.73084],[75.54759,11.73193],[75.54505,11.73267],[75.54473,11.73434],[75.54456,11.7346],[75.54329,11.73438],[75.54281,11.73606],[75.54238,11.73696],[75.54241,11.73725],[75.54276,11.73847],[75.54279,11.73942],[75.54306,11.74034],[75.54351,11.7416],[75.5434,11.74228],[75.54315,11.74285],[75.54331,11.74318],[75.54358,11.74352],[75.54391,11.74476],[75.54425,11.74589],[75.54454,11.74629],[75.54475,11.74726],[75.54488,11.74816],[75.54502,11.74941],[75.54513,11.75027],[75.54492,11.75125],[75.54428,11.75224],[75.5444,11.75298],[75.54457,11.75383],[75.545,11.7545],[75.54576,11.75529],[75.54619,11.75587],[75.54628,11.75606],[75.54624,11.75635],[75.54609,11.75662],[75.54596,11.75688],[75.54576,11.7571],[75.54529,11.75751],[75.54495,11.75787],[75.54468,11.75831],[75.54421,11.75888],[75.54363,11.75919],[75.54295,11.75935],[75.54199,11.75932],[75.54138,11.75941],[75.54071,11.75982],[75.53983,11.76047],[75.53925,11.76083],[75.53918,11.76056],[75.53905,11.76024],[75.53891,11.76006],[75.53869,11.76009],[75.53851,11.76022],[75.5384,11.76076],[75.53849,11.76136],[75.53842,11.76224],[75.53835,11.76255],[75.53822,11.76271]]]]},"properties":{"AC_NO":29,"AC_NAME":"Mahe","DIST_NAME":"MAHE"}},{"type":"Feature","id":2824,"geometry":{"type":"MultiPolygon","coordinates":[[[[79.70035,11.82166],[79.69256,11.82248],[79.69196,11.81417],[79.7026,11.81347],[79.70035,11.82166]]],[[[79.75751,11.81271],[79.75681,11.81359],[79.75129,11.81361],[79.7442,11.81392],[79.74512,11.81681],[79.74547,11.81835],[79.74546,11.81913],[79.74531,11.82114],[79.74483,11.82315],[79.74445,11.82419],[79.74376,11.8256],[79.74214,11.82748],[79.74219,11.83129],[79.7416,11.83251],[79.74077,11.83485],[79.73974,11.8362],[79.72947,11.83704],[79.72943,11.83697],[79.73061,11.83561],[79.73235,11.83345],[79.73226,11.83211],[79.73201,11.82948],[79.73188,11.82785],[79.73162,11.82515],[79.73164,11.82443],[79.73265,11.82429],[79.73283,11.8232],[79.73295,11.81952],[79.73292,11.81821],[79.734,11.81771],[79.7345,11.81738],[79.73468,11.81715],[79.73479,11.81685],[79.73479,11.81648],[79.73437,11.8152],[79.73429,11.8145],[79.73441,11.81384],[79.73459,11.81348],[79.73479,11.81325],[79.73534,11.81259],[79.73602,11.81213],[79.73588,11.81055],[79.7357,11.80934],[79.73389,11.80938],[79.73238,11.80939],[79.7298,11.80927],[79.72977,11.81008],[79.72777,11.81018],[79.72446,11.8104],[79.72428,11.80837],[79.72428,11.80724],[79.72435,11.80683],[79.72441,11.80666],[79.7249,11.80624],[79.72551,11.80585],[79.72533,11.80406],[79.72528,11.80293],[79.72318,11.80299],[79.72287,11.80209],[79.7227,11.80135],[79.72259,11.79981],[79.72266,11.7996],[79.72353,11.79905],[79.72279,11.79799],[79.7228,11.79649],[79.72156,11.79698],[79.72051,11.79721],[79.71899,11.79749],[79.71692,11.79749],[79.71688,11.79674],[79.71676,11.79643],[79.7157,11.79627],[79.71392,11.79626],[79.71364,11.79557],[79.71295,11.79347],[79.7124,11.79155],[79.71287,11.79087],[79.71401,11.7899],[79.71581,11.78833],[79.718,11.78646],[79.71983,11.78493],[79.72189,11.78685],[79.72336,11.78491],[79.72429,11.78376],[79.7249,11.7832],[79.72574,11.78271],[79.72691,11.78226],[79.72852,11.78184],[79.72929,11.78166],[79.73,11.78141],[79.73054,11.78103],[79.73132,11.78083],[79.73228,11.78075],[79.73332,11.78065],[79.7358,11.78061],[79.73811,11.78091],[79.73965,11.78097],[79.74061,11.78075],[79.74168,11.78032],[79.74431,11.77895],[79.74572,11.77823],[79.74659,11.7777],[79.74862,11.77675],[79.74971,11.77613],[79.75117,11.77562],[79.7526,11.77574],[79.75411,11.77551],[79.75503,11.77528],[79.75589,11.7754],[79.75665,11.77845],[79.75667,11.77973],[79.7572,11.78143],[79.75743,11.78298],[79.75753,11.78349],[79.75806,11.78355],[79.75833,11.78384],[79.75829,11.78499],[79.75927,11.78593],[79.75992,11.78707],[79.7609,11.78698],[79.76101,11.78818],[79.76095,11.78865],[79.76157,11.78938],[79.76193,11.79083],[79.76309,11.7906],[79.7635,11.79107],[79.76463,11.79113],[79.76477,11.79137],[79.76537,11.79137],[79.76584,11.79187],[79.76875,11.79077],[79.76879,11.78917],[79.7693,11.78893],[79.77059,11.78956],[79.77102,11.78818],[79.77064,11.78789],[79.77046,11.78756],[79.77031,11.78718],[79.77055,11.78648],[79.77055,11.78601],[79.77035,11.78543],[79.77006,11.78458],[79.77009,11.784],[79.77016,11.78347],[79.77048,11.78315],[79.7708,11.78309],[79.77078,11.78271],[79.77131,11.78237],[79.77187,11.78222],[79.77276,11.78237],[79.77374,11.78224],[79.77471,11.78195],[79.77492,11.7825],[79.77706,11.78172],[79.77861,11.78117],[79.78042,11.78115],[79.78118,11.78434],[79.78242,11.78453],[79.78301,11.78499],[79.78393,11.78632],[79.78437,11.78739],[79.78793,11.78668],[79.79238,11.78602],[79.79576,11.78554],[79.79597,11.78718],[79.79618,11.78837],[79.79649,11.79028],[79.79667,11.79188],[79.79685,11.79339],[79.79682,11.79373],[79.79709,11.79454],[79.79738,11.79604],[79.79755,11.79728],[79.79795,11.79899],[79.79831,11.80089],[79.79845,11.80205],[79.79868,11.80297],[79.79894,11.80383],[79.79907,11.80451],[79.7992,11.80489],[79.7992,11.80515],[79.79941,11.80589],[79.79949,11.80641],[79.79973,11.80742],[79.80012,11.80902],[79.80041,11.80995],[79.79838,11.81006],[79.7964,11.81022],[79.79416,11.81005],[79.79218,11.80977],[79.79093,11.80799],[79.7894,11.80803],[79.7883,11.80852],[79.78726,11.80944],[79.78426,11.80984],[79.78086,11.81038],[79.77539,11.81075],[79.7715,11.81226],[79.76883,11.81233],[79.76604,11.81228],[79.76195,11.81211],[79.75934,11.81207],[79.75751,11.81271]]]]},"properties":{"AC_NO":23,"AC_NAME":"Bahour","DIST_NAME":"PONDICHERRY"}},{"type":"Feature","id":2825,"geometry":{"type":"Polygon","coordinates":[[[79.74811,10.99638],[79.74837,10.99591],[79.74852,10.99573],[79.74855,10.99537],[79.74833,10.99477],[79.74801,10.99377],[79.74797,10.9927],[79.74818,10.99203],[79.74824,10.99146],[79.74836,10.99042],[79.74834,10.99012],[79.74814,10.98947],[79.74797,10.98902],[79.74766,10.98862],[79.74734,10.98843],[79.74729,10.98836],[79.74743,10.98821],[79.74754,10.98814],[79.74835,10.98833],[79.74862,10.98839],[79.74949,10.98855],[79.75065,10.98853],[79.75135,10.98828],[79.75184,10.98818],[79.75253,10.98807],[79.75287,10.98769],[79.75294,10.98678],[79.75284,10.98523],[79.75282,10.98293],[79.75501,10.98299],[79.75528,10.98308],[79.7556,10.98359],[79.7558,10.98391],[79.7564,10.98401],[79.75675,10.98386],[79.75703,10.9836],[79.75712,10.98351],[79.75806,10.98365],[79.75838,10.9836],[79.75849,10.98354],[79.75861,10.98307],[79.75851,10.98134],[79.75837,10.97986],[79.75563,10.97956],[79.75552,10.97803],[79.75466,10.97794],[79.75262,10.9778],[79.75277,10.97695],[79.75361,10.97703],[79.75408,10.97623],[79.75471,10.97523],[79.75488,10.97419],[79.75485,10.97359],[79.75458,10.97322],[79.75445,10.97273],[79.75448,10.9724],[79.75447,10.97211],[79.7547,10.97194],[79.75509,10.9721],[79.75563,10.97249],[79.75628,10.97282],[79.75666,10.97296],[79.75714,10.97254],[79.75745,10.97227],[79.75775,10.97216],[79.7582,10.97195],[79.75852,10.97189],[79.75897,10.97208],[79.75923,10.97226],[79.75937,10.97225],[79.7595,10.97198],[79.75979,10.9705],[79.76006,10.9693],[79.76028,10.9686],[79.7605,10.96815],[79.76103,10.96785],[79.76168,10.9676],[79.76242,10.96693],[79.76272,10.96659],[79.76221,10.96553],[79.76174,10.96636],[79.76167,10.96643],[79.76157,10.96593],[79.76162,10.96506],[79.76167,10.9648],[79.76211,10.96368],[79.76259,10.96277],[79.7627,10.96213],[79.764,10.96127],[79.76864,10.96332],[79.77096,10.96475],[79.77328,10.96504],[79.78295,10.96536],[79.78391,10.96153],[79.78517,10.95188],[79.79,10.95212],[79.79487,10.95021],[79.80208,10.94818],[79.80677,10.94615],[79.80729,10.94614],[79.80529,10.95014],[79.8114,10.95084],[79.8091,10.96015],[79.81054,10.9627],[79.82192,10.96286],[79.82691,10.96406],[79.83199,10.96382],[79.83456,10.9646],[79.83635,10.96513],[79.84018,10.96526],[79.84979,10.96499],[79.85426,10.96459],[79.85418,10.96599],[79.85414,10.96708],[79.85429,10.96885],[79.85419,10.97014],[79.85396,10.97155],[79.85406,10.97267],[79.85427,10.97503],[79.8542,10.97585],[79.85401,10.97667],[79.85397,10.97755],[79.85394,10.978],[79.85403,10.97885],[79.85412,10.97973],[79.85425,10.98134],[79.85436,10.98332],[79.85186,10.9839],[79.85183,10.98517],[79.85137,10.98592],[79.85089,10.98673],[79.85059,10.98744],[79.85058,10.98774],[79.85071,10.98832],[79.85079,10.98869],[79.85082,10.9889],[79.85059,10.98978],[79.85062,10.99031],[79.85121,10.99152],[79.85151,10.99199],[79.85168,10.99231],[79.85178,10.99248],[79.85181,10.99265],[79.85174,10.99314],[79.85145,10.99399],[79.85118,10.99434],[79.85111,10.99436],[79.85061,10.99446],[79.84851,10.99449],[79.84814,10.9945],[79.84773,10.99457],[79.84668,10.99533],[79.84624,10.99522],[79.84504,10.99497],[79.84337,10.99478],[79.84291,10.99483],[79.84275,10.99497],[79.84255,10.99562],[79.84234,10.99583],[79.83936,10.9959],[79.83958,10.99725],[79.83994,10.99854],[79.84006,10.99988],[79.8402,11.00212],[79.83944,11.00172],[79.83826,11.00159],[79.83767,11.0016],[79.83632,11.002],[79.83469,11.00241],[79.8332,11.00282],[79.83187,11.00288],[79.83028,11.00235],[79.82933,11.00219],[79.82891,11.00185],[79.82873,11.00148],[79.82836,11.00075],[79.82818,10.99993],[79.82833,10.99893],[79.82824,10.99858],[79.82812,10.99833],[79.82785,10.99819],[79.82607,10.99826],[79.82571,10.99837],[79.82531,10.99862],[79.8248,10.99916],[79.82419,10.99991],[79.82375,11.00041],[79.82337,11.00063],[79.82292,11.00082],[79.82232,11.00076],[79.82196,11.00044],[79.82174,10.99957],[79.82162,10.99891],[79.82146,10.99849],[79.82128,10.9983],[79.82104,10.99823],[79.8206,10.99821],[79.81982,10.99857],[79.81925,10.99919],[79.81804,11.0012],[79.81783,11.0015],[79.8175,11.00244],[79.81664,11.00356],[79.81577,11.00384],[79.81517,11.00377],[79.81405,11.00283],[79.81451,11.00195],[79.8148,11.0015],[79.8146,11.00093],[79.81424,11.00011],[79.81394,10.99979],[79.81375,10.99958],[79.81309,10.99921],[79.81242,10.99913],[79.81112,10.99941],[79.80988,10.99979],[79.80891,10.99992],[79.80807,10.99994],[79.80696,10.99949],[79.80641,10.99918],[79.80589,10.99904],[79.80489,10.9985],[79.8042,10.99769],[79.80358,10.9969],[79.80316,10.99607],[79.80305,10.9956],[79.80318,10.99526],[79.80338,10.99485],[79.80481,10.99411],[79.80562,10.99371],[79.80603,10.99332],[79.80619,10.99301],[79.80609,10.9927],[79.80589,10.99218],[79.80563,10.99194],[79.80545,10.99237],[79.80528,10.99275],[79.80503,10.99285],[79.80457,10.99277],[79.80393,10.99231],[79.80375,10.99216],[79.80373,10.99197],[79.80397,10.99167],[79.80431,10.99137],[79.80452,10.99121],[79.8046,10.99103],[79.80448,10.99062],[79.80426,10.99051],[79.80394,10.99052],[79.80381,10.9902],[79.80368,10.98945],[79.80357,10.98913],[79.8036,10.98909],[79.80412,10.98892],[79.80406,10.98738],[79.80404,10.98714],[79.80399,10.98702],[79.80387,10.98693],[79.80379,10.98695],[79.80365,10.98713],[79.8035,10.98767],[79.8033,10.98812],[79.8029,10.98848],[79.80239,10.98847],[79.802,10.98829],[79.80176,10.98814],[79.80133,10.98749],[79.8011,10.98715],[79.80079,10.98694],[79.80026,10.98675],[79.79982,10.98664],[79.79949,10.98648],[79.79916,10.9862],[79.799,10.98596],[79.79891,10.98562],[79.79894,10.98534],[79.79908,10.98488],[79.79939,10.9829],[79.79882,10.98291],[79.79771,10.98255],[79.79647,10.98289],[79.79615,10.98294],[79.79565,10.98303],[79.79461,10.983],[79.79421,10.98305],[79.79385,10.98315],[79.79306,10.98374],[79.79189,10.98447],[79.79154,10.98474],[79.79129,10.98553],[79.79119,10.98587],[79.79115,10.98595],[79.79076,10.98619],[79.79012,10.98669],[79.78993,10.98692],[79.7898,10.9871],[79.78966,10.98726],[79.78942,10.98735],[79.78857,10.9873],[79.7882,10.98753],[79.78847,10.9882],[79.788,10.98847],[79.78695,10.98916],[79.78633,10.98966],[79.78603,10.99007],[79.78597,10.99035],[79.78599,10.99062],[79.78607,10.99085],[79.78634,10.99088],[79.78722,10.99063],[79.78758,10.99061],[79.78816,10.9909],[79.78896,10.9913],[79.78898,10.99196],[79.78877,10.99256],[79.78845,10.99338],[79.78811,10.99412],[79.78708,10.99561],[79.78687,10.99608],[79.78689,10.99648],[79.78691,10.99677],[79.78674,10.9971],[79.78647,10.99729],[79.786,10.99743],[79.7855,10.99737],[79.78502,10.99732],[79.78448,10.99714],[79.78405,10.99693],[79.78348,10.99674],[79.78378,10.99608],[79.78389,10.99578],[79.78398,10.99548],[79.78399,10.99529],[79.78402,10.99507],[79.78394,10.99495],[79.78381,10.99488],[79.78351,10.99484],[79.78292,10.99518],[79.78212,10.99576],[79.78126,10.9962],[79.78024,10.99641],[79.77935,10.99667],[79.77887,10.99692],[79.77876,10.99703],[79.77899,10.99733],[79.77939,10.99785],[79.77985,10.99824],[79.77997,10.99848],[79.77979,10.99866],[79.77901,10.99872],[79.77853,10.99872],[79.7781,10.99857],[79.77738,10.99814],[79.77672,10.9977],[79.77626,10.99763],[79.77555,10.99757],[79.77422,10.99773],[79.77243,10.99805],[79.77195,10.99806],[79.77152,10.99778],[79.77099,10.99729],[79.77066,10.99723],[79.77002,10.9973],[79.76919,10.99748],[79.76878,10.99769],[79.76835,10.99798],[79.76775,10.99786],[79.76748,10.99776],[79.76704,10.99751],[79.76673,10.99741],[79.76661,10.99739],[79.76649,10.99793],[79.76588,10.9981],[79.76489,10.99835],[79.76486,10.99889],[79.76478,10.99903],[79.76406,10.99898],[79.76319,10.99916],[79.76284,11.0003],[79.7628,11.00079],[79.76274,11.00104],[79.76246,11.00129],[79.76207,11.00141],[79.76171,11.00121],[79.76132,11.00055],[79.76104,10.99992],[79.76062,10.99923],[79.76026,10.99906],[79.75999,10.99907],[79.75987,10.99932],[79.75989,11.00013],[79.75977,11.00056],[79.75941,11.00122],[79.75918,11.00149],[79.7588,11.00192],[79.75814,11.00229],[79.75767,11.00247],[79.75725,11.00246],[79.75707,11.00256],[79.75698,11.00278],[79.75674,11.00348],[79.75627,11.00379],[79.75575,11.00379],[79.75526,11.00368],[79.75485,11.00342],[79.75445,11.00273],[79.7543,11.00262],[79.75404,11.00263],[79.75357,11.00292],[79.75297,11.0031],[79.7524,11.00312],[79.75166,11.0029],[79.75081,11.00284],[79.75002,11.0029],[79.74951,11.00301],[79.74863,11.00324],[79.74826,11.00317],[79.74774,11.00309],[79.74711,11.00298],[79.74672,11.00263],[79.7469,11.00205],[79.74739,11.00148],[79.74851,10.99795],[79.7482,10.99758],[79.74805,10.99648],[79.74811,10.99638]]]},"properties":{"AC_NO":24,"AC_NAME":"Nedungadu (SC)","DIST_NAME":"KARAIKAL"}},{"type":"Feature","id":2826,"geometry":{"type":"Polygon","coordinates":[[[79.85426,10.96459],[79.84979,10.96499],[79.84018,10.96526],[79.83635,10.96513],[79.83456,10.9646],[79.83199,10.96382],[79.82691,10.96406],[79.82192,10.96286],[79.81054,10.9627],[79.8091,10.96015],[79.8114,10.95084],[79.80529,10.95014],[79.80729,10.94614],[79.80778,10.94506],[79.80822,10.94382],[79.80872,10.94226],[79.80916,10.94107],[79.80945,10.93972],[79.80952,10.93852],[79.81181,10.93704],[79.81464,10.93807],[79.81648,10.93673],[79.8168,10.9365],[79.81712,10.93603],[79.8185,10.93379],[79.81902,10.93344],[79.82104,10.93113],[79.82225,10.92989],[79.82305,10.92905],[79.82539,10.92889],[79.82726,10.92796],[79.83017,10.92546],[79.85259,10.92338],[79.85252,10.92387],[79.85268,10.92502],[79.85278,10.92576],[79.8528,10.92667],[79.85267,10.92785],[79.85286,10.93031],[79.85301,10.93273],[79.85321,10.93735],[79.8532,10.93984],[79.85337,10.94305],[79.85333,10.94573],[79.85336,10.94853],[79.85347,10.94964],[79.8535,10.95109],[79.8534,10.95265],[79.85345,10.95555],[79.85341,10.95817],[79.85359,10.96002],[79.85356,10.96119],[79.85358,10.96246],[79.85359,10.9629],[79.85428,10.96423],[79.85426,10.96459]]]},"properties":{"AC_NO":26,"AC_NAME":"Karaikal North","DIST_NAME":"KARAIKAL"}},{"type":"Feature","id":2827,"geometry":{"type":"MultiPolygon","coordinates":[[[[79.73971,10.92015],[79.73971,10.92074],[79.73947,10.92102],[79.73945,10.92138],[79.7391,10.92131],[79.73926,10.92068],[79.73881,10.92053],[79.73883,10.92013],[79.73971,10.92015]]],[[[79.7223,10.93736],[79.72223,10.93827],[79.72162,10.93831],[79.72154,10.93714],[79.72026,10.9372],[79.72018,10.93612],[79.72156,10.93599],[79.72162,10.93504],[79.72201,10.93513],[79.722,10.93606],[79.7226,10.93612],[79.72262,10.93712],[79.7223,10.93736]]],[[[79.7309,10.9705],[79.73034,10.97049],[79.72982,10.96944],[79.72684,10.96915],[79.72602,10.96938],[79.72575,10.96885],[79.72468,10.96886],[79.72484,10.96964],[79.72382,10.96967],[79.72342,10.96859],[79.72314,10.96906],[79.7224,10.96906],[79.72185,10.96819],[79.72136,10.96822],[79.72153,10.96909],[79.72086,10.96916],[79.72054,10.96841],[79.71923,10.96847],[79.71922,10.96786],[79.71948,10.967],[79.72032,10.96634],[79.72064,10.96594],[79.72065,10.96442],[79.72047,10.96295],[79.72034,10.96226],[79.72044,10.96155],[79.72013,10.96043],[79.71992,10.95804],[79.71889,10.95703],[79.71921,10.95622],[79.7187,10.95599],[79.71931,10.95502],[79.71947,10.95452],[79.71972,10.95451],[79.71953,10.95668],[79.72079,10.95665],[79.72077,10.95618],[79.72033,10.95617],[79.72042,10.95561],[79.7212,10.95557],[79.7212,10.95361],[79.71958,10.95363],[79.71957,10.95311],[79.71977,10.95225],[79.72059,10.95172],[79.72071,10.95219],[79.72111,10.95212],[79.72122,10.95135],[79.72191,10.95217],[79.72225,10.95136],[79.72351,10.95142],[79.72363,10.95185],[79.72419,10.95168],[79.72437,10.95147],[79.72443,10.95105],[79.72491,10.95105],[79.72493,10.95148],[79.72539,10.95129],[79.72558,10.95165],[79.72632,10.95124],[79.72662,10.95175],[79.72712,10.9517],[79.72721,10.95117],[79.72841,10.95116],[79.72933,10.95158],[79.72961,10.95145],[79.72927,10.95089],[79.72962,10.95067],[79.73014,10.95138],[79.73101,10.95115],[79.73163,10.9516],[79.73236,10.95122],[79.7325,10.95238],[79.73231,10.9548],[79.73241,10.9554],[79.73342,10.955],[79.73368,10.95591],[79.73313,10.956],[79.73315,10.95679],[79.73452,10.95689],[79.7345,10.95755],[79.73652,10.9572],[79.73628,10.95288],[79.73728,10.95246],[79.73669,10.95076],[79.7366,10.95024],[79.73662,10.9497],[79.73687,10.94898],[79.73135,10.94749],[79.73133,10.94671],[79.73048,10.94594],[79.73062,10.94433],[79.72962,10.94426],[79.72913,10.94366],[79.7278,10.94395],[79.72708,10.94389],[79.7265,10.94366],[79.7259,10.94338],[79.72518,10.94308],[79.72464,10.94244],[79.72434,10.94172],[79.72399,10.94189],[79.72381,10.94131],[79.72438,10.94108],[79.7243,10.94075],[79.72458,10.94057],[79.72506,10.9411],[79.7251,10.9405],[79.72463,10.93976],[79.72512,10.93927],[79.72495,10.93831],[79.72596,10.93877],[79.72709,10.93784],[79.72696,10.93729],[79.72464,10.9371],[79.72422,10.93624],[79.72303,10.93611],[79.72302,10.93495],[79.72388,10.93497],[79.72388,10.93551],[79.72451,10.93554],[79.72472,10.93619],[79.72535,10.93619],[79.72521,10.93554],[79.72649,10.93546],[79.72658,10.93628],[79.72908,10.93642],[79.72923,10.93404],[79.72765,10.93408],[79.72742,10.93508],[79.72676,10.93511],[79.72624,10.93418],[79.72546,10.93414],[79.72527,10.93221],[79.72461,10.93199],[79.72478,10.93049],[79.72449,10.92998],[79.72476,10.92903],[79.72542,10.92906],[79.72698,10.92846],[79.72742,10.92844],[79.72779,10.92856],[79.72881,10.92868],[79.72913,10.92849],[79.72932,10.92813],[79.73,10.92844],[79.7296,10.92754],[79.73012,10.92727],[79.73067,10.92836],[79.73124,10.9282],[79.73107,10.92749],[79.73139,10.92753],[79.73177,10.92759],[79.73221,10.92782],[79.7326,10.92813],[79.73282,10.92831],[79.73384,10.92808],[79.73443,10.92751],[79.73554,10.9275],[79.73533,10.92658],[79.73503,10.92602],[79.73502,10.92585],[79.73524,10.92473],[79.7381,10.92478],[79.73726,10.92566],[79.73808,10.92626],[79.7391,10.92634],[79.73912,10.92516],[79.73839,10.92404],[79.73837,10.92332],[79.73909,10.92332],[79.73909,10.92375],[79.73937,10.92382],[79.73928,10.92463],[79.73989,10.92481],[79.74131,10.92491],[79.74192,10.92486],[79.74256,10.92462],[79.74288,10.92435],[79.74304,10.92283],[79.74342,10.91911],[79.74203,10.9189],[79.74166,10.91801],[79.74238,10.91763],[79.74304,10.91755],[79.74353,10.91875],[79.74439,10.91884],[79.74459,10.91936],[79.74527,10.91934],[79.74507,10.91894],[79.74484,10.91866],[79.74468,10.91802],[79.74482,10.9168],[79.74478,10.91608],[79.74326,10.91606],[79.74304,10.91474],[79.74493,10.91458],[79.74589,10.9145],[79.74739,10.91417],[79.7485,10.91409],[79.74864,10.91411],[79.74946,10.91433],[79.74995,10.91441],[79.75188,10.91425],[79.75369,10.9141],[79.75409,10.91576],[79.75419,10.91617],[79.75432,10.91628],[79.75529,10.91637],[79.75631,10.91642],[79.75683,10.91636],[79.75727,10.91638],[79.75819,10.91666],[79.75889,10.91667],[79.75968,10.91622],[79.76022,10.91559],[79.76053,10.91538],[79.76111,10.9151],[79.76188,10.91473],[79.76235,10.91444],[79.76294,10.91367],[79.76296,10.91359],[79.76298,10.91351],[79.76298,10.91346],[79.76289,10.91336],[79.76282,10.91328],[79.76271,10.91323],[79.76237,10.91317],[79.76158,10.91287],[79.76148,10.91281],[79.76173,10.91257],[79.76381,10.91095],[79.76397,10.91227],[79.76486,10.91135],[79.76462,10.91041],[79.76719,10.90969],[79.76829,10.90992],[79.76914,10.9091],[79.77415,10.90788],[79.77561,10.9091],[79.77593,10.90827],[79.77544,10.90644],[79.77688,10.90545],[79.77916,10.90533],[79.77917,10.90609],[79.77805,10.90633],[79.77823,10.90693],[79.77699,10.90718],[79.77734,10.90901],[79.77928,10.90901],[79.77983,10.90888],[79.78003,10.90874],[79.78022,10.90843],[79.78045,10.90772],[79.78089,10.90704],[79.78152,10.90644],[79.78174,10.90636],[79.78204,10.90631],[79.78338,10.90659],[79.78506,10.90703],[79.78581,10.90734],[79.78642,10.90773],[79.78704,10.90804],[79.78798,10.90839],[79.78888,10.9085],[79.78924,10.9085],[79.78969,10.90839],[79.79036,10.90811],[79.79095,10.90769],[79.79177,10.9071],[79.79233,10.90637],[79.79268,10.90576],[79.79338,10.90471],[79.79532,10.9028],[79.79525,10.90273],[79.79628,10.90199],[79.80173,10.9046],[79.80282,10.90972],[79.80658,10.91083],[79.8064,10.91261],[79.80368,10.91212],[79.80374,10.91947],[79.80609,10.91991],[79.80605,10.92206],[79.80695,10.92378],[79.80747,10.9268],[79.80643,10.92718],[79.80562,10.92774],[79.80486,10.92846],[79.80462,10.92926],[79.80697,10.92935],[79.80738,10.93053],[79.80816,10.93222],[79.81009,10.93264],[79.8101,10.93475],[79.80848,10.93442],[79.80821,10.93453],[79.80692,10.93603],[79.80695,10.93749],[79.80917,10.93695],[79.81181,10.93704],[79.80952,10.93852],[79.80945,10.93972],[79.80916,10.94107],[79.80872,10.94226],[79.80822,10.94382],[79.80778,10.94506],[79.80729,10.94614],[79.80677,10.94615],[79.80208,10.94818],[79.79487,10.95021],[79.79,10.95212],[79.78517,10.95188],[79.78391,10.96153],[79.78295,10.96536],[79.77328,10.96504],[79.77096,10.96475],[79.76864,10.96332],[79.764,10.96127],[79.7627,10.96213],[79.76277,10.96171],[79.76279,10.96134],[79.76302,10.96106],[79.76328,10.96081],[79.7638,10.9605],[79.76396,10.9603],[79.76396,10.9601],[79.76388,10.95982],[79.76371,10.95971],[79.76354,10.95961],[79.76309,10.95975],[79.76267,10.96008],[79.76238,10.96025],[79.76185,10.96022],[79.76157,10.96001],[79.76117,10.95978],[79.76079,10.95978],[79.76045,10.95981],[79.75995,10.9601],[79.75959,10.96044],[79.75924,10.9607],[79.75879,10.96065],[79.75843,10.96031],[79.75812,10.95992],[79.75757,10.95993],[79.75712,10.95991],[79.75681,10.95985],[79.75651,10.95929],[79.75633,10.95889],[79.75613,10.95867],[79.75568,10.95846],[79.7554,10.95847],[79.75465,10.9587],[79.75397,10.95892],[79.75346,10.95888],[79.75315,10.95876],[79.75267,10.95832],[79.75239,10.9581],[79.75176,10.95792],[79.75109,10.95798],[79.75045,10.95819],[79.74964,10.95847],[79.7493,10.95852],[79.74904,10.95829],[79.74864,10.95793],[79.74825,10.95771],[79.74736,10.95763],[79.74664,10.95734],[79.74634,10.95695],[79.7463,10.95632],[79.74504,10.95665],[79.7452,10.96275],[79.74601,10.96285],[79.74581,10.96437],[79.74616,10.96505],[79.74463,10.96616],[79.74398,10.96594],[79.74337,10.96606],[79.74297,10.96655],[79.74233,10.96588],[79.74159,10.96652],[79.74027,10.96538],[79.74015,10.96452],[79.73912,10.9646],[79.73918,10.96559],[79.73881,10.96567],[79.73883,10.96697],[79.73844,10.9674],[79.73752,10.96777],[79.73686,10.96782],[79.73598,10.9676],[79.73486,10.96741],[79.73424,10.96794],[79.73485,10.96839],[79.73493,10.96941],[79.73294,10.96919],[79.73224,10.96988],[79.7322,10.96937],[79.73159,10.96931],[79.73132,10.96999],[79.73086,10.96996],[79.7309,10.9705]]]]},"properties":{"AC_NO":25,"AC_NAME":"Thirunallar","DIST_NAME":"KARAIKAL"}},{"type":"Feature","id":2828,"geometry":{"type":"Polygon","coordinates":[[[79.85259,10.92338],[79.83017,10.92546],[79.82726,10.92796],[79.82539,10.92889],[79.82305,10.92905],[79.82225,10.92989],[79.82104,10.93113],[79.81902,10.93344],[79.8185,10.93379],[79.81712,10.93603],[79.8168,10.9365],[79.81648,10.93673],[79.81464,10.93807],[79.81181,10.93704],[79.80917,10.93695],[79.80695,10.93749],[79.80692,10.93603],[79.80821,10.93453],[79.80848,10.93442],[79.8101,10.93475],[79.81009,10.93264],[79.80816,10.93222],[79.80738,10.93053],[79.80697,10.92935],[79.80462,10.92926],[79.80486,10.92846],[79.80562,10.92774],[79.80643,10.92718],[79.80747,10.9268],[79.80695,10.92378],[79.80605,10.92206],[79.80609,10.91991],[79.80374,10.91947],[79.80368,10.91212],[79.8064,10.91261],[79.80658,10.91083],[79.80684,10.90805],[79.80542,10.90697],[79.80569,10.90329],[79.80362,10.90252],[79.80227,10.9006],[79.80253,10.89755],[79.8043,10.89695],[79.80573,10.9005],[79.80795,10.90153],[79.8099,10.90066],[79.81068,10.90034],[79.81381,10.89983],[79.82152,10.90369],[79.82541,10.90272],[79.83035,10.90214],[79.83087,10.90496],[79.83433,10.9081],[79.83634,10.90654],[79.83747,10.90693],[79.8402,10.908],[79.84247,10.90822],[79.84453,10.91003],[79.84533,10.9137],[79.84635,10.91493],[79.84786,10.91533],[79.85318,10.9152],[79.85319,10.91573],[79.85322,10.91688],[79.85302,10.91902],[79.85292,10.92105],[79.85259,10.92338]]]},"properties":{"AC_NO":27,"AC_NAME":"Karaikal South","DIST_NAME":"KARAIKAL"}},{"type":"Feature","id":2829,"geometry":{"type":"MultiPolygon","coordinates":[[[[79.80953,10.87805],[79.80995,10.87843],[79.81019,10.8796],[79.80968,10.88048],[79.8091,10.88067],[79.80735,10.8807],[79.80674,10.88042],[79.80597,10.8797],[79.80587,10.87912],[79.80687,10.87767],[79.80729,10.87756],[79.80953,10.87805]]],[[[79.76269,10.90907],[79.76364,10.90954],[79.76381,10.91095],[79.76173,10.91257],[79.76148,10.91281],[79.76089,10.91245],[79.75997,10.91146],[79.7594,10.91067],[79.75844,10.9096],[79.75808,10.90917],[79.75782,10.90864],[79.75749,10.90792],[79.75743,10.90694],[79.75748,10.90628],[79.75764,10.90559],[79.75814,10.90506],[79.75852,10.90456],[79.75906,10.90357],[79.75914,10.90339],[79.75941,10.90192],[79.75919,10.90099],[79.75863,10.90106],[79.75866,10.90132],[79.75831,10.90133],[79.75835,10.90179],[79.75781,10.90197],[79.75753,10.89875],[79.75729,10.89784],[79.75695,10.89653],[79.75749,10.8964],[79.75792,10.89843],[79.75894,10.89836],[79.75953,10.89839],[79.75975,10.8986],[79.75988,10.89898],[79.75986,10.89959],[79.76013,10.89969],[79.76024,10.89968],[79.76021,10.90054],[79.76064,10.90046],[79.76073,10.89978],[79.76115,10.8998],[79.76136,10.89986],[79.76149,10.89986],[79.76157,10.89964],[79.76128,10.89941],[79.76086,10.89931],[79.76089,10.89902],[79.76122,10.89903],[79.76167,10.89931],[79.76226,10.90009],[79.76243,10.90049],[79.76113,10.90061],[79.76087,10.90072],[79.76081,10.90101],[79.76128,10.90181],[79.76165,10.90179],[79.76182,10.90161],[79.76194,10.90099],[79.76224,10.90074],[79.76297,10.90059],[79.76331,10.90036],[79.7635,10.89985],[79.76349,10.8998],[79.76285,10.89965],[79.76271,10.89927],[79.76221,10.89927],[79.7623,10.89805],[79.76143,10.89813],[79.76081,10.89808],[79.76028,10.89782],[79.75995,10.89763],[79.75988,10.89732],[79.75987,10.8971],[79.75977,10.89685],[79.75952,10.89672],[79.75925,10.89698],[79.759,10.8969],[79.75859,10.89727],[79.75837,10.89687],[79.75876,10.89625],[79.75881,10.89605],[79.7587,10.89587],[79.75856,10.89583],[79.75792,10.89586],[79.75778,10.89553],[79.75773,10.89484],[79.7572,10.89468],[79.75733,10.89553],[79.75578,10.89466],[79.7558,10.89388],[79.75609,10.89371],[79.75636,10.89349],[79.75667,10.89314],[79.75674,10.89273],[79.75634,10.8921],[79.75621,10.89182],[79.75779,10.89154],[79.75828,10.8928],[79.75992,10.89268],[79.76097,10.89266],[79.76197,10.8927],[79.76251,10.89257],[79.76303,10.89224],[79.76345,10.89207],[79.76383,10.89202],[79.76421,10.89206],[79.76442,10.89217],[79.76448,10.89235],[79.76443,10.89249],[79.76396,10.89262],[79.76416,10.89278],[79.76593,10.89285],[79.76715,10.89275],[79.76752,10.89261],[79.76786,10.89253],[79.76777,10.89361],[79.76717,10.89367],[79.76694,10.89374],[79.76684,10.8941],[79.76654,10.89431],[79.76521,10.89443],[79.76507,10.89634],[79.77236,10.89661],[79.77401,10.89645],[79.77504,10.89658],[79.77692,10.89662],[79.77693,10.89822],[79.77693,10.89841],[79.77662,10.90547],[79.77688,10.90545],[79.77544,10.90644],[79.77593,10.90827],[79.77561,10.9091],[79.77415,10.90788],[79.76914,10.9091],[79.76829,10.90992],[79.76719,10.90969],[79.76462,10.91041],[79.76501,10.90897],[79.76397,10.90736],[79.76379,10.90664],[79.76382,10.906],[79.7644,10.90592],[79.7644,10.90546],[79.76595,10.90537],[79.76588,10.90436],[79.76629,10.90348],[79.76701,10.90395],[79.76732,10.90338],[79.76701,10.90306],[79.76712,10.90274],[79.76752,10.90285],[79.7678,10.90183],[79.767,10.90162],[79.76593,10.90101],[79.76553,10.90174],[79.76462,10.90183],[79.76434,10.90151],[79.7639,10.90151],[79.76389,10.90215],[79.76526,10.90225],[79.76516,10.90359],[79.76417,10.90353],[79.76408,10.90265],[79.76353,10.90265],[79.76343,10.90164],[79.7621,10.9016],[79.76221,10.90347],[79.7628,10.90348],[79.76278,10.90391],[79.76499,10.90421],[79.76497,10.90466],[79.7636,10.90471],[79.76362,10.90519],[79.76319,10.90525],[79.76294,10.90687],[79.76239,10.90629],[79.76269,10.90907]],[[79.75808,10.89987],[79.75808,10.90058],[79.75855,10.90055],[79.75855,10.89986],[79.75808,10.89987]],[[79.7671,10.90125],[79.76753,10.90138],[79.76821,10.90165],[79.769,10.90182],[79.76886,10.90102],[79.76922,10.90096],[79.7694,10.90157],[79.77035,10.90145],[79.77019,10.9008],[79.76946,10.90081],[79.76927,10.90003],[79.76788,10.90023],[79.76686,10.90026],[79.76684,10.90004],[79.76781,10.89991],[79.76774,10.89877],[79.76655,10.89871],[79.76648,10.89942],[79.76598,10.89953],[79.76607,10.90067],[79.7668,10.90065],[79.7671,10.90125]],[[79.77061,10.90086],[79.77067,10.90099],[79.77095,10.90105],[79.77119,10.90104],[79.77141,10.90079],[79.77147,10.9004],[79.77145,10.90008],[79.77135,10.89999],[79.77114,10.89996],[79.77104,10.90018],[79.77087,10.90048],[79.77074,10.90064],[79.77061,10.90086]],[[79.77081,10.89883],[79.77097,10.89925],[79.77158,10.89905],[79.77144,10.89858],[79.77081,10.89883]],[[79.77026,10.90276],[79.7705,10.90244],[79.77045,10.90226],[79.77023,10.90223],[79.76974,10.90246],[79.76969,10.90259],[79.76971,10.90276],[79.76999,10.90288],[79.77026,10.90276]],[[79.7692,10.90348],[79.76859,10.90347],[79.76858,10.90375],[79.7692,10.90381],[79.7692,10.90348]]],[[[79.85271,10.91049],[79.85279,10.91178],[79.85245,10.9118],[79.85249,10.9123],[79.85241,10.91385],[79.85304,10.9144],[79.85317,10.91481],[79.85318,10.9152],[79.84786,10.91533],[79.84635,10.91493],[79.84533,10.9137],[79.84453,10.91003],[79.84247,10.90822],[79.8402,10.908],[79.83747,10.90693],[79.83634,10.90654],[79.83433,10.9081],[79.83087,10.90496],[79.83035,10.90214],[79.82541,10.90272],[79.82152,10.90369],[79.81381,10.89983],[79.81068,10.90034],[79.8099,10.90066],[79.80795,10.90153],[79.80573,10.9005],[79.8043,10.89695],[79.80253,10.89755],[79.80227,10.9006],[79.80362,10.90252],[79.80569,10.90329],[79.80542,10.90697],[79.80684,10.90805],[79.80658,10.91083],[79.80282,10.90972],[79.80173,10.9046],[79.79628,10.90199],[79.79525,10.90273],[79.79462,10.90218],[79.79366,10.90298],[79.79248,10.90403],[79.79183,10.9045],[79.79128,10.9049],[79.79124,10.9046],[79.79118,10.9042],[79.79115,10.90308],[79.79153,10.90142],[79.79192,10.9003],[79.79224,10.89998],[79.79382,10.89894],[79.79378,10.89876],[79.79353,10.89868],[79.79293,10.89874],[79.79236,10.89846],[79.79206,10.89783],[79.79186,10.89715],[79.79129,10.89618],[79.79118,10.89602],[79.791,10.89614],[79.79045,10.89664],[79.7901,10.89682],[79.78944,10.8968],[79.78904,10.89658],[79.78868,10.89617],[79.78839,10.89577],[79.78814,10.89569],[79.78776,10.89557],[79.78458,10.89564],[79.78289,10.89549],[79.78248,10.89538],[79.78236,10.8952],[79.78219,10.89484],[79.78226,10.89425],[79.78233,10.89301],[79.78223,10.89215],[79.78211,10.89119],[79.78203,10.89049],[79.78212,10.89032],[79.78269,10.88985],[79.78309,10.88952],[79.78341,10.88901],[79.78358,10.88854],[79.78374,10.88847],[79.78413,10.88852],[79.78426,10.88864],[79.78446,10.8892],[79.78529,10.88881],[79.78549,10.88873],[79.78614,10.88926],[79.78638,10.88925],[79.78686,10.88973],[79.78698,10.88982],[79.78874,10.88983],[79.78899,10.88993],[79.78911,10.89023],[79.78953,10.89031],[79.78988,10.8904],[79.78997,10.89052],[79.7901,10.89137],[79.78988,10.89382],[79.7899,10.8943],[79.79005,10.89471],[79.79027,10.89494],[79.79061,10.89489],[79.79121,10.8944],[79.7923,10.89393],[79.79273,10.89368],[79.79316,10.89302],[79.79356,10.89155],[79.79368,10.89127],[79.7952,10.89091],[79.79563,10.88965],[79.79541,10.88936],[79.79466,10.88813],[79.79462,10.88797],[79.79457,10.8878],[79.79461,10.8876],[79.79601,10.88791],[79.7972,10.88793],[79.79768,10.88796],[79.79813,10.88786],[79.79857,10.88754],[79.79893,10.88722],[79.79971,10.88741],[79.79984,10.88748],[79.79987,10.88899],[79.80068,10.88919],[79.80086,10.88935],[79.801,10.89015],[79.80191,10.89024],[79.80212,10.89068],[79.80365,10.89068],[79.80425,10.89112],[79.80493,10.89059],[79.80542,10.88996],[79.80575,10.88923],[79.80599,10.88794],[79.80703,10.88756],[79.80782,10.88735],[79.80875,10.88741],[79.81068,10.88833],[79.81127,10.8885],[79.81176,10.88841],[79.81275,10.88777],[79.81372,10.88725],[79.81444,10.88688],[79.81521,10.8868],[79.81665,10.88685],[79.81756,10.88682],[79.81862,10.88651],[79.82015,10.88587],[79.82176,10.88494],[79.82319,10.88433],[79.82395,10.88424],[79.82525,10.88453],[79.82622,10.88484],[79.82706,10.88475],[79.82761,10.88454],[79.8285,10.88385],[79.82873,10.88353],[79.82882,10.88294],[79.82847,10.88215],[79.82798,10.88177],[79.82736,10.88153],[79.82536,10.88146],[79.82503,10.88107],[79.82476,10.88055],[79.82458,10.88045],[79.82446,10.88062],[79.8237,10.88112],[79.82348,10.8809],[79.8233,10.88059],[79.82306,10.8804],[79.82274,10.8803],[79.82199,10.88103],[79.82093,10.88142],[79.82037,10.88062],[79.8202,10.8803],[79.81994,10.88016],[79.81923,10.88002],[79.81813,10.88051],[79.81763,10.8806],[79.81694,10.88069],[79.81636,10.8805],[79.8157,10.88031],[79.81413,10.88044],[79.81343,10.88049],[79.81272,10.88025],[79.812,10.8803],[79.81122,10.8804],[79.81102,10.87995],[79.81093,10.87914],[79.81072,10.87794],[79.81102,10.87564],[79.81323,10.87567],[79.81323,10.87538],[79.81471,10.87526],[79.81584,10.87498],[79.81667,10.87449],[79.81683,10.87437],[79.82026,10.87438],[79.82198,10.8744],[79.82233,10.8743],[79.82249,10.87309],[79.82248,10.87255],[79.82264,10.87177],[79.82286,10.87125],[79.82324,10.87011],[79.82355,10.8695],[79.82456,10.86932],[79.82472,10.8691],[79.82482,10.86489],[79.8241,10.86462],[79.82313,10.8643],[79.8227,10.86421],[79.82123,10.8642],[79.81969,10.86399],[79.8194,10.86387],[79.81916,10.86363],[79.81884,10.86349],[79.81817,10.86354],[79.81789,10.86351],[79.81712,10.86294],[79.8158,10.86187],[79.81347,10.86063],[79.81162,10.85972],[79.81079,10.8616],[79.81054,10.86238],[79.80984,10.86306],[79.80949,10.86399],[79.80951,10.86496],[79.80957,10.86573],[79.809,10.86588],[79.80851,10.86591],[79.8084,10.86568],[79.80841,10.86556],[79.80741,10.86551],[79.80728,10.86136],[79.80722,10.86009],[79.80723,10.85989],[79.80742,10.85969],[79.80746,10.85909],[79.80777,10.85866],[79.8081,10.85753],[79.80809,10.85674],[79.80805,10.85638],[79.80782,10.85608],[79.80785,10.85568],[79.80802,10.85531],[79.8082,10.85509],[79.80896,10.85442],[79.80937,10.85398],[79.81,10.853],[79.8104,10.85267],[79.81169,10.85214],[79.81217,10.8516],[79.8124,10.8511],[79.81288,10.8506],[79.81368,10.85002],[79.81512,10.8501],[79.81556,10.85006],[79.81651,10.84966],[79.81659,10.84957],[79.81706,10.84961],[79.81753,10.84977],[79.81935,10.8492],[79.81917,10.84744],[79.81955,10.84708],[79.82056,10.84603],[79.821,10.84562],[79.82162,10.84571],[79.82217,10.8458],[79.82363,10.8466],[79.82387,10.84683],[79.82438,10.84699],[79.82518,10.847],[79.82614,10.84816],[79.82696,10.84833],[79.82703,10.8491],[79.82801,10.84974],[79.82843,10.84643],[79.82884,10.84507],[79.82937,10.84249],[79.83019,10.83836],[79.82928,10.83821],[79.8294,10.83733],[79.82999,10.83733],[79.82968,10.83571],[79.83017,10.83233],[79.83062,10.82943],[79.83098,10.82744],[79.8351,10.8278],[79.83879,10.82774],[79.84129,10.82801],[79.8507,10.8279],[79.85075,10.8282],[79.85079,10.82842],[79.85089,10.82905],[79.85155,10.82882],[79.85171,10.82925],[79.85228,10.83085],[79.8527,10.83339],[79.85284,10.83606],[79.85239,10.83945],[79.85236,10.8403],[79.85232,10.84139],[79.85252,10.84358],[79.85287,10.84565],[79.85208,10.84606],[79.85089,10.84581],[79.85085,10.84639],[79.85078,10.84697],[79.85186,10.84696],[79.85208,10.84696],[79.85265,10.84709],[79.85308,10.8479],[79.85322,10.84969],[79.85328,10.85216],[79.85305,10.85723],[79.85267,10.86034],[79.85245,10.8614],[79.85259,10.86407],[79.85249,10.86524],[79.85236,10.8668],[79.85264,10.8686],[79.85256,10.8694],[79.8527,10.87127],[79.85291,10.87427],[79.85347,10.87721],[79.85318,10.87874],[79.85281,10.88073],[79.85281,10.88187],[79.85308,10.8852],[79.85293,10.88607],[79.85243,10.8862],[79.85171,10.88586],[79.85103,10.88454],[79.85092,10.88558],[79.85109,10.88581],[79.85183,10.88674],[79.85231,10.88765],[79.8523,10.88837],[79.85188,10.89028],[79.85168,10.89126],[79.85178,10.89273],[79.85172,10.8951],[79.85238,10.89736],[79.8526,10.89829],[79.85273,10.89969],[79.85264,10.90095],[79.8528,10.90337],[79.85276,10.9065],[79.85271,10.91049]]]]},"properties":{"AC_NO":28,"AC_NAME":"Neravy- T.R. Pattin","DIST_NAME":"KARAIKAL"}}]}